/home/ubuntu/miniconda3/envs/lzz-agent/lib/python3.11/site-packages/langchain/__init__.py:29: UserWarning: Importing Wikipedia from langchain root module is no longer supported. Please use langchain.docstore.Wikipedia instead.
  warnings.warn(
/home/ubuntu/miniconda3/envs/lzz-agent/lib/python3.11/site-packages/langchain_core/_api/deprecation.py:119: LangChainDeprecationWarning: The class `DocstoreExplorer` was deprecated in LangChain 0.1.0 and will be removed in 0.3.0
  warn_deprecated(
==============current step===========

==============current step===========

==============current step===========

Finished Trial 1, Correct: 0, Incorrect: 0, Halted: 1

=== sample 0 id=crt-586 start ===
=== sample 0 returncode=0 end ===
/home/ubuntu/miniconda3/envs/lzz-agent/lib/python3.11/site-packages/langchain/__init__.py:29: UserWarning: Importing Wikipedia from langchain root module is no longer supported. Please use langchain.docstore.Wikipedia instead.
  warnings.warn(
/home/ubuntu/miniconda3/envs/lzz-agent/lib/python3.11/site-packages/langchain_core/_api/deprecation.py:119: LangChainDeprecationWarning: The class `DocstoreExplorer` was deprecated in LangChain 0.1.0 and will be removed in 0.3.0
  warn_deprecated(
==============current step===========
Thought 1: I need to find the highest and lowest values in the "value" column of the table to calculate their difference.  
Action 1: Retrieve[Retrieve the "value" column.]  
Observation 1: | value |
| 2.000 ₲ |
| 5.000 ₲ |
| 10.000 ₲ |
| 20.000 ₲ |
| 50.000 ₲ |
| 100.000 ₲ |

==============current step===========
Thought 1: I need to find the highest and lowest values in the "value" column of the table to calculate their difference.  
Action 1: Retrieve[Retrieve the "value" column.]  
Observation 1: | value |
| 2.000 ₲ |
| 5.000 ₲ |
| 10.000 ₲ |
| 20.000 ₲ |
| 50.000 ₲ |
| 100.000 ₲ |
Thought 2: Identify the highest value (100.000 ₲) and lowest value (2.000 ₲) from the retrieved values. Calculate their difference.  
Action 2: Calculate[Subtract 2.000 from 100.000.]  
Observation 2: 98.000  

==============current step===========
Thought 1: I need to find the highest and lowest values in the "value" column of the table to calculate their difference.  
Action 1: Retrieve[Retrieve the "value" column.]  
Observation 1: | value |
| 2.000 ₲ |
| 5.000 ₲ |
| 10.000 ₲ |
| 20.000 ₲ |
| 50.000 ₲ |
| 100.000 ₲ |
Thought 2: Identify the highest value (100.000 ₲) and lowest value (2.000 ₲) from the retrieved values. Calculate their difference.  
Action 2: Calculate[Subtract 2.000 from 100.000.]  
Observation 2: 98.000  
Thought 3: The difference between the highest (100.000 ₲) and lowest (2.000 ₲) values is 98.000 ₲.  
Action 3: Finish[98.000 ₲.]

Finished Trial 1, Correct: 0, Incorrect: 1, Halted: 0

=== sample 1 id=crt-397 start ===
=== sample 1 returncode=0 end ===
/home/ubuntu/miniconda3/envs/lzz-agent/lib/python3.11/site-packages/langchain/__init__.py:29: UserWarning: Importing Wikipedia from langchain root module is no longer supported. Please use langchain.docstore.Wikipedia instead.
  warnings.warn(
/home/ubuntu/miniconda3/envs/lzz-agent/lib/python3.11/site-packages/langchain_core/_api/deprecation.py:119: LangChainDeprecationWarning: The class `DocstoreExplorer` was deprecated in LangChain 0.1.0 and will be removed in 0.3.0
  warn_deprecated(
==============current step===========
Thought 1: I need to analyze the "method" column for all wins to determine if any specific type of victory occurs more frequently.  
Action 1: Retrieve[Retrieve all rows where "res" is "win" and extract the "method" column.]  
Observation 1: | method |
| submission (inverted heel hook) |
| submission (rear naked choke) |
| decision (split) |
| tko (punches) |
| decision (unanimous) |
| ko (punches) |
| decision (split) |
| decision (unanimous) |
| decision (unanimous) |
| tko |
| tko |
| decision (unanimous) |
| submission (choke) |

==============current step===========
Thought 1: I need to analyze the "method" column for all wins to determine if any specific type of victory occurs more frequently.  
Action 1: Retrieve[Retrieve all rows where "res" is "win" and extract the "method" column.]  
Observation 1: | method |
| submission (inverted heel hook) |
| submission (rear naked choke) |
| decision (split) |
| tko (punches) |
| decision (unanimous) |
| ko (punches) |
| decision (split) |
| decision (unanimous) |
| decision (unanimous) |
| tko |
| tko |
| decision (unanimous) |
| submission (choke) |
Thought 2: Count the frequency of each victory type. "Decision (unanimous)" appears 4 times, "decision (split)" 2 times, "submission" 3 times (including variations), and "tko" 3 times. "Decision (unanimous)" is the most frequent.  
Action 2: Finish[Yes.]

Finished Trial 1, Correct: 1, Incorrect: 0, Halted: 0

=== sample 2 id=crt-285 start ===
=== sample 2 returncode=0 end ===
/home/ubuntu/miniconda3/envs/lzz-agent/lib/python3.11/site-packages/langchain/__init__.py:29: UserWarning: Importing Wikipedia from langchain root module is no longer supported. Please use langchain.docstore.Wikipedia instead.
  warnings.warn(
/home/ubuntu/miniconda3/envs/lzz-agent/lib/python3.11/site-packages/langchain_core/_api/deprecation.py:119: LangChainDeprecationWarning: The class `DocstoreExplorer` was deprecated in LangChain 0.1.0 and will be removed in 0.3.0
  warn_deprecated(
==============current step===========
Thought 1: The table lists runners-up in Ben Hogan's major championship wins. Notable names like Ed Oliver, Jimmy Demaret, and others appear repeatedly, which may indicate rivalries. However, the table does not explicitly state "rivalries," so further analysis is needed.  
Action 1: Retrieve[Retrieve all "runner(s)-up" names from the table.]  
Observation 1: Ed Oliver, Jimmy Demaret, Mike Turnesa, George Fazio, Lloyd Mangrum, Skee Riegel, Clayton Heafner, Ed Oliver (repeated).  

==============current step===========
Thought 1: The table lists runners-up in Ben Hogan's major championship wins. Notable names like Ed Oliver, Jimmy Demaret, and others appear repeatedly, which may indicate rivalries. However, the table does not explicitly state "rivalries," so further analysis is needed.  
Action 1: Retrieve[Retrieve all "runner(s)-up" names from the table.]  
Observation 1: Ed Oliver, Jimmy Demaret, Mike Turnesa, George Fazio, Lloyd Mangrum, Skee Riegel, Clayton Heafner, Ed Oliver (repeated).  
Thought 2: To determine if these runners-up were rivals, I need to verify if any of them had documented rivalries with Ben Hogan in historical golf records. A search for "Ben Hogan Ed Oliver rivalry" and "Ben Hogan Jimmy Demaret rivalry" would clarify this.  
Action 2: Search[Ben Hogan Ed Oliver rivalry]  
Observation 2: John Byron Nelson Jr. (February 4, 1912 – September 26, 2006) was an American professional golfer between 1935 and 1946, widely considered one of the greatest golfers of all time.
Nelson and two other legendary champions of the time, Ben Hogan and Sam Snead, were born within seven months of each other in 1912.  Although he won many tournaments in the course of his relatively brief career, he is mostly remembered today for having won 11 consecutive tournaments and 18 total tournaments in 1945. He retired officially at the age of 34 to be a rancher, later becoming a commentator for ABC Sports and lending his name to the Byron Nelson Classic, the first PGA Tour event to be named for a professional golfer. As a former Masters champion he continued to play in that annual tournament, placing in the top-10 six times between 1947 and 1955 and as high as 15th in 1965.
In 1974, Nelson received the Bob Jones Award, the highest honor given by the United States Golf Association in recognition of distinguished sportsmanship in golf, and was inducted into the World Golf Hall of Fame. He became the second recipient of the PGA Tour Lifetime Achievement Award in 1997. He received the 1994 Old Tom Morris Award from the Golf Course Superintendents Association of America, that organization's highest honor. Nelson was posthumously awarded the Congressional Gold Medal in 2006.

==============current step===========
Thought 1: The table lists runners-up in Ben Hogan's major championship wins. Notable names like Ed Oliver, Jimmy Demaret, and others appear repeatedly, which may indicate rivalries. However, the table does not explicitly state "rivalries," so further analysis is needed.  
Action 1: Retrieve[Retrieve all "runner(s)-up" names from the table.]  
Observation 1: Ed Oliver, Jimmy Demaret, Mike Turnesa, George Fazio, Lloyd Mangrum, Skee Riegel, Clayton Heafner, Ed Oliver (repeated).  
Thought 2: To determine if these runners-up were rivals, I need to verify if any of them had documented rivalries with Ben Hogan in historical golf records. A search for "Ben Hogan Ed Oliver rivalry" and "Ben Hogan Jimmy Demaret rivalry" would clarify this.  
Action 2: Search[Ben Hogan Ed Oliver rivalry]  
Observation 2: John Byron Nelson Jr. (February 4, 1912 – September 26, 2006) was an American professional golfer between 1935 and 1946, widely considered one of the greatest golfers of all time.
Nelson and two other legendary champions of the time, Ben Hogan and Sam Snead, were born within seven months of each other in 1912.  Although he won many tournaments in the course of his relatively brief career, he is mostly remembered today for having won 11 consecutive tournaments and 18 total tournaments in 1945. He retired officially at the age of 34 to be a rancher, later becoming a commentator for ABC Sports and lending his name to the Byron Nelson Classic, the first PGA Tour event to be named for a professional golfer. As a former Masters champion he continued to play in that annual tournament, placing in the top-10 six times between 1947 and 1955 and as high as 15th in 1965.
In 1974, Nelson received the Bob Jones Award, the highest honor given by the United States Golf Association in recognition of distinguished sportsmanship in golf, and was inducted into the World Golf Hall of Fame. He became the second recipient of the PGA Tour Lifetime Achievement Award in 1997. He received the 1994 Old Tom Morris Award from the Golf Course Superintendents Association of America, that organization's highest honor. Nelson was posthumously awarded the Congressional Gold Medal in 2006.
Thought 3: The search for "Ben Hogan Ed Oliver rivalry" returned information about Byron Nelson, not Ed Oliver, indicating no direct rivalry documentation. Since the table only lists runners-up without explicit rivalry claims, and no external evidence confirms these as rivalries, the answer is "No."  
Action 3: Finish[No.]

Finished Trial 1, Correct: 0, Incorrect: 1, Halted: 0

=== sample 3 id=crt-558 start ===
=== sample 3 returncode=0 end ===
/home/ubuntu/miniconda3/envs/lzz-agent/lib/python3.11/site-packages/langchain/__init__.py:29: UserWarning: Importing Wikipedia from langchain root module is no longer supported. Please use langchain.docstore.Wikipedia instead.
  warnings.warn(
/home/ubuntu/miniconda3/envs/lzz-agent/lib/python3.11/site-packages/langchain_core/_api/deprecation.py:119: LangChainDeprecationWarning: The class `DocstoreExplorer` was deprecated in LangChain 0.1.0 and will be removed in 0.3.0
  warn_deprecated(
==============current step===========
Thought 1: To determine the most fuel-efficient model, I need to compare the CO2 emissions values. Lower CO2 emissions indicate better fuel efficiency.  
Action 1: Retrieve[Retrieve all rows and their CO2 emissions values.]  
Observation 1: | car model | emissions co2 |  
| panamera | 196 g / km |  
| panamera 4 | 203 g / km |  
| panamera diesel | 166 g / km |  
| panamera s | 204 g / km |  
| panamera 4s | 208 g / km |  
| panamera s e - hybrid | 71 g / km |  
| panamera gts | 249 g / km |  
| panamera turbo | 239 g / km |  

==============current step===========
Thought 1: To determine the most fuel-efficient model, I need to compare the CO2 emissions values. Lower CO2 emissions indicate better fuel efficiency.  
Action 1: Retrieve[Retrieve all rows and their CO2 emissions values.]  
Observation 1: | car model | emissions co2 |  
| panamera | 196 g / km |  
| panamera 4 | 203 g / km |  
| panamera diesel | 166 g / km |  
| panamera s | 204 g / km |  
| panamera 4s | 208 g / km |  
| panamera s e - hybrid | 71 g / km |  
| panamera gts | 249 g / km |  
| panamera turbo | 239 g / km |  
Thought 2: Comparing the CO2 emissions, the Panamera S E-Hybrid has 71 g/km (lowest), followed by the diesel at 166 g/km. The Panamera 4S has 208 g/km, which is higher than both. Therefore, the Panamera 4S is not the most fuel-efficient model.  
Action 2: Finish[No.]

Finished Trial 1, Correct: 1, Incorrect: 0, Halted: 0

=== sample 4 id=crt-713 start ===
=== sample 4 returncode=0 end ===
/home/ubuntu/miniconda3/envs/lzz-agent/lib/python3.11/site-packages/langchain/__init__.py:29: UserWarning: Importing Wikipedia from langchain root module is no longer supported. Please use langchain.docstore.Wikipedia instead.
  warnings.warn(
/home/ubuntu/miniconda3/envs/lzz-agent/lib/python3.11/site-packages/langchain_core/_api/deprecation.py:119: LangChainDeprecationWarning: The class `DocstoreExplorer` was deprecated in LangChain 0.1.0 and will be removed in 0.3.0
  warn_deprecated(
==============current step===========
Thought 1: I need to determine the highest number of sets played in a tournament final by Patricio Cornejo. This requires examining the "score in the final" column for each entry and counting the number of sets in each match. 
Action 1: Retrieve[Retrieve all rows where the outcome is either "winner" or "runner-up" to identify final matches.]
Observation 1: | outcome | date | tournament | surface | partner | opponents in the final | score in the final |
| winner | 1969.0 | buenos aires , argentina | clay | jaime fillol | roy emerson frew mcmillan | w / o |
| winner | 1970.0 | south orange , us | hard | jaime fillol | andrés gimeno rod laver | 3 - 6 , 7 - 6 , 7 - 6 |
| runner - up | 1971.0 | bournemouth , england | clay | jaime fillol | bill bowrey owen davidson | 6 - 8 , 2 - 6 , 6 - 3 , 6 - 4 , 3 - 6 |
| runner - up | 1971.0 | buenos aires , argentina | clay | jaime fillol | željko franulović ilie năstase | 4 - 6 , 4 - 6 |
| winner | 1972.0 | caracas , venezuela | hard | jaime fillol | jim mcmanus manuel orantes | 6 - 4 , 6 - 3 , 7 - 6 |
| runner - up | 1972.0 | brussels , belgium | clay | jaime fillol | juan gisbert manuel orantes | 7 - 9 , 3 - 6 |
| runner - up | 1972.0 | french open , paris | clay | jaime fillol | bob hewitt frew mcmillan | 3 - 6 , 6 - 8 , 6 - 3 , 1 - 6 |
| runner - up | 1972.0 | indianapolis , us | clay | jaime fillol | bob hewitt frew mcmillan | 2 - 6 , 3 - 6 |
| runner - up | 1973.0 | buenos aires , argentina | clay | iván molina | ricardo cano guillermo vilas | 6 - 7 , 3 - 6 |
| runner - up | 1974.0 | washington dc , us | clay | jaime fillol | tom gorman marty riessen | 5 - 7 , 1 - 6 |
| runner - up | 1974.0 | us open , new york | grass | jaime fillol | robert lutz stan smith | 3 - 6 , 3 - 6 |
| runner - up | 1974.0 | buenos aires , argentina | clay | jaime fillol | manuel orantes guillermo vilas | 4 - 6 , 3 - 6 |
| winner | 1975.0 | charlotte , us | clay | jaime fillol | ismail el shafei brian fairlie | 6 - 3 , 5 - 7 , 6 - 4 |
| winner | 1976.0 | berlin , germany | hard | julien munoz | jürgen fassbender hans - jürgen pohmann | 7 - 5 , 6 - 1 |
| winner | 1976.0 | santiago , chile | clay | hans gildemeister | lito álvarez belus prajoux | 6 - 3 , 7 - 6 |
| runner - up | 1977.0 | murcia , spain | clay | hans gildemeister | patrice dominguez françois jauffret | 5 - 7 , 2 - 6 |
| winner | 1977.0 | indianapolis , us | clay | jaime fillol | dick crealy cliff letcher | 6 - 7 , 6 - 4 , 6 - 3 |
| winner | 1977.0 | santiago , chile | clay | jaime fillol | henry bunis paul mcnamee | 5 - 7 , 6 - 1 , 6 - 1 |

==============current step===========
Thought 1: I need to determine the highest number of sets played in a tournament final by Patricio Cornejo. This requires examining the "score in the final" column for each entry and counting the number of sets in each match. 
Action 1: Retrieve[Retrieve all rows where the outcome is either "winner" or "runner-up" to identify final matches.]
Observation 1: | outcome | date | tournament | surface | partner | opponents in the final | score in the final |
| winner | 1969.0 | buenos aires , argentina | clay | jaime fillol | roy emerson frew mcmillan | w / o |
| winner | 1970.0 | south orange , us | hard | jaime fillol | andrés gimeno rod laver | 3 - 6 , 7 - 6 , 7 - 6 |
| runner - up | 1971.0 | bournemouth , england | clay | jaime fillol | bill bowrey owen davidson | 6 - 8 , 2 - 6 , 6 - 3 , 6 - 4 , 3 - 6 |
| runner - up | 1971.0 | buenos aires , argentina | clay | jaime fillol | željko franulović ilie năstase | 4 - 6 , 4 - 6 |
| winner | 1972.0 | caracas , venezuela | hard | jaime fillol | jim mcmanus manuel orantes | 6 - 4 , 6 - 3 , 7 - 6 |
| runner - up | 1972.0 | brussels , belgium | clay | jaime fillol | juan gisbert manuel orantes | 7 - 9 , 3 - 6 |
| runner - up | 1972.0 | french open , paris | clay | jaime fillol | bob hewitt frew mcmillan | 3 - 6 , 6 - 8 , 6 - 3 , 1 - 6 |
| runner - up | 1972.0 | indianapolis , us | clay | jaime fillol | bob hewitt frew mcmillan | 2 - 6 , 3 - 6 |
| runner - up | 1973.0 | buenos aires , argentina | clay | iván molina | ricardo cano guillermo vilas | 6 - 7 , 3 - 6 |
| runner - up | 1974.0 | washington dc , us | clay | jaime fillol | tom gorman marty riessen | 5 - 7 , 1 - 6 |
| runner - up | 1974.0 | us open , new york | grass | jaime fillol | robert lutz stan smith | 3 - 6 , 3 - 6 |
| runner - up | 1974.0 | buenos aires , argentina | clay | jaime fillol | manuel orantes guillermo vilas | 4 - 6 , 3 - 6 |
| winner | 1975.0 | charlotte , us | clay | jaime fillol | ismail el shafei brian fairlie | 6 - 3 , 5 - 7 , 6 - 4 |
| winner | 1976.0 | berlin , germany | hard | julien munoz | jürgen fassbender hans - jürgen pohmann | 7 - 5 , 6 - 1 |
| winner | 1976.0 | santiago , chile | clay | hans gildemeister | lito álvarez belus prajoux | 6 - 3 , 7 - 6 |
| runner - up | 1977.0 | murcia , spain | clay | hans gildemeister | patrice dominguez françois jauffret | 5 - 7 , 2 - 6 |
| winner | 1977.0 | indianapolis , us | clay | jaime fillol | dick crealy cliff letcher | 6 - 7 , 6 - 4 , 6 - 3 |
| winner | 1977.0 | santiago , chile | clay | jaime fillol | henry bunis paul mcnamee | 5 - 7 , 6 - 1 , 6 - 1 |
Thought 2: I need to analyze the "score in the final" column to count the number of sets in each match. The match with the highest number of sets is the answer.  
Action 2: Retrieve[Extract the "score in the final" column from all rows in Observation 1.]  
Observation 2: | score in the final |
| w / o |
| 3 - 6 , 7 - 6 , 7 - 6 |
| 6 - 8 , 2 - 6 , 6 - 3 , 6 - 4 , 3 - 6 |
| 4 - 6 , 4 - 6 |
| 6 - 4 , 6 - 3 , 7 - 6 |
| 7 - 9 , 3 - 6 |
| 3 - 6 , 6 - 8 , 6 - 3 , 1 - 6 |
| 2 - 6 , 3 - 6 |
| 6 - 7 , 3 - 6 |
| 5 - 7 , 1 - 6 |
| 3 - 6 , 3 - 6 |
| 4 - 6 , 3 - 6 |
| 6 - 3 , 5 - 7 , 6 - 4 |
| 7 - 5 , 6 - 1 |
| 6 - 3 , 7 - 6 |
| 5 - 7 , 2 - 6 |
| 6 - 7 , 6 - 4 , 6 - 3 |
| 5 - 7 , 6 - 1 , 6 - 1 |

==============current step===========
Thought 1: I need to determine the highest number of sets played in a tournament final by Patricio Cornejo. This requires examining the "score in the final" column for each entry and counting the number of sets in each match. 
Action 1: Retrieve[Retrieve all rows where the outcome is either "winner" or "runner-up" to identify final matches.]
Observation 1: | outcome | date | tournament | surface | partner | opponents in the final | score in the final |
| winner | 1969.0 | buenos aires , argentina | clay | jaime fillol | roy emerson frew mcmillan | w / o |
| winner | 1970.0 | south orange , us | hard | jaime fillol | andrés gimeno rod laver | 3 - 6 , 7 - 6 , 7 - 6 |
| runner - up | 1971.0 | bournemouth , england | clay | jaime fillol | bill bowrey owen davidson | 6 - 8 , 2 - 6 , 6 - 3 , 6 - 4 , 3 - 6 |
| runner - up | 1971.0 | buenos aires , argentina | clay | jaime fillol | željko franulović ilie năstase | 4 - 6 , 4 - 6 |
| winner | 1972.0 | caracas , venezuela | hard | jaime fillol | jim mcmanus manuel orantes | 6 - 4 , 6 - 3 , 7 - 6 |
| runner - up | 1972.0 | brussels , belgium | clay | jaime fillol | juan gisbert manuel orantes | 7 - 9 , 3 - 6 |
| runner - up | 1972.0 | french open , paris | clay | jaime fillol | bob hewitt frew mcmillan | 3 - 6 , 6 - 8 , 6 - 3 , 1 - 6 |
| runner - up | 1972.0 | indianapolis , us | clay | jaime fillol | bob hewitt frew mcmillan | 2 - 6 , 3 - 6 |
| runner - up | 1973.0 | buenos aires , argentina | clay | iván molina | ricardo cano guillermo vilas | 6 - 7 , 3 - 6 |
| runner - up | 1974.0 | washington dc , us | clay | jaime fillol | tom gorman marty riessen | 5 - 7 , 1 - 6 |
| runner - up | 1974.0 | us open , new york | grass | jaime fillol | robert lutz stan smith | 3 - 6 , 3 - 6 |
| runner - up | 1974.0 | buenos aires , argentina | clay | jaime fillol | manuel orantes guillermo vilas | 4 - 6 , 3 - 6 |
| winner | 1975.0 | charlotte , us | clay | jaime fillol | ismail el shafei brian fairlie | 6 - 3 , 5 - 7 , 6 - 4 |
| winner | 1976.0 | berlin , germany | hard | julien munoz | jürgen fassbender hans - jürgen pohmann | 7 - 5 , 6 - 1 |
| winner | 1976.0 | santiago , chile | clay | hans gildemeister | lito álvarez belus prajoux | 6 - 3 , 7 - 6 |
| runner - up | 1977.0 | murcia , spain | clay | hans gildemeister | patrice dominguez françois jauffret | 5 - 7 , 2 - 6 |
| winner | 1977.0 | indianapolis , us | clay | jaime fillol | dick crealy cliff letcher | 6 - 7 , 6 - 4 , 6 - 3 |
| winner | 1977.0 | santiago , chile | clay | jaime fillol | henry bunis paul mcnamee | 5 - 7 , 6 - 1 , 6 - 1 |
Thought 2: I need to analyze the "score in the final" column to count the number of sets in each match. The match with the highest number of sets is the answer.  
Action 2: Retrieve[Extract the "score in the final" column from all rows in Observation 1.]  
Observation 2: | score in the final |
| w / o |
| 3 - 6 , 7 - 6 , 7 - 6 |
| 6 - 8 , 2 - 6 , 6 - 3 , 6 - 4 , 3 - 6 |
| 4 - 6 , 4 - 6 |
| 6 - 4 , 6 - 3 , 7 - 6 |
| 7 - 9 , 3 - 6 |
| 3 - 6 , 6 - 8 , 6 - 3 , 1 - 6 |
| 2 - 6 , 3 - 6 |
| 6 - 7 , 3 - 6 |
| 5 - 7 , 1 - 6 |
| 3 - 6 , 3 - 6 |
| 4 - 6 , 3 - 6 |
| 6 - 3 , 5 - 7 , 6 - 4 |
| 7 - 5 , 6 - 1 |
| 6 - 3 , 7 - 6 |
| 5 - 7 , 2 - 6 |
| 6 - 7 , 6 - 4 , 6 - 3 |
| 5 - 7 , 6 - 1 , 6 - 1 |
Thought 3: The highest number of sets in a final is 5, as seen in the match with the score "6 - 8 , 2 - 6 , 6 - 3 , 6 - 4 , 3 - 6".  
Action 3: Finish[5]

Finished Trial 1, Correct: 1, Incorrect: 0, Halted: 0

=== sample 5 id=crt-310 start ===
=== sample 5 returncode=0 end ===
/home/ubuntu/miniconda3/envs/lzz-agent/lib/python3.11/site-packages/langchain/__init__.py:29: UserWarning: Importing Wikipedia from langchain root module is no longer supported. Please use langchain.docstore.Wikipedia instead.
  warnings.warn(
/home/ubuntu/miniconda3/envs/lzz-agent/lib/python3.11/site-packages/langchain_core/_api/deprecation.py:119: LangChainDeprecationWarning: The class `DocstoreExplorer` was deprecated in LangChain 0.1.0 and will be removed in 0.3.0
  warn_deprecated(
==============current step===========

==============current step===========

==============current step===========

Finished Trial 1, Correct: 0, Incorrect: 0, Halted: 1

=== sample 6 id=crt-440 start ===
=== sample 6 returncode=0 end ===
/home/ubuntu/miniconda3/envs/lzz-agent/lib/python3.11/site-packages/langchain/__init__.py:29: UserWarning: Importing Wikipedia from langchain root module is no longer supported. Please use langchain.docstore.Wikipedia instead.
  warnings.warn(
/home/ubuntu/miniconda3/envs/lzz-agent/lib/python3.11/site-packages/langchain_core/_api/deprecation.py:119: LangChainDeprecationWarning: The class `DocstoreExplorer` was deprecated in LangChain 0.1.0 and will be removed in 0.3.0
  warn_deprecated(
==============current step===========
Thought 1: To determine how many Prime Ministers died in office, I need to check if their death year falls within their term end year. If the death year is after the term end, they did not die in office.  
Action 1: Retrieve[Retrieve the "born - died" and "term end" columns for all rows.]  
Observation 1: | born - died | term end |
| prime ministers 1928 - 1939 | prime ministers 1928 - 1939 |
| 1889 - 1949 | 5 march 1930 |
| 1859 - 1939 | 16 october 1935 |
| 1872 - 1963 | 9 november 1936 |
| 1889 - 1949 | 8 april 1939 |

==============current step===========
Thought 1: To determine how many Prime Ministers died in office, I need to check if their death year falls within their term end year. If the death year is after the term end, they did not die in office.  
Action 1: Retrieve[Retrieve the "born - died" and "term end" columns for all rows.]  
Observation 1: | born - died | term end |
| prime ministers 1928 - 1939 | prime ministers 1928 - 1939 |
| 1889 - 1949 | 5 march 1930 |
| 1859 - 1939 | 16 october 1935 |
| 1872 - 1963 | 9 november 1936 |
| 1889 - 1949 | 8 april 1939 |
Thought 2: Now, I need to compare the death year in "born - died" with the year in "term end" for each row. For each PM, if the death year is equal to or earlier than the term end year, they died in office.  
Action 2: Calculate[Compare death year with term end year for each row and count if death year ≤ term end year.]  
Observation 2: 0  

==============current step===========
Thought 1: To determine how many Prime Ministers died in office, I need to check if their death year falls within their term end year. If the death year is after the term end, they did not die in office.  
Action 1: Retrieve[Retrieve the "born - died" and "term end" columns for all rows.]  
Observation 1: | born - died | term end |
| prime ministers 1928 - 1939 | prime ministers 1928 - 1939 |
| 1889 - 1949 | 5 march 1930 |
| 1859 - 1939 | 16 october 1935 |
| 1872 - 1963 | 9 november 1936 |
| 1889 - 1949 | 8 april 1939 |
Thought 2: Now, I need to compare the death year in "born - died" with the year in "term end" for each row. For each PM, if the death year is equal to or earlier than the term end year, they died in office.  
Action 2: Calculate[Compare death year with term end year for each row and count if death year ≤ term end year.]  
Observation 2: 0  
Thought 3: The calculation shows that none of the Prime Ministers in the table died in office, as their death years are all after their respective term end years.  
Action 3: Finish[0]

Finished Trial 1, Correct: 0, Incorrect: 1, Halted: 0

=== sample 7 id=crt-295 start ===
=== sample 7 returncode=0 end ===
/home/ubuntu/miniconda3/envs/lzz-agent/lib/python3.11/site-packages/langchain/__init__.py:29: UserWarning: Importing Wikipedia from langchain root module is no longer supported. Please use langchain.docstore.Wikipedia instead.
  warnings.warn(
/home/ubuntu/miniconda3/envs/lzz-agent/lib/python3.11/site-packages/langchain_core/_api/deprecation.py:119: LangChainDeprecationWarning: The class `DocstoreExplorer` was deprecated in LangChain 0.1.0 and will be removed in 0.3.0
  warn_deprecated(
==============current step===========

==============current step===========
Thought 1: I need to analyze the relationship between production codes and US viewership numbers. First, retrieve all rows with available viewership data.
Action 1: Retrieve[Retrieve rows where "us viewers (millions)" is not "n/a".]
Observation 1: | no in series | no in season | title | original air date | production code | us viewers (millions) |
| 27.0 | 7.0 | lie like a dog / cold fish | may 27 , 2012 | 126.0 | 2.3 |
| 29.0 | 9.0 | bark to the future / lights , camera , quacktion | october 13 , 2012 | 205.0 | 1.8 |
| 30.0 | 10.0 | happy howl - o - ween | october 27 , 2012 | 210.0 | 1.6 |
| 31.0 | 11.0 | bark to nature / mutts and bolts | august 5 , 2013 | 213.0 | 1.9 |
| 32.0 | 12.0 | dog house / time waits for no mutt | august 6 , 2013 | 203.0 | 1.6 |
| 33.0 | 13.0 | hush puppy / quacky birthday | august 8 , 2013 | 209.0 | 1.8 |

==============current step===========
Thought 1: I need to analyze the relationship between production codes and US viewership numbers. First, retrieve all rows with available viewership data.
Action 1: Retrieve[Retrieve rows where "us viewers (millions)" is not "n/a".]
Observation 1: | no in series | no in season | title | original air date | production code | us viewers (millions) |
| 27.0 | 7.0 | lie like a dog / cold fish | may 27 , 2012 | 126.0 | 2.3 |
| 29.0 | 9.0 | bark to the future / lights , camera , quacktion | october 13 , 2012 | 205.0 | 1.8 |
| 30.0 | 10.0 | happy howl - o - ween | october 27 , 2012 | 210.0 | 1.6 |
| 31.0 | 11.0 | bark to nature / mutts and bolts | august 5 , 2013 | 213.0 | 1.9 |
| 32.0 | 12.0 | dog house / time waits for no mutt | august 6 , 2013 | 203.0 | 1.6 |
| 33.0 | 13.0 | hush puppy / quacky birthday | august 8 , 2013 | 209.0 | 1.8 |

Finished Trial 1, Correct: 1, Incorrect: 0, Halted: 1

=== sample 8 id=crt-544 start ===
=== sample 8 returncode=0 end ===
/home/ubuntu/miniconda3/envs/lzz-agent/lib/python3.11/site-packages/langchain/__init__.py:29: UserWarning: Importing Wikipedia from langchain root module is no longer supported. Please use langchain.docstore.Wikipedia instead.
  warnings.warn(
/home/ubuntu/miniconda3/envs/lzz-agent/lib/python3.11/site-packages/langchain_core/_api/deprecation.py:119: LangChainDeprecationWarning: The class `DocstoreExplorer` was deprecated in LangChain 0.1.0 and will be removed in 0.3.0
  warn_deprecated(
==============current step===========
Thought 1: I need to calculate the goal-to-cap ratio for each player and then find the average of these ratios. First, retrieve the "goals" and "caps" columns for all players.  
Action 1: Retrieve[goals, caps] for all players.
Observation 1: | goals | caps |
| 28.0 | 64.0 |
| 23.0 | 49.0 |
| 22.0 | 58.0 |
| 21.0 | 59.0 |
| 17.0 | 10.0 |
| 16.0 | 20.0 |
| 16.0 | 48.0 |
| 15.0 | 42.0 |
| 12.0 | 43.0 |
| 12.0 | 54.0 |
| 12.0 | 23.0 |
| 11.0 | 24.0 |
| 10.0 | 8.0 |
| 10.0 | 60.0 |
| 10.0 | 47.0 |
| 10.0 | 15.0 |
| 10.0 | 31.0 |

==============current step===========
Thought 1: I need to calculate the goal-to-cap ratio for each player and then find the average of these ratios. First, retrieve the "goals" and "caps" columns for all players.  
Action 1: Retrieve[goals, caps] for all players.
Observation 1: | goals | caps |
| 28.0 | 64.0 |
| 23.0 | 49.0 |
| 22.0 | 58.0 |
| 21.0 | 59.0 |
| 17.0 | 10.0 |
| 16.0 | 20.0 |
| 16.0 | 48.0 |
| 15.0 | 42.0 |
| 12.0 | 43.0 |
| 12.0 | 54.0 |
| 12.0 | 23.0 |
| 11.0 | 24.0 |
| 10.0 | 8.0 |
| 10.0 | 60.0 |
| 10.0 | 47.0 |
| 10.0 | 15.0 |
| 10.0 | 31.0 |

==============current step===========
Thought 1: I need to calculate the goal-to-cap ratio for each player and then find the average of these ratios. First, retrieve the "goals" and "caps" columns for all players.  
Action 1: Retrieve[goals, caps] for all players.
Observation 1: | goals | caps |
| 28.0 | 64.0 |
| 23.0 | 49.0 |
| 22.0 | 58.0 |
| 21.0 | 59.0 |
| 17.0 | 10.0 |
| 16.0 | 20.0 |
| 16.0 | 48.0 |
| 15.0 | 42.0 |
| 12.0 | 43.0 |
| 12.0 | 54.0 |
| 12.0 | 23.0 |
| 11.0 | 24.0 |
| 10.0 | 8.0 |
| 10.0 | 60.0 |
| 10.0 | 47.0 |
| 10.0 | 15.0 |
| 10.0 | 31.0 |

Finished Trial 1, Correct: 0, Incorrect: 0, Halted: 1

=== sample 9 id=crt-312 start ===
=== sample 9 returncode=0 end ===
/home/ubuntu/miniconda3/envs/lzz-agent/lib/python3.11/site-packages/langchain/__init__.py:29: UserWarning: Importing Wikipedia from langchain root module is no longer supported. Please use langchain.docstore.Wikipedia instead.
  warnings.warn(
/home/ubuntu/miniconda3/envs/lzz-agent/lib/python3.11/site-packages/langchain_core/_api/deprecation.py:119: LangChainDeprecationWarning: The class `DocstoreExplorer` was deprecated in LangChain 0.1.0 and will be removed in 0.3.0
  warn_deprecated(
==============current step===========
Thought 1: I need to find all rows where the entrant is Hans Herrmann and check their chassis.  
Action 1: Retrieve[Retrieve rows where entrant is "hans herrmann".]  
Observation 1: | year | entrant | chassis | engine | pts |
| 1953.0 | hans herrmann | veritas meteor | veritas l6 | 0.0 |

==============current step===========
Thought 1: I need to find all rows where the entrant is Hans Herrmann and check their chassis.  
Action 1: Retrieve[Retrieve rows where entrant is "hans herrmann".]  
Observation 1: | year | entrant | chassis | engine | pts |
| 1953.0 | hans herrmann | veritas meteor | veritas l6 | 0.0 |
Thought 2: The retrieved row shows Hans Herrmann used a "veritas meteor" chassis in 1953, which is neither Mercedes-Benz nor Maserati. Thus, there is at least one year where he did not use either.  
Action 2: Finish[Yes.]

Finished Trial 1, Correct: 1, Incorrect: 0, Halted: 0

=== sample 10 id=crt-723 start ===
=== sample 10 returncode=0 end ===
/home/ubuntu/miniconda3/envs/lzz-agent/lib/python3.11/site-packages/langchain/__init__.py:29: UserWarning: Importing Wikipedia from langchain root module is no longer supported. Please use langchain.docstore.Wikipedia instead.
  warnings.warn(
/home/ubuntu/miniconda3/envs/lzz-agent/lib/python3.11/site-packages/langchain_core/_api/deprecation.py:119: LangChainDeprecationWarning: The class `DocstoreExplorer` was deprecated in LangChain 0.1.0 and will be removed in 0.3.0
  warn_deprecated(
==============current step===========
Thought 1: To determine the percentage of matches with low attendance, I first need to calculate the average attendance and define "low" as below this average. Then, count how many matches fall below this threshold.  
Action 1: Calculate[Calculate the average attendance from the table.]  
Observation 1: 232.125

==============current step===========
Thought 1: To determine the percentage of matches with low attendance, I first need to calculate the average attendance and define "low" as below this average. Then, count how many matches fall below this threshold.  
Action 1: Calculate[Calculate the average attendance from the table.]  
Observation 1: 232.125

==============current step===========
Thought 1: To determine the percentage of matches with low attendance, I first need to calculate the average attendance and define "low" as below this average. Then, count how many matches fall below this threshold.  
Action 1: Calculate[Calculate the average attendance from the table.]  
Observation 1: 232.125
Thought 2: The initial average calculation appears incorrect. Recalculating the average attendance: (4000 + 300 + 2000 + 800 + 1000 + 300 + 250 + 200) / 8 = 1106.25. Now, count matches with attendance below 1106.25.  
Action 2: Retrieve[Retrieve rows where attendance is less than 1106.25.]  
Observation 2: | venue | home | guest | score (first match) | attendance |
| stadion trešnjica | fk zeta | fk budućnost | 3:0 (0:2) | 4.0 |
| cvijetni brijeg | fk mladost | fk otrant | 3:0 (2:2) | 300.0 |
| stadion pod golubinjom | fk rudar pljevlja | fk berane | 1:1 (2:0) | 2.0 |
| stadion pod vrmcem | fk bokelj | fk sutjeska | 0:1 - 3:4 / pen (1:0) | 800.0 |
| stadion tuško polje | fk dečić | ofk petrovac | 3:1 (1:1) | 1.0 |
| stadion u spužu | fk zora | fk komovi | 0:0 (5:1) | 300.0 |
| stadion zlatica | fk kom | ofk grbalj | 2:3 (0:5) | 250.0 |
| stadion cijevna | fk bratstvo | fk crvena stijena | 0:0 (0:1) | 200.0 |

Finished Trial 1, Correct: 0, Incorrect: 0, Halted: 1

=== sample 11 id=crt-361 start ===
=== sample 11 returncode=0 end ===
/home/ubuntu/miniconda3/envs/lzz-agent/lib/python3.11/site-packages/langchain/__init__.py:29: UserWarning: Importing Wikipedia from langchain root module is no longer supported. Please use langchain.docstore.Wikipedia instead.
  warnings.warn(
/home/ubuntu/miniconda3/envs/lzz-agent/lib/python3.11/site-packages/langchain_core/_api/deprecation.py:119: LangChainDeprecationWarning: The class `DocstoreExplorer` was deprecated in LangChain 0.1.0 and will be removed in 0.3.0
  warn_deprecated(
==============current step===========
Thought 1: I need to check each country's silver and gold medal counts to see if any have more silver than gold.
Action 1: Retrieve[Retrieve all rows where silver > gold.]
Observation 1: | rank | nation | gold | silver | bronze | total |
| 3.0 | italy | 2.0 | 3.0 | 6.0 | 11.0 |
| 8.0 | slovenia | 0.0 | 3.0 | 2.0 | 5.0 |
| 9.0 | egypt | 0.0 | 2.0 | 2.0 | 4.0 |

==============current step===========
Thought 1: I need to check each country's silver and gold medal counts to see if any have more silver than gold.
Action 1: Retrieve[Retrieve all rows where silver > gold.]
Observation 1: | rank | nation | gold | silver | bronze | total |
| 3.0 | italy | 2.0 | 3.0 | 6.0 | 11.0 |
| 8.0 | slovenia | 0.0 | 3.0 | 2.0 | 5.0 |
| 9.0 | egypt | 0.0 | 2.0 | 2.0 | 4.0 |

==============current step===========
Thought 1: I need to check each country's silver and gold medal counts to see if any have more silver than gold.
Action 1: Retrieve[Retrieve all rows where silver > gold.]
Observation 1: | rank | nation | gold | silver | bronze | total |
| 3.0 | italy | 2.0 | 3.0 | 6.0 | 11.0 |
| 8.0 | slovenia | 0.0 | 3.0 | 2.0 | 5.0 |
| 9.0 | egypt | 0.0 | 2.0 | 2.0 | 4.0 |

Finished Trial 1, Correct: 1, Incorrect: 0, Halted: 1

=== sample 12 id=crt-407 start ===
=== sample 12 returncode=0 end ===
/home/ubuntu/miniconda3/envs/lzz-agent/lib/python3.11/site-packages/langchain/__init__.py:29: UserWarning: Importing Wikipedia from langchain root module is no longer supported. Please use langchain.docstore.Wikipedia instead.
  warnings.warn(
/home/ubuntu/miniconda3/envs/lzz-agent/lib/python3.11/site-packages/langchain_core/_api/deprecation.py:119: LangChainDeprecationWarning: The class `DocstoreExplorer` was deprecated in LangChain 0.1.0 and will be removed in 0.3.0
  warn_deprecated(
==============current step===========
Thought 1: I need to identify the top three teams based on points. The top three teams are Soviet Union (18 points), Czechoslovakia (14 points), and Sweden (11 points). Next, I need to retrieve their points differences.  
Action 1: Retrieve[Retrieve the points difference for Soviet Union, Czechoslovakia, and Sweden.]  
Observation 1: | team | points difference |  
| soviet union | 64 - 18 |  
| czechoslovakia | 57 - 20 |  
| sweden | 38 - 24 |  

==============current step===========
Thought 1: I need to identify the top three teams based on points. The top three teams are Soviet Union (18 points), Czechoslovakia (14 points), and Sweden (11 points). Next, I need to retrieve their points differences.  
Action 1: Retrieve[Retrieve the points difference for Soviet Union, Czechoslovakia, and Sweden.]  
Observation 1: | team | points difference |  
| soviet union | 64 - 18 |  
| czechoslovakia | 57 - 20 |  
| sweden | 38 - 24 |  
Thought 2: I need to calculate the average of the points differences for the top three teams. The points differences are 46 (Soviet Union), 37 (Czechoslovakia), and 14 (Sweden). The average is (46 + 37 + 14) / 3.  
Action 2: Calculate[Calculate the average of 46, 37, and 14.]  
Observation 2: 32.333333333333336

==============current step===========
Thought 1: I need to identify the top three teams based on points. The top three teams are Soviet Union (18 points), Czechoslovakia (14 points), and Sweden (11 points). Next, I need to retrieve their points differences.  
Action 1: Retrieve[Retrieve the points difference for Soviet Union, Czechoslovakia, and Sweden.]  
Observation 1: | team | points difference |  
| soviet union | 64 - 18 |  
| czechoslovakia | 57 - 20 |  
| sweden | 38 - 24 |  
Thought 2: I need to calculate the average of the points differences for the top three teams. The points differences are 46 (Soviet Union), 37 (Czechoslovakia), and 14 (Sweden). The average is (46 + 37 + 14) / 3.  
Action 2: Calculate[Calculate the average of 46, 37, and 14.]  
Observation 2: 32.333333333333336
Thought 3: The average points difference of the top three teams (Soviet Union, Czechoslovakia, and Sweden) is calculated as (46 + 37 + 14) / 3 = 32.33.  
Action 3: Finish[32.33]

Finished Trial 1, Correct: 0, Incorrect: 1, Halted: 0

=== sample 13 id=crt-625 start ===
=== sample 13 returncode=0 end ===
/home/ubuntu/miniconda3/envs/lzz-agent/lib/python3.11/site-packages/langchain/__init__.py:29: UserWarning: Importing Wikipedia from langchain root module is no longer supported. Please use langchain.docstore.Wikipedia instead.
  warnings.warn(
/home/ubuntu/miniconda3/envs/lzz-agent/lib/python3.11/site-packages/langchain_core/_api/deprecation.py:119: LangChainDeprecationWarning: The class `DocstoreExplorer` was deprecated in LangChain 0.1.0 and will be removed in 0.3.0
  warn_deprecated(
==============current step===========
Thought 1: I need to identify the top 5 finishers and check if any manufacturer has multiple riders in this group.  
Action 1: Retrieve[Retrieve the first 5 rows of the table.]  
Observation 1: | rider | manufacturer | laps | time | grid |
| casey stoner | ducati | 30.0 | 47:30.057 | 1.0 |
| valentino rossi | yamaha | 30.0 | + 3.708 | 7.0 |
| chris vermeulen | suzuki | 30.0 | + 14.002 | 14.0 |
| alex de angelis | honda | 30.0 | + 14.124 | 10.0 |
| andrea dovizioso | honda | 30.0 | + 42.022 | 4.0 |

==============current step===========
Thought 1: I need to identify the top 5 finishers and check if any manufacturer has multiple riders in this group.  
Action 1: Retrieve[Retrieve the first 5 rows of the table.]  
Observation 1: | rider | manufacturer | laps | time | grid |
| casey stoner | ducati | 30.0 | 47:30.057 | 1.0 |
| valentino rossi | yamaha | 30.0 | + 3.708 | 7.0 |
| chris vermeulen | suzuki | 30.0 | + 14.002 | 14.0 |
| alex de angelis | honda | 30.0 | + 14.124 | 10.0 |
| andrea dovizioso | honda | 30.0 | + 42.022 | 4.0 |
Thought 2: The top 5 riders are from Ducati, Yamaha, Suzuki, Honda, and Honda. Honda has two riders (Alex de Angelis and Andrea Dovizioso) in the top 5. Therefore, the answer is Yes.  
Action 2: Finish[Yes.]

Finished Trial 1, Correct: 1, Incorrect: 0, Halted: 0

=== sample 14 id=crt-146 start ===
=== sample 14 returncode=0 end ===
/home/ubuntu/miniconda3/envs/lzz-agent/lib/python3.11/site-packages/langchain/__init__.py:29: UserWarning: Importing Wikipedia from langchain root module is no longer supported. Please use langchain.docstore.Wikipedia instead.
  warnings.warn(
/home/ubuntu/miniconda3/envs/lzz-agent/lib/python3.11/site-packages/langchain_core/_api/deprecation.py:119: LangChainDeprecationWarning: The class `DocstoreExplorer` was deprecated in LangChain 0.1.0 and will be removed in 0.3.0
  warn_deprecated(
==============current step===========

==============current step===========
Thought 1: I need to determine which school, club team, or country appears most frequently in the "school / club team / country" column.  
Action 1: Retrieve[Retrieve all entries in the "school / club team / country" column.]  
Observation 1: | school / club team / country |
| minnesota |
| georgetown |
| ohio state |
| st john 's |
| ohio |
| st mary 's |
| duquesne |
| indiana |
| ohio state |
| florida state |
| southern university |
| alabama |
| illinois |
| wake forest |
| st john 's |
| iowa |
| east texas state |
| washington |
| albany state |
| albany state |
| houston |
| albany state |
| oregon |
| st louis |

==============current step===========
Thought 1: I need to determine which school, club team, or country appears most frequently in the "school / club team / country" column.  
Action 1: Retrieve[Retrieve all entries in the "school / club team / country" column.]  
Observation 1: | school / club team / country |
| minnesota |
| georgetown |
| ohio state |
| st john 's |
| ohio |
| st mary 's |
| duquesne |
| indiana |
| ohio state |
| florida state |
| southern university |
| alabama |
| illinois |
| wake forest |
| st john 's |
| iowa |
| east texas state |
| washington |
| albany state |
| albany state |
| houston |
| albany state |
| oregon |
| st louis |
Thought 2: I need to count the frequency of each entry in the "school / club team / country" column.  
Action 2: Calculate[Count the frequency of each entry in the "school / club team / country" column.]  
Observation 2:  
- ohio state: 2  
- st john 's: 2  
- albany state: 3  
- others: 1 each  

Finished Trial 1, Correct: 0, Incorrect: 0, Halted: 1

=== sample 15 id=crt-22 start ===
=== sample 15 returncode=0 end ===
/home/ubuntu/miniconda3/envs/lzz-agent/lib/python3.11/site-packages/langchain/__init__.py:29: UserWarning: Importing Wikipedia from langchain root module is no longer supported. Please use langchain.docstore.Wikipedia instead.
  warnings.warn(
/home/ubuntu/miniconda3/envs/lzz-agent/lib/python3.11/site-packages/langchain_core/_api/deprecation.py:119: LangChainDeprecationWarning: The class `DocstoreExplorer` was deprecated in LangChain 0.1.0 and will be removed in 0.3.0
  warn_deprecated(
==============current step===========
Thought 1: I need to determine the number of models in odd weeks (1, 3, 5) and even weeks (2, 4).  
Action 1: Retrieve[Retrieve all entries in columns for weeks 1, 3, 5 (odd) and weeks 2, 4 (even).]  
Observation 1: | week 1 | week 3 | week 5 | week 2 | week 4 |
| jennifer nahra | shamron moore | - | lana kinear | terri lynn farrow |
| mimi wills | marz hook | - | alicia burley | madison marie |
| iliana fischer | danielle devon | hazell serrano | brianne bailey | nancie tyler le |
| erin nicole | tiffany lang | - | gabriella broder | natasha kozakova |
| jessica renee | rose marie | - | marina semenova | erin fiedler |
| rebecca dipietro | jackie bean | karouna kay sivilay | kristin kerry | nicole woodruff |
| alix agar | sunisa kim | - | kristin novak | lisa terisita |
| liza hartling | vicki karpinski | - | moet meira | ashley puida |
| faith maxwell | katie montgomery | ania zalewski | caitlin ann | ines alecsandra |
| amy currie | rebecca lynn | - | zoya malyuk | gianna dimarco |
| dina rivera | farrah mancini | - | rochelle franklin | melissa puente |
| amanda melissa | michelle lavoie | missi mcglone | lucy clay | amber mross |

==============current step===========
Thought 1: I need to determine the number of models in odd weeks (1, 3, 5) and even weeks (2, 4).  
Action 1: Retrieve[Retrieve all entries in columns for weeks 1, 3, 5 (odd) and weeks 2, 4 (even).]  
Observation 1: | week 1 | week 3 | week 5 | week 2 | week 4 |
| jennifer nahra | shamron moore | - | lana kinear | terri lynn farrow |
| mimi wills | marz hook | - | alicia burley | madison marie |
| iliana fischer | danielle devon | hazell serrano | brianne bailey | nancie tyler le |
| erin nicole | tiffany lang | - | gabriella broder | natasha kozakova |
| jessica renee | rose marie | - | marina semenova | erin fiedler |
| rebecca dipietro | jackie bean | karouna kay sivilay | kristin kerry | nicole woodruff |
| alix agar | sunisa kim | - | kristin novak | lisa terisita |
| liza hartling | vicki karpinski | - | moet meira | ashley puida |
| faith maxwell | katie montgomery | ania zalewski | caitlin ann | ines alecsandra |
| amy currie | rebecca lynn | - | zoya malyuk | gianna dimarco |
| dina rivera | farrah mancini | - | rochelle franklin | melissa puente |
| amanda melissa | michelle lavoie | missi mcglone | lucy clay | amber mross |

==============current step===========
Thought 1: I need to determine the number of models in odd weeks (1, 3, 5) and even weeks (2, 4).  
Action 1: Retrieve[Retrieve all entries in columns for weeks 1, 3, 5 (odd) and weeks 2, 4 (even).]  
Observation 1: | week 1 | week 3 | week 5 | week 2 | week 4 |
| jennifer nahra | shamron moore | - | lana kinear | terri lynn farrow |
| mimi wills | marz hook | - | alicia burley | madison marie |
| iliana fischer | danielle devon | hazell serrano | brianne bailey | nancie tyler le |
| erin nicole | tiffany lang | - | gabriella broder | natasha kozakova |
| jessica renee | rose marie | - | marina semenova | erin fiedler |
| rebecca dipietro | jackie bean | karouna kay sivilay | kristin kerry | nicole woodruff |
| alix agar | sunisa kim | - | kristin novak | lisa terisita |
| liza hartling | vicki karpinski | - | moet meira | ashley puida |
| faith maxwell | katie montgomery | ania zalewski | caitlin ann | ines alecsandra |
| amy currie | rebecca lynn | - | zoya malyuk | gianna dimarco |
| dina rivera | farrah mancini | - | rochelle franklin | melissa puente |
| amanda melissa | michelle lavoie | missi mcglone | lucy clay | amber mross |

Finished Trial 1, Correct: 1, Incorrect: 0, Halted: 1

=== sample 16 id=crt-476 start ===
=== sample 16 returncode=0 end ===
/home/ubuntu/miniconda3/envs/lzz-agent/lib/python3.11/site-packages/langchain/__init__.py:29: UserWarning: Importing Wikipedia from langchain root module is no longer supported. Please use langchain.docstore.Wikipedia instead.
  warnings.warn(
/home/ubuntu/miniconda3/envs/lzz-agent/lib/python3.11/site-packages/langchain_core/_api/deprecation.py:119: LangChainDeprecationWarning: The class `DocstoreExplorer` was deprecated in LangChain 0.1.0 and will be removed in 0.3.0
  warn_deprecated(
==============current step===========
Thought 1: I need to determine the release years of all singles and calculate the gaps between consecutive releases. The longest gap will be the maximum difference between two consecutive years.
Action 1: Retrieve[Retrieve all unique years when singles were released.]
Observation 1: 1981, 1985, 1994

==============current step===========
Thought 1: I need to determine the release years of all singles and calculate the gaps between consecutive releases. The longest gap will be the maximum difference between two consecutive years.
Action 1: Retrieve[Retrieve all unique years when singles were released.]
Observation 1: 1981, 1985, 1994
Thought 2: The unique release years are 1981, 1985, and 1994. The gaps between consecutive releases are 1985-1981=4 years and 1994-1985=9 years. The longest gap is 9 years.
Action 2: Finish[9]

Finished Trial 1, Correct: 0, Incorrect: 1, Halted: 0

=== sample 17 id=crt-319 start ===
=== sample 17 returncode=0 end ===
/home/ubuntu/miniconda3/envs/lzz-agent/lib/python3.11/site-packages/langchain/__init__.py:29: UserWarning: Importing Wikipedia from langchain root module is no longer supported. Please use langchain.docstore.Wikipedia instead.
  warnings.warn(
/home/ubuntu/miniconda3/envs/lzz-agent/lib/python3.11/site-packages/langchain_core/_api/deprecation.py:119: LangChainDeprecationWarning: The class `DocstoreExplorer` was deprecated in LangChain 0.1.0 and will be removed in 0.3.0
  warn_deprecated(
==============current step===========

==============current step===========
Thought 1: I need to check if the college states align with the hometown states for the players.  
Action 1: Retrieve[Retrieve the 'hometown' and 'college' columns.]  
Observation 1: | hometown | college |
| fargo , north dakota | missouri |
| washington , dc | ucla |
| cincinnati , ohio | wisconsin |
| indianapolis , indiana | virginia tech |
| springfield , ohio | alabama |
| detroit , michigan | michigan state |
| mission viejo , california | southern california |
| pewaukee , wisconsin | wisconsin |
| coppell , texas | syracuse ( lacrosse ) |
| davenport , florida | florida state |
| akron , ohio | ohio state |
| jackson , tennessee | alabama |

==============current step===========
Thought 1: I need to check if the college states align with the hometown states for the players.  
Action 1: Retrieve[Retrieve the 'hometown' and 'college' columns.]  
Observation 1: | hometown | college |
| fargo , north dakota | missouri |
| washington , dc | ucla |
| cincinnati , ohio | wisconsin |
| indianapolis , indiana | virginia tech |
| springfield , ohio | alabama |
| detroit , michigan | michigan state |
| mission viejo , california | southern california |
| pewaukee , wisconsin | wisconsin |
| coppell , texas | syracuse ( lacrosse ) |
| davenport , florida | florida state |
| akron , ohio | ohio state |
| jackson , tennessee | alabama |

Finished Trial 1, Correct: 0, Incorrect: 0, Halted: 1

=== sample 18 id=crt-228 start ===
=== sample 18 returncode=0 end ===
/home/ubuntu/miniconda3/envs/lzz-agent/lib/python3.11/site-packages/langchain/__init__.py:29: UserWarning: Importing Wikipedia from langchain root module is no longer supported. Please use langchain.docstore.Wikipedia instead.
  warnings.warn(
/home/ubuntu/miniconda3/envs/lzz-agent/lib/python3.11/site-packages/langchain_core/_api/deprecation.py:119: LangChainDeprecationWarning: The class `DocstoreExplorer` was deprecated in LangChain 0.1.0 and will be removed in 0.3.0
  warn_deprecated(
==============current step===========
Thought 1: I need to calculate the average number of golden tickets across all cities.  
Action 1: Calculate[Sum all "golden tickets" values and divide by the number of cities.]  
Observation 1: 46.2857  

==============current step===========
Thought 1: I need to calculate the average number of golden tickets across all cities.  
Action 1: Calculate[Sum all "golden tickets" values and divide by the number of cities.]  
Observation 1: 46.2857  
Thought 2: I need to compare each city's "golden tickets" value to the average (46.29) to identify significant deviations.  
Action 2: Retrieve[Retrieve all "golden tickets" values and their corresponding cities.]  
Observation 2: | audition city | golden tickets |
| east rutherford , new jersey | 51.0 |
| new orleans , louisiana | 37.0 |
| milwaukee , wisconsin | 53.0 |
| nashville , tennessee | 56 1 |
| austin , texas | 50.0 |
| los angeles , california | 30 1 |
| san francisco , california | 47 1 |

==============current step===========
Thought 1: I need to calculate the average number of golden tickets across all cities.  
Action 1: Calculate[Sum all "golden tickets" values and divide by the number of cities.]  
Observation 1: 46.2857  
Thought 2: I need to compare each city's "golden tickets" value to the average (46.29) to identify significant deviations.  
Action 2: Retrieve[Retrieve all "golden tickets" values and their corresponding cities.]  
Observation 2: | audition city | golden tickets |
| east rutherford , new jersey | 51.0 |
| new orleans , louisiana | 37.0 |
| milwaukee , wisconsin | 53.0 |
| nashville , tennessee | 56 1 |
| austin , texas | 50.0 |
| los angeles , california | 30 1 |
| san francisco , california | 47 1 |

Finished Trial 1, Correct: 1, Incorrect: 0, Halted: 1

=== sample 19 id=crt-567 start ===
=== sample 19 returncode=0 end ===
/home/ubuntu/miniconda3/envs/lzz-agent/lib/python3.11/site-packages/langchain/__init__.py:29: UserWarning: Importing Wikipedia from langchain root module is no longer supported. Please use langchain.docstore.Wikipedia instead.
  warnings.warn(
/home/ubuntu/miniconda3/envs/lzz-agent/lib/python3.11/site-packages/langchain_core/_api/deprecation.py:119: LangChainDeprecationWarning: The class `DocstoreExplorer` was deprecated in LangChain 0.1.0 and will be removed in 0.3.0
  warn_deprecated(
==============current step===========
Thought 1: I need to analyze the home and away performance of ŠK Slovan Bratislava across different competitions (UEFA Champions League and UEFA Europa League) to determine if there is a difference.  
Action 1: Retrieve[Retrieve all rows with "home" and "away" columns.]  
Observation 1: | home | away |  
| 4 - 0 | 0 - 1 |  
| 0 - 2 | 0 - 2 |  
| 1 - 2 | 0 - 5 |  
| 1 - 1 | 2 - 1 |  
| 0 - 1 | 2 - 2 |  
| 2 - 0 | 1 - 1 |  
| 0 - 2 | 0 - 0 |  
| 1 - 0 | 1 - 1 |  
| 1 - 2 | 1 - 2 |  
| 2 - 3 | 0 - 3 |  
| 0 - 0 | 0 - 1 |  
| 1 - 1 | 0 - 0 |  
| 2 - 1 | 0 - 3 |  

==============current step===========
Thought 1: I need to analyze the home and away performance of ŠK Slovan Bratislava across different competitions (UEFA Champions League and UEFA Europa League) to determine if there is a difference.  
Action 1: Retrieve[Retrieve all rows with "home" and "away" columns.]  
Observation 1: | home | away |  
| 4 - 0 | 0 - 1 |  
| 0 - 2 | 0 - 2 |  
| 1 - 2 | 0 - 5 |  
| 1 - 1 | 2 - 1 |  
| 0 - 1 | 2 - 2 |  
| 2 - 0 | 1 - 1 |  
| 0 - 2 | 0 - 0 |  
| 1 - 0 | 1 - 1 |  
| 1 - 2 | 1 - 2 |  
| 2 - 3 | 0 - 3 |  
| 0 - 0 | 0 - 1 |  
| 1 - 1 | 0 - 0 |  
| 2 - 1 | 0 - 3 |  
Thought 2: I need to compare home and away performance across competitions. For example, in UEFA Champions League, they had a 4-0 home win but a 0-2 away loss, while in UEFA Europa League, they had a 1-2 home loss and a 2-1 away win. The performance varies significantly between competitions.  
Action 2: Finish[Yes.]

Finished Trial 1, Correct: 1, Incorrect: 0, Halted: 0

=== sample 20 id=crt-716 start ===
=== sample 20 returncode=0 end ===
/home/ubuntu/miniconda3/envs/lzz-agent/lib/python3.11/site-packages/langchain/__init__.py:29: UserWarning: Importing Wikipedia from langchain root module is no longer supported. Please use langchain.docstore.Wikipedia instead.
  warnings.warn(
/home/ubuntu/miniconda3/envs/lzz-agent/lib/python3.11/site-packages/langchain_core/_api/deprecation.py:119: LangChainDeprecationWarning: The class `DocstoreExplorer` was deprecated in LangChain 0.1.0 and will be removed in 0.3.0
  warn_deprecated(
==============current step===========
Thought 1: I need to identify the finals that Patrick Rafter won. These are the rows where the outcome is "winner".  
Action 1: Retrieve[Retrieve rows where outcome is "winner".]  
Observation 1: | outcome | year | championship | surface | opponent in the final | score in the final |
| winner | 1998.0 | canada (toronto) | hard | richard krajicek | 7 - 6 (7 - 3) , 6 - 4 |
| winner | 1998.0 | cincinnati | hard | pete sampras | 1 - 6 , 7 - 6 (7 - 2) , 6 - 4 |

==============current step===========
Thought 1: I need to identify the finals that Patrick Rafter won. These are the rows where the outcome is "winner".  
Action 1: Retrieve[Retrieve rows where outcome is "winner".]  
Observation 1: | outcome | year | championship | surface | opponent in the final | score in the final |
| winner | 1998.0 | canada (toronto) | hard | richard krajicek | 7 - 6 (7 - 3) , 6 - 4 |
| winner | 1998.0 | cincinnati | hard | pete sampras | 1 - 6 , 7 - 6 (7 - 2) , 6 - 4 |
Thought 2: The average score in the finals Rafter won is 6.5 games per set.  
Action 2: Finish[6.5]

Finished Trial 1, Correct: 0, Incorrect: 1, Halted: 0

=== sample 21 id=crt-305 start ===
=== sample 21 returncode=0 end ===
/home/ubuntu/miniconda3/envs/lzz-agent/lib/python3.11/site-packages/langchain/__init__.py:29: UserWarning: Importing Wikipedia from langchain root module is no longer supported. Please use langchain.docstore.Wikipedia instead.
  warnings.warn(
/home/ubuntu/miniconda3/envs/lzz-agent/lib/python3.11/site-packages/langchain_core/_api/deprecation.py:119: LangChainDeprecationWarning: The class `DocstoreExplorer` was deprecated in LangChain 0.1.0 and will be removed in 0.3.0
  warn_deprecated(
==============current step===========
Thought 1: I need to identify drivers who retired due to an accident and those who retired for other reasons, then compare their lap counts.  
Action 1: Retrieve[Retrieve rows where "time / retired" contains "retired - accident" or other specified reasons.]  
Observation 1:  
| name           | laps | time / retired                          |  
|----------------|------|------------------------------------------|  
| jason bright   | 23   | 44:02.3081 (retired - accident)          |  
| steven richards| 23   | 44:02.5801 (retired - accident)          |  
| todd kelly     | 22   | 41:39.7166 (retired - accident)          |  
| shane price    | 19   | 36:34.5323 (retired)                     |  
| paul morris    | 13   | 26:11.5449 (retired - engine)            |  
| simon wills    | 10   | 19:02.4680 (retired - accident)          |  
| andrew jones   | 1    | 2:09.2048 (retired - engine)             |  

==============current step===========
Thought 1: I need to identify drivers who retired due to an accident and those who retired for other reasons, then compare their lap counts.  
Action 1: Retrieve[Retrieve rows where "time / retired" contains "retired - accident" or other specified reasons.]  
Observation 1:  
| name           | laps | time / retired                          |  
|----------------|------|------------------------------------------|  
| jason bright   | 23   | 44:02.3081 (retired - accident)          |  
| steven richards| 23   | 44:02.5801 (retired - accident)          |  
| todd kelly     | 22   | 41:39.7166 (retired - accident)          |  
| shane price    | 19   | 36:34.5323 (retired)                     |  
| paul morris    | 13   | 26:11.5449 (retired - engine)            |  
| simon wills    | 10   | 19:02.4680 (retired - accident)          |  
| andrew jones   | 1    | 2:09.2048 (retired - engine)             |  

==============current step===========
Thought 1: I need to identify drivers who retired due to an accident and those who retired for other reasons, then compare their lap counts.  
Action 1: Retrieve[Retrieve rows where "time / retired" contains "retired - accident" or other specified reasons.]  
Observation 1:  
| name           | laps | time / retired                          |  
|----------------|------|------------------------------------------|  
| jason bright   | 23   | 44:02.3081 (retired - accident)          |  
| steven richards| 23   | 44:02.5801 (retired - accident)          |  
| todd kelly     | 22   | 41:39.7166 (retired - accident)          |  
| shane price    | 19   | 36:34.5323 (retired)                     |  
| paul morris    | 13   | 26:11.5449 (retired - engine)            |  
| simon wills    | 10   | 19:02.4680 (retired - accident)          |  
| andrew jones   | 1    | 2:09.2048 (retired - engine)             |  

Finished Trial 1, Correct: 1, Incorrect: 0, Halted: 1

=== sample 22 id=crt-9 start ===
=== sample 22 returncode=0 end ===
/home/ubuntu/miniconda3/envs/lzz-agent/lib/python3.11/site-packages/langchain/__init__.py:29: UserWarning: Importing Wikipedia from langchain root module is no longer supported. Please use langchain.docstore.Wikipedia instead.
  warnings.warn(
/home/ubuntu/miniconda3/envs/lzz-agent/lib/python3.11/site-packages/langchain_core/_api/deprecation.py:119: LangChainDeprecationWarning: The class `DocstoreExplorer` was deprecated in LangChain 0.1.0 and will be removed in 0.3.0
  warn_deprecated(
==============current step===========
Thought 1: I need to first retrieve the score of the top finisher (Ben Hogan) and the scores of all other players.  
Action 1: Retrieve[Retrieve rows where place is "1" to get Ben Hogan's score.]  
Observation 1: | place | player | country | score | to par |
| 1.0 | ben hogan | united states | 70 + 69 = 139 | - 5 |

==============current step===========
Thought 1: I need to first retrieve the score of the top finisher (Ben Hogan) and the scores of all other players.  
Action 1: Retrieve[Retrieve rows where place is "1" to get Ben Hogan's score.]  
Observation 1: | place | player | country | score | to par |
| 1.0 | ben hogan | united states | 70 + 69 = 139 | - 5 |
Thought 2: I need to retrieve the scores of all other players (excluding Ben Hogan) to calculate the differences.  
Action 2: Retrieve[Retrieve rows where place is not "1" to get the scores of the rest of the players.]  
Observation 2: | place | player | country | score | to par |
| 2.0 | bob hamilton | united states | 71 + 69 = 140 | - 4 |
| t3 | chick harbert | united states | 68 + 73 = 141 | - 3 |
| t3 | ted kroll | united states | 71 + 70 = 141 | - 3 |
| t5 | lloyd mangrum | united states | 74 + 68 = 142 | - 2 |
| t5 | milan marusic | united states | 70 + 72 = 142 | - 2 |
| t5 | ed oliver | united states | 69 + 73 = 142 | - 2 |
| t8 | al besselink | united states | 69 + 75 = 144 | e |
| t8 | julius boros | united states | 73 + 71 = 144 | e |
| t8 | lew worsham | united states | 74 + 70 = 144 | e |

==============current step===========
Thought 1: I need to first retrieve the score of the top finisher (Ben Hogan) and the scores of all other players.  
Action 1: Retrieve[Retrieve rows where place is "1" to get Ben Hogan's score.]  
Observation 1: | place | player | country | score | to par |
| 1.0 | ben hogan | united states | 70 + 69 = 139 | - 5 |
Thought 2: I need to retrieve the scores of all other players (excluding Ben Hogan) to calculate the differences.  
Action 2: Retrieve[Retrieve rows where place is not "1" to get the scores of the rest of the players.]  
Observation 2: | place | player | country | score | to par |
| 2.0 | bob hamilton | united states | 71 + 69 = 140 | - 4 |
| t3 | chick harbert | united states | 68 + 73 = 141 | - 3 |
| t3 | ted kroll | united states | 71 + 70 = 141 | - 3 |
| t5 | lloyd mangrum | united states | 74 + 68 = 142 | - 2 |
| t5 | milan marusic | united states | 70 + 72 = 142 | - 2 |
| t5 | ed oliver | united states | 69 + 73 = 142 | - 2 |
| t8 | al besselink | united states | 69 + 75 = 144 | e |
| t8 | julius boros | united states | 73 + 71 = 144 | e |
| t8 | lew worsham | united states | 74 + 70 = 144 | e |
Thought 3: I need to calculate the average difference by summing all individual differences and dividing by the number of players. The differences are 1, 2, 2, 3, 3, 3, 5, 5, 5. Summing these gives 29, and dividing by 9 players yields approximately 3.22.
Action 3: Calculate[Calculate the average of the differences: (1 + 2 + 2 + 3 + 3 + 3 + 5 + 5 + 5) / 9]
Observation 3: 3.2222222222222223

Finished Trial 1, Correct: 0, Incorrect: 0, Halted: 1

=== sample 23 id=crt-368 start ===
=== sample 23 returncode=0 end ===
/home/ubuntu/miniconda3/envs/lzz-agent/lib/python3.11/site-packages/langchain/__init__.py:29: UserWarning: Importing Wikipedia from langchain root module is no longer supported. Please use langchain.docstore.Wikipedia instead.
  warnings.warn(
/home/ubuntu/miniconda3/envs/lzz-agent/lib/python3.11/site-packages/langchain_core/_api/deprecation.py:119: LangChainDeprecationWarning: The class `DocstoreExplorer` was deprecated in LangChain 0.1.0 and will be removed in 0.3.0
  warn_deprecated(
==============current step===========

==============current step===========
Thought 1: I need to analyze if the engine type correlates with points across different chassis. First, retrieve all rows to examine engine types and points.  
Action 1: Retrieve[Retrieve all rows with engine (s) and points columns.]  
Observation 1: | engine (s) | points |
| zakspeed s4 t / c | 0.0 |
| zakspeed s4 t / c | 0.0 |
| zakspeed s4 t / c | 2.0 |
| zakspeed s4 t / c | 0.0 |
| yamaha v8 | 0.0 |

==============current step===========
Thought 1: I need to analyze if the engine type correlates with points across different chassis. First, retrieve all rows to examine engine types and points.  
Action 1: Retrieve[Retrieve all rows with engine (s) and points columns.]  
Observation 1: | engine (s) | points |
| zakspeed s4 t / c | 0.0 |
| zakspeed s4 t / c | 0.0 |
| zakspeed s4 t / c | 2.0 |
| zakspeed s4 t / c | 0.0 |
| yamaha v8 | 0.0 |
Thought 2: The Zakspeed S4 T/C engine was used in 4 years (1985–1988) with points: 0, 0, 2, 0. The Yamaha V8 in 1989 had 0 points. The same engine (S4 T/C) produced varying points (0 and 2) across different chassis (841, 861, 871, 881). This inconsistency indicates no consistent effect of engine type on points.  
Action 2: Finish[No.]

Finished Trial 1, Correct: 1, Incorrect: 0, Halted: 0

=== sample 24 id=crt-715 start ===
=== sample 24 returncode=0 end ===
/home/ubuntu/miniconda3/envs/lzz-agent/lib/python3.11/site-packages/langchain/__init__.py:29: UserWarning: Importing Wikipedia from langchain root module is no longer supported. Please use langchain.docstore.Wikipedia instead.
  warnings.warn(
/home/ubuntu/miniconda3/envs/lzz-agent/lib/python3.11/site-packages/langchain_core/_api/deprecation.py:119: LangChainDeprecationWarning: The class `DocstoreExplorer` was deprecated in LangChain 0.1.0 and will be removed in 0.3.0
  warn_deprecated(
==============current step===========
Thought 1: I need to determine the most common elevation source (bishop, priest, deacon) by counting occurrences in the "order and title" column.  
Action 1: Retrieve[Extract the "order and title" column values.]  
Observation 1: | order and title |
| cardinal - bishop of frascati |
| cardinal - bishop of sabina |
| cardinal - priest of ss silvestro e martino |
| cardinal - priest of s prassede |
| cardinal - priest of s marco |
| cardinal - deacon of s angelo in pescheria |
| cardinal - deacon of s nicola in carcere tulliano |
| cardinal - deacon of s maria in cosmedin |
| cardinal - deacon of s giorgio in velabro |
| cardinal - deacon of s maria in portico |

==============current step===========
Thought 1: I need to determine the most common elevation source (bishop, priest, deacon) by counting occurrences in the "order and title" column.  
Action 1: Retrieve[Extract the "order and title" column values.]  
Observation 1: | order and title |
| cardinal - bishop of frascati |
| cardinal - bishop of sabina |
| cardinal - priest of ss silvestro e martino |
| cardinal - priest of s prassede |
| cardinal - priest of s marco |
| cardinal - deacon of s angelo in pescheria |
| cardinal - deacon of s nicola in carcere tulliano |
| cardinal - deacon of s maria in cosmedin |
| cardinal - deacon of s giorgio in velabro |
| cardinal - deacon of s maria in portico |
Thought 2: I need to count the occurrences of each elevation type (bishop, priest, deacon) in the "order and title" column.  
Action 2: Calculate[Count the number of "bishop", "priest", and "deacon" in the retrieved list.]  
Observation 2: Bishop: 2, Priest: 3, Deacon: 5.  

==============current step===========
Thought 1: I need to determine the most common elevation source (bishop, priest, deacon) by counting occurrences in the "order and title" column.  
Action 1: Retrieve[Extract the "order and title" column values.]  
Observation 1: | order and title |
| cardinal - bishop of frascati |
| cardinal - bishop of sabina |
| cardinal - priest of ss silvestro e martino |
| cardinal - priest of s prassede |
| cardinal - priest of s marco |
| cardinal - deacon of s angelo in pescheria |
| cardinal - deacon of s nicola in carcere tulliano |
| cardinal - deacon of s maria in cosmedin |
| cardinal - deacon of s giorgio in velabro |
| cardinal - deacon of s maria in portico |
Thought 2: I need to count the occurrences of each elevation type (bishop, priest, deacon) in the "order and title" column.  
Action 2: Calculate[Count the number of "bishop", "priest", and "deacon" in the retrieved list.]  
Observation 2: Bishop: 2, Priest: 3, Deacon: 5.  
Thought 3: The counts show that "deacon" appears most frequently (5 times) compared to "priest" (3 times) and "bishop" (2 times). Therefore, the most common source of elevation is "deacon".  
Action 3: Finish[deacon]

Finished Trial 1, Correct: 1, Incorrect: 0, Halted: 0

=== sample 25 id=crt-409 start ===
=== sample 25 returncode=0 end ===
/home/ubuntu/miniconda3/envs/lzz-agent/lib/python3.11/site-packages/langchain/__init__.py:29: UserWarning: Importing Wikipedia from langchain root module is no longer supported. Please use langchain.docstore.Wikipedia instead.
  warnings.warn(
/home/ubuntu/miniconda3/envs/lzz-agent/lib/python3.11/site-packages/langchain_core/_api/deprecation.py:119: LangChainDeprecationWarning: The class `DocstoreExplorer` was deprecated in LangChain 0.1.0 and will be removed in 0.3.0
  warn_deprecated(
==============current step===========
Thought 1: I need to check if Wayne Pearce (c) is listed in the same position across all four games. The table shows "lock" as his position in games 1-3, but in game 4, "paul langmack" is listed under "lock," indicating Wayne Pearce did not play in that position in game 4.  
Action 1: Retrieve[Retrieve the rows where the player is "wayne pearce (c)" or "wayne pearce".]  
Observation 1: | position | game 1 | game 2 | game 3 | game 4 |  
| lock | wayne pearce (c) | wayne pearce (c) | wayne pearce (c) | paul langmack |  

==============current step===========
Thought 1: I need to check if Wayne Pearce (c) is listed in the same position across all four games. The table shows "lock" as his position in games 1-3, but in game 4, "paul langmack" is listed under "lock," indicating Wayne Pearce did not play in that position in game 4.  
Action 1: Retrieve[Retrieve the rows where the player is "wayne pearce (c)" or "wayne pearce".]  
Observation 1: | position | game 1 | game 2 | game 3 | game 4 |  
| lock | wayne pearce (c) | wayne pearce (c) | wayne pearce (c) | paul langmack |  
Thought 2: Wayne Pearce (c) was listed as "lock" in games 1-3 but not in game 4, where Paul Langmack took the position. This confirms he did not play the same position in all four games.  
Action 2: Finish[No.]

Finished Trial 1, Correct: 1, Incorrect: 0, Halted: 0

=== sample 26 id=crt-26 start ===
=== sample 26 returncode=0 end ===
/home/ubuntu/miniconda3/envs/lzz-agent/lib/python3.11/site-packages/langchain/__init__.py:29: UserWarning: Importing Wikipedia from langchain root module is no longer supported. Please use langchain.docstore.Wikipedia instead.
  warnings.warn(
/home/ubuntu/miniconda3/envs/lzz-agent/lib/python3.11/site-packages/langchain_core/_api/deprecation.py:119: LangChainDeprecationWarning: The class `DocstoreExplorer` was deprecated in LangChain 0.1.0 and will be removed in 0.3.0
  warn_deprecated(
==============current step===========
Thought 1: To find the community with the largest absolute population increase, I need to calculate the difference between 2011 and 2006 populations for each community.
Action 1: Retrieve[Retrieve the 'name', 'population (2011)', and 'population (2006)' columns.]
Observation 1: | name | population (2011) | population (2006) |
| air ronge | 1043.0 | 1032.0 |
| beauval | 756.0 | 806.0 |
| buffalo narrows | 1153.0 | 1081.0 |
| cumberland house | 772.0 | 810.0 |
| denare beach | 820.0 | 785.0 |
| green lake | 418.0 | 361.0 |
| île - à - la - crosse | 1365.0 | 1341.0 |
| la loche | 2611.0 | 2348.0 |
| pelican narrows | 790.0 | 599.0 |
| pinehouse | 978.0 | 1076.0 |
| sandy bay | 1233.0 | 1175.0 |
| total northern villages | 11939.0 | 11414.0 |

==============current step===========
Thought 1: To find the community with the largest absolute population increase, I need to calculate the difference between 2011 and 2006 populations for each community.
Action 1: Retrieve[Retrieve the 'name', 'population (2011)', and 'population (2006)' columns.]
Observation 1: | name | population (2011) | population (2006) |
| air ronge | 1043.0 | 1032.0 |
| beauval | 756.0 | 806.0 |
| buffalo narrows | 1153.0 | 1081.0 |
| cumberland house | 772.0 | 810.0 |
| denare beach | 820.0 | 785.0 |
| green lake | 418.0 | 361.0 |
| île - à - la - crosse | 1365.0 | 1341.0 |
| la loche | 2611.0 | 2348.0 |
| pelican narrows | 790.0 | 599.0 |
| pinehouse | 978.0 | 1076.0 |
| sandy bay | 1233.0 | 1175.0 |
| total northern villages | 11939.0 | 11414.0 |
Thought 2: I need to calculate the absolute population increase for each community by subtracting 2006 population from 2011 population.  
Action 2: Calculate[Calculate the difference between 2011 and 2006 populations for each community.]  
Observation 2: | name | absolute_increase |  
| air ronge | 11.0 |  
| beauval | -50.0 |  
| buffalo narrows | 72.0 |  
| cumberland house | -38.0 |  
| denare beach | 35.0 |  
| green lake | 57.0 |  
| île - à - la - crosse | 24.0 |  
| la loche | 263.0 |  
| pelican narrows | 191.0 |  
| pinehouse | -98.0 |  
| sandy bay | 58.0 |  

==============current step===========
Thought 1: To find the community with the largest absolute population increase, I need to calculate the difference between 2011 and 2006 populations for each community.
Action 1: Retrieve[Retrieve the 'name', 'population (2011)', and 'population (2006)' columns.]
Observation 1: | name | population (2011) | population (2006) |
| air ronge | 1043.0 | 1032.0 |
| beauval | 756.0 | 806.0 |
| buffalo narrows | 1153.0 | 1081.0 |
| cumberland house | 772.0 | 810.0 |
| denare beach | 820.0 | 785.0 |
| green lake | 418.0 | 361.0 |
| île - à - la - crosse | 1365.0 | 1341.0 |
| la loche | 2611.0 | 2348.0 |
| pelican narrows | 790.0 | 599.0 |
| pinehouse | 978.0 | 1076.0 |
| sandy bay | 1233.0 | 1175.0 |
| total northern villages | 11939.0 | 11414.0 |
Thought 2: I need to calculate the absolute population increase for each community by subtracting 2006 population from 2011 population.  
Action 2: Calculate[Calculate the difference between 2011 and 2006 populations for each community.]  
Observation 2: | name | absolute_increase |  
| air ronge | 11.0 |  
| beauval | -50.0 |  
| buffalo narrows | 72.0 |  
| cumberland house | -38.0 |  
| denare beach | 35.0 |  
| green lake | 57.0 |  
| île - à - la - crosse | 24.0 |  
| la loche | 263.0 |  
| pelican narrows | 191.0 |  
| pinehouse | -98.0 |  
| sandy bay | 58.0 |  
Thought 3: The community with the largest absolute increase is La Loche with 263.0.  
Action 3: Finish[La Loche.]

Finished Trial 1, Correct: 1, Incorrect: 0, Halted: 0

=== sample 27 id=crt-402 start ===
=== sample 27 returncode=0 end ===
/home/ubuntu/miniconda3/envs/lzz-agent/lib/python3.11/site-packages/langchain/__init__.py:29: UserWarning: Importing Wikipedia from langchain root module is no longer supported. Please use langchain.docstore.Wikipedia instead.
  warnings.warn(
/home/ubuntu/miniconda3/envs/lzz-agent/lib/python3.11/site-packages/langchain_core/_api/deprecation.py:119: LangChainDeprecationWarning: The class `DocstoreExplorer` was deprecated in LangChain 0.1.0 and will be removed in 0.3.0
  warn_deprecated(
==============current step===========
Thought 1: I need to check the team classification column for all stages to see if the same team is listed each time.
Action 1: Retrieve[Retrieve the team classification column for all stages.]
Observation 1: | stage | team classification |
| 1.0 | bissell |
| 2.0 | bissell |
| 3.0 | bissell |
| 4.0 | bissell |
| 5.0 | bissell |
| 6.0 | bissell |

==============current step===========
Thought 1: I need to check the team classification column for all stages to see if the same team is listed each time.
Action 1: Retrieve[Retrieve the team classification column for all stages.]
Observation 1: | stage | team classification |
| 1.0 | bissell |
| 2.0 | bissell |
| 3.0 | bissell |
| 4.0 | bissell |
| 5.0 | bissell |
| 6.0 | bissell |
Thought 2: All entries in the team classification column are "bissell," indicating the same team led throughout all stages.  
Action 2: Finish[Yes.]

Finished Trial 1, Correct: 1, Incorrect: 0, Halted: 0

=== sample 28 id=crt-219 start ===
=== sample 28 returncode=0 end ===
/home/ubuntu/miniconda3/envs/lzz-agent/lib/python3.11/site-packages/langchain/__init__.py:29: UserWarning: Importing Wikipedia from langchain root module is no longer supported. Please use langchain.docstore.Wikipedia instead.
  warnings.warn(
/home/ubuntu/miniconda3/envs/lzz-agent/lib/python3.11/site-packages/langchain_core/_api/deprecation.py:119: LangChainDeprecationWarning: The class `DocstoreExplorer` was deprecated in LangChain 0.1.0 and will be removed in 0.3.0
  warn_deprecated(
==============current step===========
Thought 1: I need to identify all Division 1 teams in the table and check their second-round scores to see if they failed to score (i.e., scored 0).  
Action 1: Retrieve[Retrieve all rows where either team 1 or team 2 is a Division 1 team (marked with (d1)).]  
Observation 1: | team 1 | score | team 2 | 1st round | 2nd round |
| toulouse fc (d1) | 2 - 2 | ogc nice (d1) | 1 - 1 | 1 - 1 |
| lille osc (d1) | 2 - 2 | aj auxerre (d1) | 1 - 0 | 1 - 2 |
| montpellier hsc (d1) | 2 - 3 | fc sochaux - montbéliard (d2) | 2 - 2 | 0 - 1 |
| stade de reims (d2) | 2 - 1 | le havre ac (d1) | 2 - 0 | 0 - 1 |
| fc metz (d1) | 3 - 0 | fc mulhouse (d2) | 1 - 0 | 2 - 0 |
| fc sète (d2) | 0 - 1 | rc lens (d1) | 0 - 0 | 0 - 1 |

==============current step===========
Thought 1: I need to identify all Division 1 teams in the table and check their second-round scores to see if they failed to score (i.e., scored 0).  
Action 1: Retrieve[Retrieve all rows where either team 1 or team 2 is a Division 1 team (marked with (d1)).]  
Observation 1: | team 1 | score | team 2 | 1st round | 2nd round |
| toulouse fc (d1) | 2 - 2 | ogc nice (d1) | 1 - 1 | 1 - 1 |
| lille osc (d1) | 2 - 2 | aj auxerre (d1) | 1 - 0 | 1 - 2 |
| montpellier hsc (d1) | 2 - 3 | fc sochaux - montbéliard (d2) | 2 - 2 | 0 - 1 |
| stade de reims (d2) | 2 - 1 | le havre ac (d1) | 2 - 0 | 0 - 1 |
| fc metz (d1) | 3 - 0 | fc mulhouse (d2) | 1 - 0 | 2 - 0 |
| fc sète (d2) | 0 - 1 | rc lens (d1) | 0 - 0 | 0 - 1 |
Thought 2: I need to analyze the second-round scores of each Division 1 team to determine how many scored 0.  
Action 2: Calculate[Count the number of Division 1 teams with a second-round score of 0.]  
Observation 2: 3 (Montpellier HSC, Le Havre AC, RC Lens).  

==============current step===========
Thought 1: I need to identify all Division 1 teams in the table and check their second-round scores to see if they failed to score (i.e., scored 0).  
Action 1: Retrieve[Retrieve all rows where either team 1 or team 2 is a Division 1 team (marked with (d1)).]  
Observation 1: | team 1 | score | team 2 | 1st round | 2nd round |
| toulouse fc (d1) | 2 - 2 | ogc nice (d1) | 1 - 1 | 1 - 1 |
| lille osc (d1) | 2 - 2 | aj auxerre (d1) | 1 - 0 | 1 - 2 |
| montpellier hsc (d1) | 2 - 3 | fc sochaux - montbéliard (d2) | 2 - 2 | 0 - 1 |
| stade de reims (d2) | 2 - 1 | le havre ac (d1) | 2 - 0 | 0 - 1 |
| fc metz (d1) | 3 - 0 | fc mulhouse (d2) | 1 - 0 | 2 - 0 |
| fc sète (d2) | 0 - 1 | rc lens (d1) | 0 - 0 | 0 - 1 |
Thought 2: I need to analyze the second-round scores of each Division 1 team to determine how many scored 0.  
Action 2: Calculate[Count the number of Division 1 teams with a second-round score of 0.]  
Observation 2: 3 (Montpellier HSC, Le Havre AC, RC Lens).  

Finished Trial 1, Correct: 1, Incorrect: 0, Halted: 1

=== sample 29 id=crt-682 start ===
=== sample 29 returncode=0 end ===
/home/ubuntu/miniconda3/envs/lzz-agent/lib/python3.11/site-packages/langchain/__init__.py:29: UserWarning: Importing Wikipedia from langchain root module is no longer supported. Please use langchain.docstore.Wikipedia instead.
  warnings.warn(
/home/ubuntu/miniconda3/envs/lzz-agent/lib/python3.11/site-packages/langchain_core/_api/deprecation.py:119: LangChainDeprecationWarning: The class `DocstoreExplorer` was deprecated in LangChain 0.1.0 and will be removed in 0.3.0
  warn_deprecated(
==============current step===========
Thought 1: I need to analyze the "nation of citizenship" column to determine if certain countries or regions have more athletes winning awards.  
Action 1: Retrieve[Retrieve the "nation of citizenship" column.]  
Observation 1: | nation of citizenship |
| united states |
| united states |
| united states |
| canada |
| united states |
| united states |
| united states |
| united states |
| united states |
| united states and france |
| northern ireland |
| united states |

==============current step===========
Thought 1: I need to analyze the "nation of citizenship" column to determine if certain countries or regions have more athletes winning awards.  
Action 1: Retrieve[Retrieve the "nation of citizenship" column.]  
Observation 1: | nation of citizenship |
| united states |
| united states |
| united states |
| canada |
| united states |
| united states |
| united states |
| united states |
| united states |
| united states and france |
| northern ireland |
| united states |

==============current step===========
Thought 1: I need to analyze the "nation of citizenship" column to determine if certain countries or regions have more athletes winning awards.  
Action 1: Retrieve[Retrieve the "nation of citizenship" column.]  
Observation 1: | nation of citizenship |
| united states |
| united states |
| united states |
| canada |
| united states |
| united states |
| united states |
| united states |
| united states |
| united states and france |
| northern ireland |
| united states |

Finished Trial 1, Correct: 1, Incorrect: 0, Halted: 1

=== sample 30 id=crt-489 start ===
=== sample 30 returncode=0 end ===
/home/ubuntu/miniconda3/envs/lzz-agent/lib/python3.11/site-packages/langchain/__init__.py:29: UserWarning: Importing Wikipedia from langchain root module is no longer supported. Please use langchain.docstore.Wikipedia instead.
  warnings.warn(
/home/ubuntu/miniconda3/envs/lzz-agent/lib/python3.11/site-packages/langchain_core/_api/deprecation.py:119: LangChainDeprecationWarning: The class `DocstoreExplorer` was deprecated in LangChain 0.1.0 and will be removed in 0.3.0
  warn_deprecated(
==============current step===========
Thought 1: To find the average point difference between the top three pairs and the rest, I need to calculate the average points of the top three and the average points of the remaining pairs, then find the difference between these two averages.
Action 1: Retrieve[Retrieve the points of the top three pairs (ranks 1-3) and the rest (ranks 4-7).]  
Observation 1:  
Top three points: 128.39, 124.94, 116.67  
Rest points: 113.74, 114.12, 100.33, 94.27  

==============current step===========
Thought 1: To find the average point difference between the top three pairs and the rest, I need to calculate the average points of the top three and the average points of the remaining pairs, then find the difference between these two averages.
Action 1: Retrieve[Retrieve the points of the top three pairs (ranks 1-3) and the rest (ranks 4-7).]  
Observation 1:  
Top three points: 128.39, 124.94, 116.67  
Rest points: 113.74, 114.12, 100.33, 94.27  
Thought 2: Calculate the average points for the top three pairs and the rest.  
Action 2: Calculate[Calculate the average of the top three points (128.39, 124.94, 116.67) and the average of the rest (113.74, 114.12, 100.33, 94.27).]  
Observation 2:  
- Top three average: (128.39 + 124.94 + 116.67) / 3 = 123.33  
- Rest average: (113.74 + 114.12 + 100.33 + 94.27) / 4 = 105.62  

==============current step===========
Thought 1: To find the average point difference between the top three pairs and the rest, I need to calculate the average points of the top three and the average points of the remaining pairs, then find the difference between these two averages.
Action 1: Retrieve[Retrieve the points of the top three pairs (ranks 1-3) and the rest (ranks 4-7).]  
Observation 1:  
Top three points: 128.39, 124.94, 116.67  
Rest points: 113.74, 114.12, 100.33, 94.27  
Thought 2: Calculate the average points for the top three pairs and the rest.  
Action 2: Calculate[Calculate the average of the top three points (128.39, 124.94, 116.67) and the average of the rest (113.74, 114.12, 100.33, 94.27).]  
Observation 2:  
- Top three average: (128.39 + 124.94 + 116.67) / 3 = 123.33  
- Rest average: (113.74 + 114.12 + 100.33 + 94.27) / 4 = 105.62  
Thought 3: The average point difference is the difference between the top three average (123.33) and the rest average (105.62).  
Action 3: Calculate[Subtract 105.62 from 123.33 to find the difference.]  
Observation 3: 17.71  

Finished Trial 1, Correct: 0, Incorrect: 0, Halted: 1

=== sample 31 id=crt-377 start ===
=== sample 31 returncode=0 end ===
/home/ubuntu/miniconda3/envs/lzz-agent/lib/python3.11/site-packages/langchain/__init__.py:29: UserWarning: Importing Wikipedia from langchain root module is no longer supported. Please use langchain.docstore.Wikipedia instead.
  warnings.warn(
/home/ubuntu/miniconda3/envs/lzz-agent/lib/python3.11/site-packages/langchain_core/_api/deprecation.py:119: LangChainDeprecationWarning: The class `DocstoreExplorer` was deprecated in LangChain 0.1.0 and will be removed in 0.3.0
  warn_deprecated(
==============current step===========
Thought 1: I need to analyze the relationship between the players' heights and their positions. Typically, in basketball, guards are shorter, forwards are medium-height, and centers are the tallest. I will check if the data aligns with this pattern.
Action 1: Retrieve[Retrieve all rows with "position" and "height" columns.]
Observation 1: | position | height |
| guard | 1.8 |
| forward | 2.02 |
| center | 2.05 |
| guard | 1.92 |
| guard | 1.97 |
| guard | 1.93 |
| guard | 1.85 |
| guard | 1.85 |
| forward | 2.06 |
| center | 2.13 |
| forward | 2.13 |
| center | 2.13 |

==============current step===========
Thought 1: I need to analyze the relationship between the players' heights and their positions. Typically, in basketball, guards are shorter, forwards are medium-height, and centers are the tallest. I will check if the data aligns with this pattern.
Action 1: Retrieve[Retrieve all rows with "position" and "height" columns.]
Observation 1: | position | height |
| guard | 1.8 |
| forward | 2.02 |
| center | 2.05 |
| guard | 1.92 |
| guard | 1.97 |
| guard | 1.93 |
| guard | 1.85 |
| guard | 1.85 |
| forward | 2.06 |
| center | 2.13 |
| forward | 2.13 |
| center | 2.13 |

==============current step===========
Thought 1: I need to analyze the relationship between the players' heights and their positions. Typically, in basketball, guards are shorter, forwards are medium-height, and centers are the tallest. I will check if the data aligns with this pattern.
Action 1: Retrieve[Retrieve all rows with "position" and "height" columns.]
Observation 1: | position | height |
| guard | 1.8 |
| forward | 2.02 |
| center | 2.05 |
| guard | 1.92 |
| guard | 1.97 |
| guard | 1.93 |
| guard | 1.85 |
| guard | 1.85 |
| forward | 2.06 |
| center | 2.13 |
| forward | 2.13 |
| center | 2.13 |
Thought 2: The data shows guards are predominantly under 2.00m, forwards range from 2.02m to 2.13m, and centers are 2.05m or 2.13m. While there is some overlap (e.g., forwards and centers at 2.13m), the general trend aligns with typical basketball position-height correlations. This indicates a strong correlation.  
Action 2: Finish[Yes.]

Finished Trial 1, Correct: 1, Incorrect: 0, Halted: 0

=== sample 32 id=crt-247 start ===
=== sample 32 returncode=0 end ===
/home/ubuntu/miniconda3/envs/lzz-agent/lib/python3.11/site-packages/langchain/__init__.py:29: UserWarning: Importing Wikipedia from langchain root module is no longer supported. Please use langchain.docstore.Wikipedia instead.
  warnings.warn(
/home/ubuntu/miniconda3/envs/lzz-agent/lib/python3.11/site-packages/langchain_core/_api/deprecation.py:119: LangChainDeprecationWarning: The class `DocstoreExplorer` was deprecated in LangChain 0.1.0 and will be removed in 0.3.0
  warn_deprecated(
==============current step===========
Thought 1: I need to determine the most common day of the week from the "date" column in the table.  
Action 1: Retrieve[Retrieve the "date" column entries.]  
Observation 1: | date |
| sunday 3 february |
| wednesday 6 february |
| saturday 10 february |
| wednesday 13 february |
| saturday 16 february |
| wednesday 20 february |
| sunday 24 february |

==============current step===========
Thought 1: I need to determine the most common day of the week from the "date" column in the table.  
Action 1: Retrieve[Retrieve the "date" column entries.]  
Observation 1: | date |
| sunday 3 february |
| wednesday 6 february |
| saturday 10 february |
| wednesday 13 february |
| saturday 16 february |
| wednesday 20 february |
| sunday 24 february |
Thought 2: I need to count the frequency of each day of the week in the retrieved dates.  
Action 2: Calculate[Count occurrences of each day in the "date" column.]  
Observation 2:  
- Sunday: 2  
- Wednesday: 3  
- Saturday: 2  

==============current step===========
Thought 1: I need to determine the most common day of the week from the "date" column in the table.  
Action 1: Retrieve[Retrieve the "date" column entries.]  
Observation 1: | date |
| sunday 3 february |
| wednesday 6 february |
| saturday 10 february |
| wednesday 13 february |
| saturday 16 february |
| wednesday 20 february |
| sunday 24 february |
Thought 2: I need to count the frequency of each day of the week in the retrieved dates.  
Action 2: Calculate[Count occurrences of each day in the "date" column.]  
Observation 2:  
- Sunday: 2  
- Wednesday: 3  
- Saturday: 2  
Thought 3: The most frequent day is Wednesday with 3 occurrences, which is higher than Sunday and Saturday.  
Action 3: Finish[Wednesday.]

Finished Trial 1, Correct: 1, Incorrect: 0, Halted: 0

=== sample 33 id=crt-132 start ===
=== sample 33 returncode=0 end ===
/home/ubuntu/miniconda3/envs/lzz-agent/lib/python3.11/site-packages/langchain/__init__.py:29: UserWarning: Importing Wikipedia from langchain root module is no longer supported. Please use langchain.docstore.Wikipedia instead.
  warnings.warn(
/home/ubuntu/miniconda3/envs/lzz-agent/lib/python3.11/site-packages/langchain_core/_api/deprecation.py:119: LangChainDeprecationWarning: The class `DocstoreExplorer` was deprecated in LangChain 0.1.0 and will be removed in 0.3.0
  warn_deprecated(
==============current step===========

==============current step===========
Thought 1: I need to identify the counties in Maine and compare their median family income with their median household income.  
Action 1: Retrieve[Retrieve all rows where the county is in Maine (excluding the United States row).]  
Observation 1: | county | per capita income | median household income | median family income | population | number of households |
| cumberland | 31041.0 | 55658.0 | 71335.0 | 281674.0 | 117339.0 |
| lincoln | 28003.0 | 47678.0 | 58028.0 | 34457.0 | 15149.0 |
| york | 27137.0 | 55008.0 | 65077.0 | 197131.0 | 81009.0 |
| sagadahoc | 26983.0 | 55486.0 | 66650.0 | 35293.0 | 15088.0 |
| hancock | 26876.0 | 47533.0 | 60092.0 | 54418.0 | 24221.0 |
| knox | 25291.0 | 45264.0 | 55830.0 | 39736.0 | 17258.0 |
| kennebec | 24656.0 | 45973.0 | 56853.0 | 122151.0 | 51128.0 |
| penobscot | 22977.0 | 42658.0 | 54271.0 | 153923.0 | 62966.0 |
| androscoggin | 22752.0 | 44470.0 | 55045.0 | 107702.0 | 44315.0 |
| waldo | 22213.0 | 41312.0 | 50222.0 | 38786.0 | 16431.0 |
| oxford | 21254.0 | 39748.0 | 48000.0 | 57833.0 | 24300.0 |
| franklin | 20838.0 | 39831.0 | 48634.0 | 30768.0 | 13000.0 |
| somerset | 20709.0 | 36647.0 | 47177.0 | 52228.0 | 21927.0 |
| aroostook | 20251.0 | 36574.0 | 47114.0 | 71870.0 | 30961.0 |
| piscataquis | 19870.0 | 34016.0 | 43821.0 | 17535.0 | 7825.0 |
| washington | 19401.0 | 34859.0 | 43612.0 | 32856.0 | 14302.0 |

==============current step===========
Thought 1: I need to identify the counties in Maine and compare their median family income with their median household income.  
Action 1: Retrieve[Retrieve all rows where the county is in Maine (excluding the United States row).]  
Observation 1: | county | per capita income | median household income | median family income | population | number of households |
| cumberland | 31041.0 | 55658.0 | 71335.0 | 281674.0 | 117339.0 |
| lincoln | 28003.0 | 47678.0 | 58028.0 | 34457.0 | 15149.0 |
| york | 27137.0 | 55008.0 | 65077.0 | 197131.0 | 81009.0 |
| sagadahoc | 26983.0 | 55486.0 | 66650.0 | 35293.0 | 15088.0 |
| hancock | 26876.0 | 47533.0 | 60092.0 | 54418.0 | 24221.0 |
| knox | 25291.0 | 45264.0 | 55830.0 | 39736.0 | 17258.0 |
| kennebec | 24656.0 | 45973.0 | 56853.0 | 122151.0 | 51128.0 |
| penobscot | 22977.0 | 42658.0 | 54271.0 | 153923.0 | 62966.0 |
| androscoggin | 22752.0 | 44470.0 | 55045.0 | 107702.0 | 44315.0 |
| waldo | 22213.0 | 41312.0 | 50222.0 | 38786.0 | 16431.0 |
| oxford | 21254.0 | 39748.0 | 48000.0 | 57833.0 | 24300.0 |
| franklin | 20838.0 | 39831.0 | 48634.0 | 30768.0 | 13000.0 |
| somerset | 20709.0 | 36647.0 | 47177.0 | 52228.0 | 21927.0 |
| aroostook | 20251.0 | 36574.0 | 47114.0 | 71870.0 | 30961.0 |
| piscataquis | 19870.0 | 34016.0 | 43821.0 | 17535.0 | 7825.0 |
| washington | 19401.0 | 34859.0 | 43612.0 | 32856.0 | 14302.0 |
Thought 2: I need to check if any county in the observation has a median family income higher than the median household income. All rows show median family income exceeding median household income.  
Action 2: Finish[Yes.]

Finished Trial 1, Correct: 1, Incorrect: 0, Halted: 0

=== sample 34 id=crt-504 start ===
=== sample 34 returncode=0 end ===
/home/ubuntu/miniconda3/envs/lzz-agent/lib/python3.11/site-packages/langchain/__init__.py:29: UserWarning: Importing Wikipedia from langchain root module is no longer supported. Please use langchain.docstore.Wikipedia instead.
  warnings.warn(
/home/ubuntu/miniconda3/envs/lzz-agent/lib/python3.11/site-packages/langchain_core/_api/deprecation.py:119: LangChainDeprecationWarning: The class `DocstoreExplorer` was deprecated in LangChain 0.1.0 and will be removed in 0.3.0
  warn_deprecated(
==============current step===========
Thought 1: I need to identify all instances where a manager was dismissed (fired) and calculate the time difference between the dismissal date and the replacement's appointment date.  
Action 1: Retrieve[Retrieve rows where "manner of departure" is "fired".]  
Observation 1: | team | outgoing manager | manner of departure | date of vacancy | replaced by | date of appointment |
| mouscron | marc brys | fired | 17 december 2007 | geert broeckaert (caretaker) | 17 december 2007 |
| brussels | albert cartier | fired | 22 december 2007 | edy de bolle (caretaker) | 22 december 2007 |
| mons | josé riga | fired | 27 january 2008 | albert cartier | 28 january 2008 |
| genk | hugo broos | fired | 23 february 2008 | ronny van geneugden (caretaker) | 23 february 2008 |

==============current step===========
Thought 1: I need to identify all instances where a manager was dismissed (fired) and calculate the time difference between the dismissal date and the replacement's appointment date.  
Action 1: Retrieve[Retrieve rows where "manner of departure" is "fired".]  
Observation 1: | team | outgoing manager | manner of departure | date of vacancy | replaced by | date of appointment |
| mouscron | marc brys | fired | 17 december 2007 | geert broeckaert (caretaker) | 17 december 2007 |
| brussels | albert cartier | fired | 22 december 2007 | edy de bolle (caretaker) | 22 december 2007 |
| mons | josé riga | fired | 27 january 2008 | albert cartier | 28 january 2008 |
| genk | hugo broos | fired | 23 february 2008 | ronny van geneugden (caretaker) | 23 february 2008 |
Thought 2: I need to calculate the time differences between the "date of vacancy" (dismissal) and "date of appointment" for each fired manager.  
Action 2: Calculate[Calculate the time difference in days between "date of vacancy" and "date of appointment" for each row in Observation 1.]  
Observation 2: Time differences: 0 days, 0 days, 1 day, 0 days.  

==============current step===========
Thought 1: I need to identify all instances where a manager was dismissed (fired) and calculate the time difference between the dismissal date and the replacement's appointment date.  
Action 1: Retrieve[Retrieve rows where "manner of departure" is "fired".]  
Observation 1: | team | outgoing manager | manner of departure | date of vacancy | replaced by | date of appointment |
| mouscron | marc brys | fired | 17 december 2007 | geert broeckaert (caretaker) | 17 december 2007 |
| brussels | albert cartier | fired | 22 december 2007 | edy de bolle (caretaker) | 22 december 2007 |
| mons | josé riga | fired | 27 january 2008 | albert cartier | 28 january 2008 |
| genk | hugo broos | fired | 23 february 2008 | ronny van geneugden (caretaker) | 23 february 2008 |
Thought 2: I need to calculate the time differences between the "date of vacancy" (dismissal) and "date of appointment" for each fired manager.  
Action 2: Calculate[Calculate the time difference in days between "date of vacancy" and "date of appointment" for each row in Observation 1.]  
Observation 2: Time differences: 0 days, 0 days, 1 day, 0 days.  
Thought 3: The time differences are 0, 0, 1, and 0 days. The total is 1 day across 4 instances. The average is 1 ÷ 4 = 0.25 days.  
Action 3: Finish[0.25]

Finished Trial 1, Correct: 0, Incorrect: 1, Halted: 0

=== sample 35 id=crt-699 start ===
=== sample 35 returncode=0 end ===
/home/ubuntu/miniconda3/envs/lzz-agent/lib/python3.11/site-packages/langchain/__init__.py:29: UserWarning: Importing Wikipedia from langchain root module is no longer supported. Please use langchain.docstore.Wikipedia instead.
  warnings.warn(
/home/ubuntu/miniconda3/envs/lzz-agent/lib/python3.11/site-packages/langchain_core/_api/deprecation.py:119: LangChainDeprecationWarning: The class `DocstoreExplorer` was deprecated in LangChain 0.1.0 and will be removed in 0.3.0
  warn_deprecated(
==============current step===========

==============current step===========
Thought 1: I need to determine if any month had more winners (drivers) than others. First, I will list the months when each race occurred and count how many races (and thus potential winners) were in each month.  
Action 1: Retrieve[Retrieve the 'date' and 'winner' columns.]  
Observation 1: | date | winner |
| 27 january | jack brabham |
| 23 february | stan jones |
| 3 march | ted gray |
| 5 april | len lukey |
| 15 june | alec mildren |
| 31 august | alec mildren |
| 23 october | lex davison |
| 30 november | stirling moss |
| 26 december | stan jones |

==============current step===========
Thought 1: I need to determine if any month had more winners (drivers) than others. First, I will list the months when each race occurred and count how many races (and thus potential winners) were in each month.  
Action 1: Retrieve[Retrieve the 'date' and 'winner' columns.]  
Observation 1: | date | winner |
| 27 january | jack brabham |
| 23 february | stan jones |
| 3 march | ted gray |
| 5 april | len lukey |
| 15 june | alec mildren |
| 31 august | alec mildren |
| 23 october | lex davison |
| 30 november | stirling moss |
| 26 december | stan jones |
Thought 2: I need to count the number of races (and winners) per month. Each month has exactly one race, so no month has more than one winner. Since there are 9 races, a majority would require at least 5 winners in a single month, which is not the case.  
Action 2: Finish[No.]

Finished Trial 1, Correct: 1, Incorrect: 0, Halted: 0

=== sample 36 id=crt-661 start ===
=== sample 36 returncode=0 end ===
/home/ubuntu/miniconda3/envs/lzz-agent/lib/python3.11/site-packages/langchain/__init__.py:29: UserWarning: Importing Wikipedia from langchain root module is no longer supported. Please use langchain.docstore.Wikipedia instead.
  warnings.warn(
/home/ubuntu/miniconda3/envs/lzz-agent/lib/python3.11/site-packages/langchain_core/_api/deprecation.py:119: LangChainDeprecationWarning: The class `DocstoreExplorer` was deprecated in LangChain 0.1.0 and will be removed in 0.3.0
  warn_deprecated(
==============current step===========
Thought 1: I need to retrieve the times of the top three countries (Denmark, France, Great Britain) from the table.  
Action 1: Retrieve[Retrieve the 'time' values for rows where rank is 1, 2, or 3.]  
Observation 1: | time |
| 6:05.75 |
| 6:07.26 |
| 6:08.75 |

==============current step===========
Thought 1: I need to retrieve the times of the top three countries (Denmark, France, Great Britain) from the table.  
Action 1: Retrieve[Retrieve the 'time' values for rows where rank is 1, 2, or 3.]  
Observation 1: | time |
| 6:05.75 |
| 6:07.26 |
| 6:08.75 |
Thought 2: I need to calculate the average of the three retrieved times. Convert each time to seconds, compute the average, then convert back to minutes:seconds format.  
Action 2: Calculate[Calculate the average of 6:05.75, 6:07.26, and 6:08.75.]  
Observation 2: 6:07.25  

==============current step===========
Thought 1: I need to retrieve the times of the top three countries (Denmark, France, Great Britain) from the table.  
Action 1: Retrieve[Retrieve the 'time' values for rows where rank is 1, 2, or 3.]  
Observation 1: | time |
| 6:05.75 |
| 6:07.26 |
| 6:08.75 |
Thought 2: I need to calculate the average of the three retrieved times. Convert each time to seconds, compute the average, then convert back to minutes:seconds format.  
Action 2: Calculate[Calculate the average of 6:05.75, 6:07.26, and 6:08.75.]  
Observation 2: 6:07.25  
Thought 3: The calculated average time of the top three countries is 6:07.25. This is the final answer.  
Action 3: Finish[6:07.25]

Finished Trial 1, Correct: 1, Incorrect: 0, Halted: 0

=== sample 37 id=crt-441 start ===
=== sample 37 returncode=0 end ===
/home/ubuntu/miniconda3/envs/lzz-agent/lib/python3.11/site-packages/langchain/__init__.py:29: UserWarning: Importing Wikipedia from langchain root module is no longer supported. Please use langchain.docstore.Wikipedia instead.
  warnings.warn(
/home/ubuntu/miniconda3/envs/lzz-agent/lib/python3.11/site-packages/langchain_core/_api/deprecation.py:119: LangChainDeprecationWarning: The class `DocstoreExplorer` was deprecated in LangChain 0.1.0 and will be removed in 0.3.0
  warn_deprecated(
==============current step===========

==============current step===========

==============current step===========

Finished Trial 1, Correct: 0, Incorrect: 0, Halted: 1

=== sample 38 id=crt-217 start ===
=== sample 38 returncode=0 end ===
/home/ubuntu/miniconda3/envs/lzz-agent/lib/python3.11/site-packages/langchain/__init__.py:29: UserWarning: Importing Wikipedia from langchain root module is no longer supported. Please use langchain.docstore.Wikipedia instead.
  warnings.warn(
/home/ubuntu/miniconda3/envs/lzz-agent/lib/python3.11/site-packages/langchain_core/_api/deprecation.py:119: LangChainDeprecationWarning: The class `DocstoreExplorer` was deprecated in LangChain 0.1.0 and will be removed in 0.3.0
  warn_deprecated(
==============current step===========

==============current step===========

==============current step===========

Finished Trial 1, Correct: 0, Incorrect: 0, Halted: 1

=== sample 39 id=crt-686 start ===
=== sample 39 returncode=0 end ===
