/home/ubuntu/miniconda3/envs/lzz-agent/lib/python3.11/site-packages/langchain/__init__.py:29: UserWarning: Importing Wikipedia from langchain root module is no longer supported. Please use langchain.docstore.Wikipedia instead.
  warnings.warn(
/home/ubuntu/miniconda3/envs/lzz-agent/lib/python3.11/site-packages/langchain_core/_api/deprecation.py:119: LangChainDeprecationWarning: The class `DocstoreExplorer` was deprecated in LangChain 0.1.0 and will be removed in 0.3.0
  warn_deprecated(
==============current step===========
Thought 1: I need to determine which country has the most cyclists in the top 10. First, I will retrieve the country information for each cyclist in the top 10.  
Action 1: Retrieve[retrieve the country (in parentheses) for each cyclist in the top 10]  
Observation 1: | Cyclist | Country |  
| Alejandro Valverde (ESP) | ESP |  
| Alexandr Kolobnev (RUS) | RUS |  
| Davide Rebellin (ITA) | ITA |  
| Paolo Bettini (ITA) | ITA |  
| Franco Pellizotti (ITA) | ITA |  
| Denis Menchov (RUS) | RUS |  
| Samuel Sánchez (ESP) | ESP |  
| Stéphane Goubert (FRA) | FRA |  
| Haimar Zubeldia (ESP) | ESP |  
| David Moncoutié (FRA) | FRA |  

==============current step===========
Thought 1: I need to determine which country has the most cyclists in the top 10. First, I will retrieve the country information for each cyclist in the top 10.  
Action 1: Retrieve[retrieve the country (in parentheses) for each cyclist in the top 10]  
Observation 1: | Cyclist | Country |  
| Alejandro Valverde (ESP) | ESP |  
| Alexandr Kolobnev (RUS) | RUS |  
| Davide Rebellin (ITA) | ITA |  
| Paolo Bettini (ITA) | ITA |  
| Franco Pellizotti (ITA) | ITA |  
| Denis Menchov (RUS) | RUS |  
| Samuel Sánchez (ESP) | ESP |  
| Stéphane Goubert (FRA) | FRA |  
| Haimar Zubeldia (ESP) | ESP |  
| David Moncoutié (FRA) | FRA |  

==============current step===========
Thought 1: I need to determine which country has the most cyclists in the top 10. First, I will retrieve the country information for each cyclist in the top 10.  
Action 1: Retrieve[retrieve the country (in parentheses) for each cyclist in the top 10]  
Observation 1: | Cyclist | Country |  
| Alejandro Valverde (ESP) | ESP |  
| Alexandr Kolobnev (RUS) | RUS |  
| Davide Rebellin (ITA) | ITA |  
| Paolo Bettini (ITA) | ITA |  
| Franco Pellizotti (ITA) | ITA |  
| Denis Menchov (RUS) | RUS |  
| Samuel Sánchez (ESP) | ESP |  
| Stéphane Goubert (FRA) | FRA |  
| Haimar Zubeldia (ESP) | ESP |  
| David Moncoutié (FRA) | FRA |  
Thought 2: Now I need to count the number of cyclists per country from the retrieved data.  
Action 2: Calculate[count the occurrences of each country in the "Country" column of the table in observation 1]  
Observation 2:  
- ESP: 3  
- RUS: 2  
- ITA: 3  
- FRA: 2  

Finished Trial 1, Correct: 0, Incorrect: 0, Halted: 1

=== sample 0 id=nu-0 start ===
=== sample 0 returncode=0 end ===
/home/ubuntu/miniconda3/envs/lzz-agent/lib/python3.11/site-packages/langchain/__init__.py:29: UserWarning: Importing Wikipedia from langchain root module is no longer supported. Please use langchain.docstore.Wikipedia instead.
  warnings.warn(
/home/ubuntu/miniconda3/envs/lzz-agent/lib/python3.11/site-packages/langchain_core/_api/deprecation.py:119: LangChainDeprecationWarning: The class `DocstoreExplorer` was deprecated in LangChain 0.1.0 and will be removed in 0.3.0
  warn_deprecated(
==============current step===========
Thought 1: I need to find the number of people murdered in the 1940/41 period. The relevant row is "Murdered," and the column for 1940/41 should contain the value.  
Action 1: Retrieve[retrieve the value under the "Murdered" row and "1940/41" column]  
Observation 1: | Murdered | 1940/41 | 100,000 |  

==============current step===========
Thought 1: I need to find the number of people murdered in the 1940/41 period. The relevant row is "Murdered," and the column for 1940/41 should contain the value.  
Action 1: Retrieve[retrieve the value under the "Murdered" row and "1940/41" column]  
Observation 1: | Murdered | 1940/41 | 100,000 |  
Thought 2: The question asks for the number of people murdered in 1940/41. The retrieved value from the "Murdered" row under the 1940/41 column is 100,000. This directly answers the question.  
Action 2: Finish[100,000]

Finished Trial 1, Correct: 1, Incorrect: 0, Halted: 0

=== sample 1 id=nu-1 start ===
=== sample 1 returncode=0 end ===
/home/ubuntu/miniconda3/envs/lzz-agent/lib/python3.11/site-packages/langchain/__init__.py:29: UserWarning: Importing Wikipedia from langchain root module is no longer supported. Please use langchain.docstore.Wikipedia instead.
  warnings.warn(
/home/ubuntu/miniconda3/envs/lzz-agent/lib/python3.11/site-packages/langchain_core/_api/deprecation.py:119: LangChainDeprecationWarning: The class `DocstoreExplorer` was deprecated in LangChain 0.1.0 and will be removed in 0.3.0
  warn_deprecated(
==============current step===========
Thought 1: I need to determine when the New York Americans won the National Cup after 1936. First, I will retrieve all instances where the National Cup was won after 1936.  
Action 1: Retrieve[retrieve rows where National Cup is "Champion" and Year is after 1936]  
Observation 1: | Year | National Cup |  
| 1936/37 | Champion |  
| 1953/54 | Champion |  

==============current step===========
Thought 1: I need to determine when the New York Americans won the National Cup after 1936. First, I will retrieve all instances where the National Cup was won after 1936.  
Action 1: Retrieve[retrieve rows where National Cup is "Champion" and Year is after 1936]  
Observation 1: | Year | National Cup |  
| 1936/37 | Champion |  
| 1953/54 | Champion |  
Thought 2: The first National Cup win after 1936 occurred in the 1936/37 season. To calculate the time between 1936 and 1937, it is 1 year. However, the next National Cup win after 1937 was in 1953/54, which is 17 years later. The question specifically asks for the time after **1936**, so the first subsequent win in 1936/37 is the correct reference point.  
Action 2: Finish[1 year]

Finished Trial 1, Correct: 0, Incorrect: 1, Halted: 0

=== sample 2 id=nu-2 start ===
=== sample 2 returncode=0 end ===
/home/ubuntu/miniconda3/envs/lzz-agent/lib/python3.11/site-packages/langchain/__init__.py:29: UserWarning: Importing Wikipedia from langchain root module is no longer supported. Please use langchain.docstore.Wikipedia instead.
  warnings.warn(
/home/ubuntu/miniconda3/envs/lzz-agent/lib/python3.11/site-packages/langchain_core/_api/deprecation.py:119: LangChainDeprecationWarning: The class `DocstoreExplorer` was deprecated in LangChain 0.1.0 and will be removed in 0.3.0
  warn_deprecated(
==============current step===========
Thought 1: I need to find the episode titled "Alfie's Birthday Party" in the table and identify its position to determine the next episode's air date.  
Action 1: Retrieve[retrieve the row where Title is "Alfie's Birthday Party" and the next episode's Original air date]  
Observation 1:  
| Series # | Season # | Title | Original air date |  
| 11 | 1 | Alfie's Birthday Party | January 19, 1995 |  
| 12 | 1 | Candy Sale | January 26, 1995 |  

==============current step===========
Thought 1: I need to find the episode titled "Alfie's Birthday Party" in the table and identify its position to determine the next episode's air date.  
Action 1: Retrieve[retrieve the row where Title is "Alfie's Birthday Party" and the next episode's Original air date]  
Observation 1:  
| Series # | Season # | Title | Original air date |  
| 11 | 1 | Alfie's Birthday Party | January 19, 1995 |  
| 12 | 1 | Candy Sale | January 26, 1995 |  
Thought 2: The episode "Alfie's Birthday Party" is Series #11, and the next episode is Series #12 titled "Candy Sale," which aired on January 26, 1995.  
Action 2: Finish[January 26, 1995]

Finished Trial 1, Correct: 1, Incorrect: 0, Halted: 0

=== sample 3 id=nu-3 start ===
=== sample 3 returncode=0 end ===
/home/ubuntu/miniconda3/envs/lzz-agent/lib/python3.11/site-packages/langchain/__init__.py:29: UserWarning: Importing Wikipedia from langchain root module is no longer supported. Please use langchain.docstore.Wikipedia instead.
  warnings.warn(
/home/ubuntu/miniconda3/envs/lzz-agent/lib/python3.11/site-packages/langchain_core/_api/deprecation.py:119: LangChainDeprecationWarning: The class `DocstoreExplorer` was deprecated in LangChain 0.1.0 and will be removed in 0.3.0
  warn_deprecated(
==============current step===========
Thought 1: I need to count the number of rows where the "Placing" column is 1. This will give the total number of 1st place finishes.
Action 1: Retrieve[retrieve all rows where Placing is 1]
Observation 1: | Date | Competition | Location | Country | Event | Placing | Rider | Nationality |
| 31 October 2008 | 2008–09 World Cup | Manchester | United Kingdom | Sprint | 1.0 | Victoria Pendleton | GBR |
| 1 November 2008 | 2008–09 World Cup | Manchester | United Kingdom | Sprint | 1.0 | Jason Kenny | GBR |
| 1 November 2008 | 2008–09 World Cup | Manchester | United Kingdom | 500 m time trial | 1.0 | Victoria Pendleton | GBR |
| 2 November 2008 | 2008–09 World Cup | Manchester | United Kingdom | Team sprint | 1.0 | Ross Edgar | GBR |
| 2 November 2008 | 2008–09 World Cup | Manchester | United Kingdom | Team sprint | 1.0 | Jason Kenny | GBR |
| 2 November 2008 | 2008–09 World Cup | Manchester | United Kingdom | Team sprint | 1.0 | Jamie Staff | GBR |
| 2 November 2008 | 2008–09 World Cup | Manchester | United Kingdom | Keirin | 1.0 | Victoria Pendleton | GBR |
| 13 February 2009 | 2008–09 World Cup | Copenhagen | Denmark | Team sprint | 1.0 | Chris Hoy | GBR |
| 13 February 2009 | 2008–09 World Cup | Copenhagen | Denmark | Team sprint | 1.0 | Jason Kenny | GBR |
| 13 February 2009 | 2008–09 World Cup | Copenhagen | Denmark | Team sprint | 1.0 | Jamie Staff | GBR |
| 13 February 2009 | 2008–09 World Cup | Copenhagen | Denmark | Sprint | 1.0 | Victoria Pendleton | GBR |
| 30 October 2009 | 2009–10 World Cup | Manchester | United Kingdom | Keirin | 1.0 | Chris Hoy | GBR |
| 30 October 2009 | 2009–10 World Cup | Manchester | United Kingdom | Sprint | 1.0 | Victoria Pendleton | GBR |
| 30 October 2009 | 2009–10 World Cup | Manchester | United Kingdom | Sprint | 1.0 | Chris Hoy | GBR |
| 1 November 2009 | 2009–10 World Cup | Manchester | United Kingdom | Team sprint | 1.0 | Ross Edgar | GBR |
| 1 November 2009 | 2009–10 World Cup | Manchester | United Kingdom | Team sprint | 1.0 | Chris Hoy | GBR |
| 1 November 2009 | 2009–10 World Cup | Manchester | United Kingdom | Team sprint | 1.0 | Jamie Staff | GBR |

==============current step===========
Thought 1: I need to count the number of rows where the "Placing" column is 1. This will give the total number of 1st place finishes.
Action 1: Retrieve[retrieve all rows where Placing is 1]
Observation 1: | Date | Competition | Location | Country | Event | Placing | Rider | Nationality |
| 31 October 2008 | 2008–09 World Cup | Manchester | United Kingdom | Sprint | 1.0 | Victoria Pendleton | GBR |
| 1 November 2008 | 2008–09 World Cup | Manchester | United Kingdom | Sprint | 1.0 | Jason Kenny | GBR |
| 1 November 2008 | 2008–09 World Cup | Manchester | United Kingdom | 500 m time trial | 1.0 | Victoria Pendleton | GBR |
| 2 November 2008 | 2008–09 World Cup | Manchester | United Kingdom | Team sprint | 1.0 | Ross Edgar | GBR |
| 2 November 2008 | 2008–09 World Cup | Manchester | United Kingdom | Team sprint | 1.0 | Jason Kenny | GBR |
| 2 November 2008 | 2008–09 World Cup | Manchester | United Kingdom | Team sprint | 1.0 | Jamie Staff | GBR |
| 2 November 2008 | 2008–09 World Cup | Manchester | United Kingdom | Keirin | 1.0 | Victoria Pendleton | GBR |
| 13 February 2009 | 2008–09 World Cup | Copenhagen | Denmark | Team sprint | 1.0 | Chris Hoy | GBR |
| 13 February 2009 | 2008–09 World Cup | Copenhagen | Denmark | Team sprint | 1.0 | Jason Kenny | GBR |
| 13 February 2009 | 2008–09 World Cup | Copenhagen | Denmark | Team sprint | 1.0 | Jamie Staff | GBR |
| 13 February 2009 | 2008–09 World Cup | Copenhagen | Denmark | Sprint | 1.0 | Victoria Pendleton | GBR |
| 30 October 2009 | 2009–10 World Cup | Manchester | United Kingdom | Keirin | 1.0 | Chris Hoy | GBR |
| 30 October 2009 | 2009–10 World Cup | Manchester | United Kingdom | Sprint | 1.0 | Victoria Pendleton | GBR |
| 30 October 2009 | 2009–10 World Cup | Manchester | United Kingdom | Sprint | 1.0 | Chris Hoy | GBR |
| 1 November 2009 | 2009–10 World Cup | Manchester | United Kingdom | Team sprint | 1.0 | Ross Edgar | GBR |
| 1 November 2009 | 2009–10 World Cup | Manchester | United Kingdom | Team sprint | 1.0 | Chris Hoy | GBR |
| 1 November 2009 | 2009–10 World Cup | Manchester | United Kingdom | Team sprint | 1.0 | Jamie Staff | GBR |
Thought 2: I need to count the number of rows in the retrieved table where the placing is 1.0 to determine the total number of 1st place finishes.
Action 2: Calculate[count the number of rows in the retrieved table]
Observation 2: 20

==============current step===========
Thought 1: I need to count the number of rows where the "Placing" column is 1. This will give the total number of 1st place finishes.
Action 1: Retrieve[retrieve all rows where Placing is 1]
Observation 1: | Date | Competition | Location | Country | Event | Placing | Rider | Nationality |
| 31 October 2008 | 2008–09 World Cup | Manchester | United Kingdom | Sprint | 1.0 | Victoria Pendleton | GBR |
| 1 November 2008 | 2008–09 World Cup | Manchester | United Kingdom | Sprint | 1.0 | Jason Kenny | GBR |
| 1 November 2008 | 2008–09 World Cup | Manchester | United Kingdom | 500 m time trial | 1.0 | Victoria Pendleton | GBR |
| 2 November 2008 | 2008–09 World Cup | Manchester | United Kingdom | Team sprint | 1.0 | Ross Edgar | GBR |
| 2 November 2008 | 2008–09 World Cup | Manchester | United Kingdom | Team sprint | 1.0 | Jason Kenny | GBR |
| 2 November 2008 | 2008–09 World Cup | Manchester | United Kingdom | Team sprint | 1.0 | Jamie Staff | GBR |
| 2 November 2008 | 2008–09 World Cup | Manchester | United Kingdom | Keirin | 1.0 | Victoria Pendleton | GBR |
| 13 February 2009 | 2008–09 World Cup | Copenhagen | Denmark | Team sprint | 1.0 | Chris Hoy | GBR |
| 13 February 2009 | 2008–09 World Cup | Copenhagen | Denmark | Team sprint | 1.0 | Jason Kenny | GBR |
| 13 February 2009 | 2008–09 World Cup | Copenhagen | Denmark | Team sprint | 1.0 | Jamie Staff | GBR |
| 13 February 2009 | 2008–09 World Cup | Copenhagen | Denmark | Sprint | 1.0 | Victoria Pendleton | GBR |
| 30 October 2009 | 2009–10 World Cup | Manchester | United Kingdom | Keirin | 1.0 | Chris Hoy | GBR |
| 30 October 2009 | 2009–10 World Cup | Manchester | United Kingdom | Sprint | 1.0 | Victoria Pendleton | GBR |
| 30 October 2009 | 2009–10 World Cup | Manchester | United Kingdom | Sprint | 1.0 | Chris Hoy | GBR |
| 1 November 2009 | 2009–10 World Cup | Manchester | United Kingdom | Team sprint | 1.0 | Ross Edgar | GBR |
| 1 November 2009 | 2009–10 World Cup | Manchester | United Kingdom | Team sprint | 1.0 | Chris Hoy | GBR |
| 1 November 2009 | 2009–10 World Cup | Manchester | United Kingdom | Team sprint | 1.0 | Jamie Staff | GBR |
Thought 2: I need to count the number of rows in the retrieved table where the placing is 1.0 to determine the total number of 1st place finishes.
Action 2: Calculate[count the number of rows in the retrieved table]
Observation 2: 20

Finished Trial 1, Correct: 0, Incorrect: 0, Halted: 1

=== sample 4 id=nu-4 start ===
=== sample 4 returncode=0 end ===
/home/ubuntu/miniconda3/envs/lzz-agent/lib/python3.11/site-packages/langchain/__init__.py:29: UserWarning: Importing Wikipedia from langchain root module is no longer supported. Please use langchain.docstore.Wikipedia instead.
  warnings.warn(
/home/ubuntu/miniconda3/envs/lzz-agent/lib/python3.11/site-packages/langchain_core/_api/deprecation.py:119: LangChainDeprecationWarning: The class `DocstoreExplorer` was deprecated in LangChain 0.1.0 and will be removed in 0.3.0
  warn_deprecated(
==============current step===========
Thought 1: I need to find the competition where Hopley finished first. This means looking for the row with "1st" in the Position column.  
Action 1: Retrieve[retrieve the competition(s) where Position is "1st"]  
Observation 1: | Year | Competition | Venue | Position | Event | Notes |
| 2000.0 | World Junior Championships | Santiago, Chile | 1st | Discus throw | 59.51 m |

==============current step===========
Thought 1: I need to find the competition where Hopley finished first. This means looking for the row with "1st" in the Position column.  
Action 1: Retrieve[retrieve the competition(s) where Position is "1st"]  
Observation 1: | Year | Competition | Venue | Position | Event | Notes |
| 2000.0 | World Junior Championships | Santiago, Chile | 1st | Discus throw | 59.51 m |
Thought 2: The question asks for the competition where Hopley finished first. The retrieved row in Observation 1 shows the **World Junior Championships** as the only competition with a "1st" position.  
Action 2: Finish[World Junior Championships]

Finished Trial 1, Correct: 1, Incorrect: 0, Halted: 0

=== sample 5 id=nu-5 start ===
=== sample 5 returncode=0 end ===
/home/ubuntu/miniconda3/envs/lzz-agent/lib/python3.11/site-packages/langchain/__init__.py:29: UserWarning: Importing Wikipedia from langchain root module is no longer supported. Please use langchain.docstore.Wikipedia instead.
  warnings.warn(
/home/ubuntu/miniconda3/envs/lzz-agent/lib/python3.11/site-packages/langchain_core/_api/deprecation.py:119: LangChainDeprecationWarning: The class `DocstoreExplorer` was deprecated in LangChain 0.1.0 and will be removed in 0.3.0
  warn_deprecated(
==============current step===========
Thought 1: I need to retrieve all films where the Language is Kannada. The table lists multiple films, and I need to count how many entries have "Kannada" in the Language column.  
Action 1: Retrieve[retrieve all rows where Language is "Kannada"]  
Observation 1:  
| Year | Film | Role | Language | Notes |  
| 2008 | Moggina Manasu | Chanchala | Kannada | ... |  
| 2009 | Olave Jeevana Lekkachaara | Rukmini | Kannada | ... |  
| 2009 | Love Guru | Kushi | Kannada | ... |  
| 2010 | Krishnan Love Story | Geetha | Kannada | ... |  
| 2010 | Gaana Bajaana | Radhey | Kannada | ... |  
| 2011 | Hudugaru | Gayithri | Kannada | ... |  
| 2012 | Alemari | Neeli | Kannada | ... |  
| 2012 | Breaking News | Shraddha | Kannada | ... |  
| 2012 | Addhuri | Poorna | Kannada | ... |  
| 2012 | 18th Cross | Punya | Kannada | ... |  
| 2012 | Sagar | Kajal | Kannada | ... |  
| 2012 | Drama | Nandini | Kannada | ... |  
| 2013 | Kaddipudi | Uma | Kannada | ... |  
| 2013 | Dilwala | Preethi | Kannada | ... |  
| 2013 | Bahaddoor | Anjali | Kannada | ... |  

==============current step===========
Thought 1: I need to retrieve all films where the Language is Kannada. The table lists multiple films, and I need to count how many entries have "Kannada" in the Language column.  
Action 1: Retrieve[retrieve all rows where Language is "Kannada"]  
Observation 1:  
| Year | Film | Role | Language | Notes |  
| 2008 | Moggina Manasu | Chanchala | Kannada | ... |  
| 2009 | Olave Jeevana Lekkachaara | Rukmini | Kannada | ... |  
| 2009 | Love Guru | Kushi | Kannada | ... |  
| 2010 | Krishnan Love Story | Geetha | Kannada | ... |  
| 2010 | Gaana Bajaana | Radhey | Kannada | ... |  
| 2011 | Hudugaru | Gayithri | Kannada | ... |  
| 2012 | Alemari | Neeli | Kannada | ... |  
| 2012 | Breaking News | Shraddha | Kannada | ... |  
| 2012 | Addhuri | Poorna | Kannada | ... |  
| 2012 | 18th Cross | Punya | Kannada | ... |  
| 2012 | Sagar | Kajal | Kannada | ... |  
| 2012 | Drama | Nandini | Kannada | ... |  
| 2013 | Kaddipudi | Uma | Kannada | ... |  
| 2013 | Dilwala | Preethi | Kannada | ... |  
| 2013 | Bahaddoor | Anjali | Kannada | ... |  
Thought 2: The total number of films with the language of Kannada listed is 15.  
Action 2: Finish[15]

Finished Trial 1, Correct: 1, Incorrect: 0, Halted: 0

=== sample 6 id=nu-6 start ===
=== sample 6 returncode=0 end ===
/home/ubuntu/miniconda3/envs/lzz-agent/lib/python3.11/site-packages/langchain/__init__.py:29: UserWarning: Importing Wikipedia from langchain root module is no longer supported. Please use langchain.docstore.Wikipedia instead.
  warnings.warn(
/home/ubuntu/miniconda3/envs/lzz-agent/lib/python3.11/site-packages/langchain_core/_api/deprecation.py:119: LangChainDeprecationWarning: The class `DocstoreExplorer` was deprecated in LangChain 0.1.0 and will be removed in 0.3.0
  warn_deprecated(
==============current step===========
Thought 1: I need to find the attendance for the game where the opponent was Monterrey Flash. 
Action 1: Retrieve[retrieve the attendance for the row where Opponent is "Monterrey Flash"]
Observation 1: | Attendance |
| 363.0 |

==============current step===========
Thought 1: I need to find the attendance for the game where the opponent was Monterrey Flash. 
Action 1: Retrieve[retrieve the attendance for the row where Opponent is "Monterrey Flash"]
Observation 1: | Attendance |
| 363.0 |
Thought 2: The attendance for the game against Monterrey Flash is 363.0. The answer is 363.
Action 2: Finish[363]

Finished Trial 1, Correct: 1, Incorrect: 0, Halted: 0

=== sample 7 id=nu-7 start ===
=== sample 7 returncode=0 end ===
/home/ubuntu/miniconda3/envs/lzz-agent/lib/python3.11/site-packages/langchain/__init__.py:29: UserWarning: Importing Wikipedia from langchain root module is no longer supported. Please use langchain.docstore.Wikipedia instead.
  warnings.warn(
/home/ubuntu/miniconda3/envs/lzz-agent/lib/python3.11/site-packages/langchain_core/_api/deprecation.py:119: LangChainDeprecationWarning: The class `DocstoreExplorer` was deprecated in LangChain 0.1.0 and will be removed in 0.3.0
  warn_deprecated(
==============current step===========
Thought 1: I need to identify the time periods where the "Shirt Sponsor" column is empty. This indicates no shirt sponsor existed during those years.  
Action 1: Retrieve[retrieve the "Year" and "Shirt Sponsor" columns where "Shirt Sponsor" is empty]  
Observation 1: | Year | Shirt Sponsor |
| 1982–1985 |  |

==============current step===========
Thought 1: I need to identify the time periods where the "Shirt Sponsor" column is empty. This indicates no shirt sponsor existed during those years.  
Action 1: Retrieve[retrieve the "Year" and "Shirt Sponsor" columns where "Shirt Sponsor" is empty]  
Observation 1: | Year | Shirt Sponsor |
| 1982–1985 |  |
Thought 2: The question asks for the time period with no shirt sponsor. The observation shows 1982–1985 as the period where the "Shirt Sponsor" column is empty. However, I notice that the 1977–1978 period also has an empty "Shirt Sponsor" in the table. This suggests the initial retrieval might have missed it.  
Action 2: Retrieve[retrieve the "Year" and "Shirt Sponsor" columns where "Shirt Sponsor" is empty, including 1977–1978]  
Observation 2: | Year | Shirt Sponsor |  
| 1977–1978 |  |  
| 1982–1985 |  |  

==============current step===========
Thought 1: I need to identify the time periods where the "Shirt Sponsor" column is empty. This indicates no shirt sponsor existed during those years.  
Action 1: Retrieve[retrieve the "Year" and "Shirt Sponsor" columns where "Shirt Sponsor" is empty]  
Observation 1: | Year | Shirt Sponsor |
| 1982–1985 |  |
Thought 2: The question asks for the time period with no shirt sponsor. The observation shows 1982–1985 as the period where the "Shirt Sponsor" column is empty. However, I notice that the 1977–1978 period also has an empty "Shirt Sponsor" in the table. This suggests the initial retrieval might have missed it.  
Action 2: Retrieve[retrieve the "Year" and "Shirt Sponsor" columns where "Shirt Sponsor" is empty, including 1977–1978]  
Observation 2: | Year | Shirt Sponsor |  
| 1977–1978 |  |  
| 1982–1985 |  |  
Thought 3: The question asks for the time period(s) with no shirt sponsor. The observation now includes two periods: 1977–1978 and 1982–1985. Both of these periods had empty "Shirt Sponsor" entries in the table.  
Action 3: Finish[1977–1978 and 1982–1985]

Finished Trial 1, Correct: 0, Incorrect: 1, Halted: 0

=== sample 8 id=nu-8 start ===
=== sample 8 returncode=0 end ===
/home/ubuntu/miniconda3/envs/lzz-agent/lib/python3.11/site-packages/langchain/__init__.py:29: UserWarning: Importing Wikipedia from langchain root module is no longer supported. Please use langchain.docstore.Wikipedia instead.
  warnings.warn(
/home/ubuntu/miniconda3/envs/lzz-agent/lib/python3.11/site-packages/langchain_core/_api/deprecation.py:119: LangChainDeprecationWarning: The class `DocstoreExplorer` was deprecated in LangChain 0.1.0 and will be removed in 0.3.0
  warn_deprecated(
==============current step===========
Thought 1: I need to find the earliest year where the athlete achieved a 1st place position. I will retrieve all rows with "1st" in the Position column and identify the minimum year.  
Action 1: Retrieve[retrieve all rows where Position is "1st"]  
Observation 1: | Year | Competition | Venue | Position | Event | Notes |
| 2000.0 | World Junior Championships | Santiago, Chile | 1st | 400 m hurdles | 49.23 |
| 2002.0 | European Indoor Championships | Vienna, Austria | 1st | 400 m | 45.39 (CR, NR) |
| 2002.0 | European Indoor Championships | Vienna, Austria | 1st | 4x400 m relay | 3:05.50 (CR) |
| 2003.0 | European U23 Championships | Bydgoszcz, Poland | 1st | 400 m hurdles | 48.45 |
| 2003.0 | European U23 Championships | Bydgoszcz, Poland | 1st | 4x400 m relay | 3:03.32 |

==============current step===========
Thought 1: I need to find the earliest year where the athlete achieved a 1st place position. I will retrieve all rows with "1st" in the Position column and identify the minimum year.  
Action 1: Retrieve[retrieve all rows where Position is "1st"]  
Observation 1: | Year | Competition | Venue | Position | Event | Notes |
| 2000.0 | World Junior Championships | Santiago, Chile | 1st | 400 m hurdles | 49.23 |
| 2002.0 | European Indoor Championships | Vienna, Austria | 1st | 400 m | 45.39 (CR, NR) |
| 2002.0 | European Indoor Championships | Vienna, Austria | 1st | 4x400 m relay | 3:05.50 (CR) |
| 2003.0 | European U23 Championships | Bydgoszcz, Poland | 1st | 400 m hurdles | 48.45 |
| 2003.0 | European U23 Championships | Bydgoszcz, Poland | 1st | 4x400 m relay | 3:03.32 |
Thought 2: The earliest year with a "1st" position is 2000. This is the first instance of a 1st place record.  
Action 2: Finish[2000]

Finished Trial 1, Correct: 1, Incorrect: 0, Halted: 0

=== sample 9 id=nu-9 start ===
=== sample 9 returncode=0 end ===
/home/ubuntu/miniconda3/envs/lzz-agent/lib/python3.11/site-packages/langchain/__init__.py:29: UserWarning: Importing Wikipedia from langchain root module is no longer supported. Please use langchain.docstore.Wikipedia instead.
  warnings.warn(
/home/ubuntu/miniconda3/envs/lzz-agent/lib/python3.11/site-packages/langchain_core/_api/deprecation.py:119: LangChainDeprecationWarning: The class `DocstoreExplorer` was deprecated in LangChain 0.1.0 and will be removed in 0.3.0
  warn_deprecated(
==============current step===========
Thought 1: I need to identify three consecutive years where the "Record" column has the same value. I'll scan the table for consecutive entries with identical records.  
Action 1: Retrieve[retrieve all "Record" values with their corresponding years]  
Observation 1: | Season | Record |
| 1970.0 | 10–4 |
| 1971.0 | 11–3 |
| 1972.0 | 11–3 |
| 1973.0 | 12–2 |
| 1974.0 | 10–4 |
| 1975.0 | 10–4 |
| 1976.0 | 11–2–1 |
| 1977.0 | 12–2 |
| 1978.0 | 12–4 |
| 1979.0 | 9–7 |
| 1980.0 | 12–4 |
| 1981.0 | 13–3 |
| 1982.0 | 8–1 |
| 1983.0 | 14–2 |
| 1984.0 | 15–1 |
| 1985.0 | 15–1 |
| 1986.0 | 14–2 |
| 1987.0 | 11–4 |
| 1988.0 | 10–6 |
| 1989.0 | 14–2 |
| 1990.0 | 13–3 |
| 1991.0 | 14–2 |
| 1992.0 | 13–3 |
| 1993.0 | 12–4 |
| 1994.0 | 13–3 |
| 1995.0 | 12–4 |
| 1996.0 | 13–3 |
| 1997.0 | 13–3 |
| 1998.0 | 14–2 |
| 1999.0 | 13–3 |
| 2000.0 | 12–4 |
| 2001.0 | 14–2 |
| 2002.0 | 12–4 |
| 2003.0 | 11–5 |
| 2004.0 | 13–3 |
| 2005.0 | 13–3 |
| 2006.0 | 13–3 |
| 2007.0 | 10–6 |
| 2008.0 | 9–7 |
| 2009.0 | 13–3 |
| 2010.0 | 10–6 |
| 2011.0 | 9–7 |
| 2012.0 | 11–4–1 |
| 2013.0 | 13–3 |

==============current step===========
Thought 1: I need to identify three consecutive years where the "Record" column has the same value. I'll scan the table for consecutive entries with identical records.  
Action 1: Retrieve[retrieve all "Record" values with their corresponding years]  
Observation 1: | Season | Record |
| 1970.0 | 10–4 |
| 1971.0 | 11–3 |
| 1972.0 | 11–3 |
| 1973.0 | 12–2 |
| 1974.0 | 10–4 |
| 1975.0 | 10–4 |
| 1976.0 | 11–2–1 |
| 1977.0 | 12–2 |
| 1978.0 | 12–4 |
| 1979.0 | 9–7 |
| 1980.0 | 12–4 |
| 1981.0 | 13–3 |
| 1982.0 | 8–1 |
| 1983.0 | 14–2 |
| 1984.0 | 15–1 |
| 1985.0 | 15–1 |
| 1986.0 | 14–2 |
| 1987.0 | 11–4 |
| 1988.0 | 10–6 |
| 1989.0 | 14–2 |
| 1990.0 | 13–3 |
| 1991.0 | 14–2 |
| 1992.0 | 13–3 |
| 1993.0 | 12–4 |
| 1994.0 | 13–3 |
| 1995.0 | 12–4 |
| 1996.0 | 13–3 |
| 1997.0 | 13–3 |
| 1998.0 | 14–2 |
| 1999.0 | 13–3 |
| 2000.0 | 12–4 |
| 2001.0 | 14–2 |
| 2002.0 | 12–4 |
| 2003.0 | 11–5 |
| 2004.0 | 13–3 |
| 2005.0 | 13–3 |
| 2006.0 | 13–3 |
| 2007.0 | 10–6 |
| 2008.0 | 9–7 |
| 2009.0 | 13–3 |
| 2010.0 | 10–6 |
| 2011.0 | 9–7 |
| 2012.0 | 11–4–1 |
| 2013.0 | 13–3 |

==============current step===========
Thought 1: I need to identify three consecutive years where the "Record" column has the same value. I'll scan the table for consecutive entries with identical records.  
Action 1: Retrieve[retrieve all "Record" values with their corresponding years]  
Observation 1: | Season | Record |
| 1970.0 | 10–4 |
| 1971.0 | 11–3 |
| 1972.0 | 11–3 |
| 1973.0 | 12–2 |
| 1974.0 | 10–4 |
| 1975.0 | 10–4 |
| 1976.0 | 11–2–1 |
| 1977.0 | 12–2 |
| 1978.0 | 12–4 |
| 1979.0 | 9–7 |
| 1980.0 | 12–4 |
| 1981.0 | 13–3 |
| 1982.0 | 8–1 |
| 1983.0 | 14–2 |
| 1984.0 | 15–1 |
| 1985.0 | 15–1 |
| 1986.0 | 14–2 |
| 1987.0 | 11–4 |
| 1988.0 | 10–6 |
| 1989.0 | 14–2 |
| 1990.0 | 13–3 |
| 1991.0 | 14–2 |
| 1992.0 | 13–3 |
| 1993.0 | 12–4 |
| 1994.0 | 13–3 |
| 1995.0 | 12–4 |
| 1996.0 | 13–3 |
| 1997.0 | 13–3 |
| 1998.0 | 14–2 |
| 1999.0 | 13–3 |
| 2000.0 | 12–4 |
| 2001.0 | 14–2 |
| 2002.0 | 12–4 |
| 2003.0 | 11–5 |
| 2004.0 | 13–3 |
| 2005.0 | 13–3 |
| 2006.0 | 13–3 |
| 2007.0 | 10–6 |
| 2008.0 | 9–7 |
| 2009.0 | 13–3 |
| 2010.0 | 10–6 |
| 2011.0 | 9–7 |
| 2012.0 | 11–4–1 |
| 2013.0 | 13–3 |

Finished Trial 1, Correct: 1, Incorrect: 0, Halted: 1

=== sample 10 id=nu-10 start ===
=== sample 10 returncode=0 end ===
/home/ubuntu/miniconda3/envs/lzz-agent/lib/python3.11/site-packages/langchain/__init__.py:29: UserWarning: Importing Wikipedia from langchain root module is no longer supported. Please use langchain.docstore.Wikipedia instead.
  warnings.warn(
/home/ubuntu/miniconda3/envs/lzz-agent/lib/python3.11/site-packages/langchain_core/_api/deprecation.py:119: LangChainDeprecationWarning: The class `DocstoreExplorer` was deprecated in LangChain 0.1.0 and will be removed in 0.3.0
  warn_deprecated(
==============current step===========
Thought 1: I need to retrieve the "Total" values for both Pat Baldwin and John O'Flynn from the table to compare them.  
Action 1: Retrieve[retrieve the "Total" values for Pat Baldwin and John O'Flynn]  
Observation 1: | Name | Total |
| John O'Flynn | 12.0 |
| Pat Baldwin | 1.0 |

==============current step===========
Thought 1: I need to retrieve the "Total" values for both Pat Baldwin and John O'Flynn from the table to compare them.  
Action 1: Retrieve[retrieve the "Total" values for Pat Baldwin and John O'Flynn]  
Observation 1: | Name | Total |
| John O'Flynn | 12.0 |
| Pat Baldwin | 1.0 |
Thought 2: Comparing the totals from observation 1, John O'Flynn has 12 while Pat Baldwin has 1. Therefore, John O'Flynn has the higher total.  
Action 2: Finish[John O'Flynn]

Finished Trial 1, Correct: 0, Incorrect: 1, Halted: 0

=== sample 11 id=nu-11 start ===
=== sample 11 returncode=0 end ===
/home/ubuntu/miniconda3/envs/lzz-agent/lib/python3.11/site-packages/langchain/__init__.py:29: UserWarning: Importing Wikipedia from langchain root module is no longer supported. Please use langchain.docstore.Wikipedia instead.
  warnings.warn(
/home/ubuntu/miniconda3/envs/lzz-agent/lib/python3.11/site-packages/langchain_core/_api/deprecation.py:119: LangChainDeprecationWarning: The class `DocstoreExplorer` was deprecated in LangChain 0.1.0 and will be removed in 0.3.0
  warn_deprecated(
==============current step===========
Thought 1: I need to find the year-end rankings for the years before 2009, which are 2004, 2005, 2006, 2007, and 2008. Then, I will sum these values to get the combined score.  
Action 1: Retrieve[retrieve the Year End Ranking values for 2004, 2005, 2006, 2007, and 2008]  
Observation 1: | 2004 | 2005 | 2006 | 2007 | 2008 |
| 129.0 | 91.0 | 68.0 | 90.0 | 62.0 |

==============current step===========
Thought 1: I need to find the year-end rankings for the years before 2009, which are 2004, 2005, 2006, 2007, and 2008. Then, I will sum these values to get the combined score.  
Action 1: Retrieve[retrieve the Year End Ranking values for 2004, 2005, 2006, 2007, and 2008]  
Observation 1: | 2004 | 2005 | 2006 | 2007 | 2008 |
| 129.0 | 91.0 | 68.0 | 90.0 | 62.0 |
Thought 2: Now that I have the year-end rankings for 2004–2008, I need to calculate their sum.  
Action 2: Calculate[sum the values 129, 91, 68, 90, and 62]  
Observation 2: 440  

==============current step===========
Thought 1: I need to find the year-end rankings for the years before 2009, which are 2004, 2005, 2006, 2007, and 2008. Then, I will sum these values to get the combined score.  
Action 1: Retrieve[retrieve the Year End Ranking values for 2004, 2005, 2006, 2007, and 2008]  
Observation 1: | 2004 | 2005 | 2006 | 2007 | 2008 |
| 129.0 | 91.0 | 68.0 | 90.0 | 62.0 |
Thought 2: Now that I have the year-end rankings for 2004–2008, I need to calculate their sum.  
Action 2: Calculate[sum the values 129, 91, 68, 90, and 62]  
Observation 2: 440  
Thought 3: The combined year-end rankings before 2009 sum up to 440.  
Action 3: Finish[440]

Finished Trial 1, Correct: 1, Incorrect: 0, Halted: 0

=== sample 12 id=nu-12 start ===
=== sample 12 returncode=0 end ===
/home/ubuntu/miniconda3/envs/lzz-agent/lib/python3.11/site-packages/langchain/__init__.py:29: UserWarning: Importing Wikipedia from langchain root module is no longer supported. Please use langchain.docstore.Wikipedia instead.
  warnings.warn(
/home/ubuntu/miniconda3/envs/lzz-agent/lib/python3.11/site-packages/langchain_core/_api/deprecation.py:119: LangChainDeprecationWarning: The class `DocstoreExplorer` was deprecated in LangChain 0.1.0 and will be removed in 0.3.0
  warn_deprecated(
==============current step===========
Thought 1: I need to determine the number of ships wrecked in Lake Huron and Lake Erie. Then subtract the number of Erie ships from Huron to find the difference.  
Action 1: Retrieve[retrieve all ships in Lake Huron]  
Observation 1: | Ship | Type of Vessel | Lake | Location | Lives lost |
| Argus | Steamer | Lake Huron | 25 miles off Kincardine, Ontario | 25 lost |
| James Carruthers | Steamer | Lake Huron | near Kincardine | 18 lost |
| Hydrus | Steamer | Lake Huron | near Lexington, Michigan | 28 lost |
| John A. McGean | Steamer | Lake Huron | near Goderich, Ontario | 28 lost |
| Charles S. Price | Steamer | Lake Huron | near Port Huron, Michigan | 28 lost |
| Regina | Steamer | Lake Huron | near Harbor Beach, Michigan |  |
| Issac M. Scott | Steamer | Lake Huron | near Port Elgin, Ontario | 28 lost |
| Wexford | Steamer | Lake Huron | north of Grand Bend, Ontario | all hands |

==============current step===========
Thought 1: I need to determine the number of ships wrecked in Lake Huron and Lake Erie. Then subtract the number of Erie ships from Huron to find the difference.  
Action 1: Retrieve[retrieve all ships in Lake Huron]  
Observation 1: | Ship | Type of Vessel | Lake | Location | Lives lost |
| Argus | Steamer | Lake Huron | 25 miles off Kincardine, Ontario | 25 lost |
| James Carruthers | Steamer | Lake Huron | near Kincardine | 18 lost |
| Hydrus | Steamer | Lake Huron | near Lexington, Michigan | 28 lost |
| John A. McGean | Steamer | Lake Huron | near Goderich, Ontario | 28 lost |
| Charles S. Price | Steamer | Lake Huron | near Port Huron, Michigan | 28 lost |
| Regina | Steamer | Lake Huron | near Harbor Beach, Michigan |  |
| Issac M. Scott | Steamer | Lake Huron | near Port Elgin, Ontario | 28 lost |
| Wexford | Steamer | Lake Huron | north of Grand Bend, Ontario | all hands |
Thought 2: Now I need to retrieve the number of ships wrecked in Lake Erie.  
Action 2: Retrieve[retrieve all ships in Lake Erie]  
Observation 2: | Ship | Type of Vessel | Lake | Location | Lives lost |
| Lightship No. 82 | Lightship | Lake Erie | Point Albino (near Buffalo) | 6 lost |

==============current step===========
Thought 1: I need to determine the number of ships wrecked in Lake Huron and Lake Erie. Then subtract the number of Erie ships from Huron to find the difference.  
Action 1: Retrieve[retrieve all ships in Lake Huron]  
Observation 1: | Ship | Type of Vessel | Lake | Location | Lives lost |
| Argus | Steamer | Lake Huron | 25 miles off Kincardine, Ontario | 25 lost |
| James Carruthers | Steamer | Lake Huron | near Kincardine | 18 lost |
| Hydrus | Steamer | Lake Huron | near Lexington, Michigan | 28 lost |
| John A. McGean | Steamer | Lake Huron | near Goderich, Ontario | 28 lost |
| Charles S. Price | Steamer | Lake Huron | near Port Huron, Michigan | 28 lost |
| Regina | Steamer | Lake Huron | near Harbor Beach, Michigan |  |
| Issac M. Scott | Steamer | Lake Huron | near Port Elgin, Ontario | 28 lost |
| Wexford | Steamer | Lake Huron | north of Grand Bend, Ontario | all hands |
Thought 2: Now I need to retrieve the number of ships wrecked in Lake Erie.  
Action 2: Retrieve[retrieve all ships in Lake Erie]  
Observation 2: | Ship | Type of Vessel | Lake | Location | Lives lost |
| Lightship No. 82 | Lightship | Lake Erie | Point Albino (near Buffalo) | 6 lost |
Thought 3: The number of ships in Lake Huron is 8 (from Observation 1), and in Lake Erie it is 1 (from Observation 2). The difference is 8 - 1 = 7.  
Action 3: Finish[7]

Finished Trial 1, Correct: 1, Incorrect: 0, Halted: 0

=== sample 13 id=nu-13 start ===
=== sample 13 returncode=0 end ===
/home/ubuntu/miniconda3/envs/lzz-agent/lib/python3.11/site-packages/langchain/__init__.py:29: UserWarning: Importing Wikipedia from langchain root module is no longer supported. Please use langchain.docstore.Wikipedia instead.
  warnings.warn(
/home/ubuntu/miniconda3/envs/lzz-agent/lib/python3.11/site-packages/langchain_core/_api/deprecation.py:119: LangChainDeprecationWarning: The class `DocstoreExplorer` was deprecated in LangChain 0.1.0 and will be removed in 0.3.0
  warn_deprecated(
==============current step===========
Thought 1: I need to find the character with a blank C string. The "C string" column in the table should be checked for empty entries.
Action 1: Retrieve[retrieve all rows where the "C string" column is empty]
Observation 1: | name | glyph | C string | Unicode | Unicode name |
| space |  |  | U+0020 | SPACE |

==============current step===========
Thought 1: I need to find the character with a blank C string. The "C string" column in the table should be checked for empty entries.
Action 1: Retrieve[retrieve all rows where the "C string" column is empty]
Observation 1: | name | glyph | C string | Unicode | Unicode name |
| space |  |  | U+0020 | SPACE |
Thought 2: The only row with a blank C string is "space".  
Action 2: Finish[space]

Finished Trial 1, Correct: 1, Incorrect: 0, Halted: 0

=== sample 14 id=nu-14 start ===
=== sample 14 returncode=0 end ===
/home/ubuntu/miniconda3/envs/lzz-agent/lib/python3.11/site-packages/langchain/__init__.py:29: UserWarning: Importing Wikipedia from langchain root module is no longer supported. Please use langchain.docstore.Wikipedia instead.
  warnings.warn(
/home/ubuntu/miniconda3/envs/lzz-agent/lib/python3.11/site-packages/langchain_core/_api/deprecation.py:119: LangChainDeprecationWarning: The class `DocstoreExplorer` was deprecated in LangChain 0.1.0 and will be removed in 0.3.0
  warn_deprecated(
==============current step===========
Thought 1: I need to identify the last three games in the table and retrieve the points scored by the Tide in each. The last three games are on November 19, December 3, and January 2, 1995.  
Action 1: Retrieve[retrieve the "Result" column for the games on November 19, December 3, and January 2, 1995]  
Observation 1: | Result |
| W 21–14 |
| L 23–24 |
| W 24–17 |

==============current step===========
Thought 1: I need to identify the last three games in the table and retrieve the points scored by the Tide in each. The last three games are on November 19, December 3, and January 2, 1995.  
Action 1: Retrieve[retrieve the "Result" column for the games on November 19, December 3, and January 2, 1995]  
Observation 1: | Result |
| W 21–14 |
| L 23–24 |
| W 24–17 |
Thought 2: I need to sum the points scored by the Tide in these three games. The scores are 21, 23, and 24.  
Action 2: Calculate[21 + 23 + 24]  
Observation 2: (68, '')

==============current step===========
Thought 1: I need to identify the last three games in the table and retrieve the points scored by the Tide in each. The last three games are on November 19, December 3, and January 2, 1995.  
Action 1: Retrieve[retrieve the "Result" column for the games on November 19, December 3, and January 2, 1995]  
Observation 1: | Result |
| W 21–14 |
| L 23–24 |
| W 24–17 |
Thought 2: I need to sum the points scored by the Tide in these three games. The scores are 21, 23, and 24.  
Action 2: Calculate[21 + 23 + 24]  
Observation 2: (68, '')
Thought 3: The sum of the points scored in the last three games is 68. This matches the calculated result.  
Action 3: Finish[68]

Finished Trial 1, Correct: 1, Incorrect: 0, Halted: 0

=== sample 15 id=nu-15 start ===
=== sample 15 returncode=0 end ===
/home/ubuntu/miniconda3/envs/lzz-agent/lib/python3.11/site-packages/langchain/__init__.py:29: UserWarning: Importing Wikipedia from langchain root module is no longer supported. Please use langchain.docstore.Wikipedia instead.
  warnings.warn(
/home/ubuntu/miniconda3/envs/lzz-agent/lib/python3.11/site-packages/langchain_core/_api/deprecation.py:119: LangChainDeprecationWarning: The class `DocstoreExplorer` was deprecated in LangChain 0.1.0 and will be removed in 0.3.0
  warn_deprecated(
==============current step===========
Thought 1: I need to find the position of Sebastian Porto and then identify the rider in the next position. 
Action 1: Retrieve[retrieve the position of Sebastian Porto and the rider in the next position]
Observation 1: | Pos | Rider | 
| 12 | Sebastian Porto | 
| 13 | Tomomi Manako | 

==============current step===========
Thought 1: I need to find the position of Sebastian Porto and then identify the rider in the next position. 
Action 1: Retrieve[retrieve the position of Sebastian Porto and the rider in the next position]
Observation 1: | Pos | Rider | 
| 12 | Sebastian Porto | 
| 13 | Tomomi Manako | 
Thought 2: The question asks for the rider immediately after Sebastian Porto. From observation 1, Sebastian Porto is in position 12, and the next position (13) is occupied by Tomomi Manako.  
Action 2: Finish[Tomomi Manako]

Finished Trial 1, Correct: 1, Incorrect: 0, Halted: 0

=== sample 16 id=nu-16 start ===
=== sample 16 returncode=0 end ===
/home/ubuntu/miniconda3/envs/lzz-agent/lib/python3.11/site-packages/langchain/__init__.py:29: UserWarning: Importing Wikipedia from langchain root module is no longer supported. Please use langchain.docstore.Wikipedia instead.
  warnings.warn(
/home/ubuntu/miniconda3/envs/lzz-agent/lib/python3.11/site-packages/langchain_core/_api/deprecation.py:119: LangChainDeprecationWarning: The class `DocstoreExplorer` was deprecated in LangChain 0.1.0 and will be removed in 0.3.0
  warn_deprecated(
==============current step===========
Thought 1: I need to count the number of festivals that occurred in October. To do this, I will retrieve all entries where the "Date" includes October (Oct).
Action 1: Retrieve[retrieve rows where Date contains "Oct"]
Observation 1: | Date | Festival | Location | Awards | Link |
| Oct 9 | London Int. Festival of Science Fiction Film | London, England  UK | Closing Night Film | Sci-Fi London |
| Oct 9, Oct 11 | Sitges Film Festival | Sitges, Catalonia  Spain |  | Sitges Festival |
| Oct 1, Oct 15 | Gwacheon International SF Festival | Gwacheon, Gyeonggi-do  South Korea |  | gisf.org |
| Oct 17, Oct 20 | Icon TLV | Tel Aviv, Central  Israel |  | icon.org.il |
| Oct 23 | Toronto After Dark | Toronto, Ontario  Canada | Best Special Effects Best Musical Score | torontoafterdark.com |

==============current step===========
Thought 1: I need to count the number of festivals that occurred in October. To do this, I will retrieve all entries where the "Date" includes October (Oct).
Action 1: Retrieve[retrieve rows where Date contains "Oct"]
Observation 1: | Date | Festival | Location | Awards | Link |
| Oct 9 | London Int. Festival of Science Fiction Film | London, England  UK | Closing Night Film | Sci-Fi London |
| Oct 9, Oct 11 | Sitges Film Festival | Sitges, Catalonia  Spain |  | Sitges Festival |
| Oct 1, Oct 15 | Gwacheon International SF Festival | Gwacheon, Gyeonggi-do  South Korea |  | gisf.org |
| Oct 17, Oct 20 | Icon TLV | Tel Aviv, Central  Israel |  | icon.org.il |
| Oct 23 | Toronto After Dark | Toronto, Ontario  Canada | Best Special Effects Best Musical Score | torontoafterdark.com |
Thought 2: I need to count the number of festivals retrieved in Observation 1. Each row represents a unique festival, even if it spans multiple dates. There are 5 entries in the retrieved table.
Action 2: Calculate[count the number of rows in the retrieved table]
Observation 2: 14

==============current step===========
Thought 1: I need to count the number of festivals that occurred in October. To do this, I will retrieve all entries where the "Date" includes October (Oct).
Action 1: Retrieve[retrieve rows where Date contains "Oct"]
Observation 1: | Date | Festival | Location | Awards | Link |
| Oct 9 | London Int. Festival of Science Fiction Film | London, England  UK | Closing Night Film | Sci-Fi London |
| Oct 9, Oct 11 | Sitges Film Festival | Sitges, Catalonia  Spain |  | Sitges Festival |
| Oct 1, Oct 15 | Gwacheon International SF Festival | Gwacheon, Gyeonggi-do  South Korea |  | gisf.org |
| Oct 17, Oct 20 | Icon TLV | Tel Aviv, Central  Israel |  | icon.org.il |
| Oct 23 | Toronto After Dark | Toronto, Ontario  Canada | Best Special Effects Best Musical Score | torontoafterdark.com |
Thought 2: I need to count the number of festivals retrieved in Observation 1. Each row represents a unique festival, even if it spans multiple dates. There are 5 entries in the retrieved table.
Action 2: Calculate[count the number of rows in the retrieved table]
Observation 2: 14
Thought 3: The retrieved table in Observation 1 shows 5 festivals occurring in October. The Calculate action mistakenly reported 14, but the actual count is 5. The correct answer is 5.  
Action 3: Finish[5]

Finished Trial 1, Correct: 1, Incorrect: 0, Halted: 0

=== sample 17 id=nu-17 start ===
=== sample 17 returncode=0 end ===
/home/ubuntu/miniconda3/envs/lzz-agent/lib/python3.11/site-packages/langchain/__init__.py:29: UserWarning: Importing Wikipedia from langchain root module is no longer supported. Please use langchain.docstore.Wikipedia instead.
  warnings.warn(
/home/ubuntu/miniconda3/envs/lzz-agent/lib/python3.11/site-packages/langchain_core/_api/deprecation.py:119: LangChainDeprecationWarning: The class `DocstoreExplorer` was deprecated in LangChain 0.1.0 and will be removed in 0.3.0
  warn_deprecated(
==============current step===========
Thought 1: I need to find the hospital with exactly 6 hospital beds. I will retrieve all entries where the "Hospital beds" column is 6.
Action 1: Retrieve[retrieve the hospitals where Hospital beds = 6]
Observation 1: | Name | City | Hospital beds | Operating rooms | Total | Trauma designation | Affiliation | Notes |
| Vidant Bertie Hospital | Windsor | 6.0 | 2.0 | 8.0 | - | Vidant | - |

==============current step===========
Thought 1: I need to find the hospital with exactly 6 hospital beds. I will retrieve all entries where the "Hospital beds" column is 6.
Action 1: Retrieve[retrieve the hospitals where Hospital beds = 6]
Observation 1: | Name | City | Hospital beds | Operating rooms | Total | Trauma designation | Affiliation | Notes |
| Vidant Bertie Hospital | Windsor | 6.0 | 2.0 | 8.0 | - | Vidant | - |
Thought 2: The question asks for the only hospital with 6 hospital beds. From the observation, Vidant Bertie Hospital in Windsor has exactly 6 hospital beds, and no other hospital in the table matches this number.  
Action 2: Finish[Vidant Bertie Hospital]

Finished Trial 1, Correct: 1, Incorrect: 0, Halted: 0

=== sample 18 id=nu-18 start ===
=== sample 18 returncode=0 end ===
/home/ubuntu/miniconda3/envs/lzz-agent/lib/python3.11/site-packages/langchain/__init__.py:29: UserWarning: Importing Wikipedia from langchain root module is no longer supported. Please use langchain.docstore.Wikipedia instead.
  warnings.warn(
/home/ubuntu/miniconda3/envs/lzz-agent/lib/python3.11/site-packages/langchain_core/_api/deprecation.py:119: LangChainDeprecationWarning: The class `DocstoreExplorer` was deprecated in LangChain 0.1.0 and will be removed in 0.3.0
  warn_deprecated(
==============current step===========

==============current step===========
Thought 1: I need to find the total number of Škoda cars sold in 2005. The table has a "Total" row that likely sums all models for each year. I will retrieve the 2005 value from the Total row.
Action 1: Retrieve[retrieve the value in the Total row for the year 2005]
Observation 1: | Total | 492,111 |

==============current step===========
Thought 1: I need to find the total number of Škoda cars sold in 2005. The table has a "Total" row that likely sums all models for each year. I will retrieve the 2005 value from the Total row.
Action 1: Retrieve[retrieve the value in the Total row for the year 2005]
Observation 1: | Total | 492,111 |

Finished Trial 1, Correct: 1, Incorrect: 0, Halted: 1

=== sample 19 id=nu-19 start ===
=== sample 19 returncode=0 end ===
/home/ubuntu/miniconda3/envs/lzz-agent/lib/python3.11/site-packages/langchain/__init__.py:29: UserWarning: Importing Wikipedia from langchain root module is no longer supported. Please use langchain.docstore.Wikipedia instead.
  warnings.warn(
/home/ubuntu/miniconda3/envs/lzz-agent/lib/python3.11/site-packages/langchain_core/_api/deprecation.py:119: LangChainDeprecationWarning: The class `DocstoreExplorer` was deprecated in LangChain 0.1.0 and will be removed in 0.3.0
  warn_deprecated(
==============current step===========
Thought 1: I need to find the number of times the player won matches on a grass surface. To do this, I should retrieve all rows where the Outcome is "Winner" and the Surface is "Grass".
Action 1: Retrieve[retrieve rows where Outcome is "Winner" and Surface is "Grass"]
Observation 1: | Outcome | No. | Date | Championship | Surface | Opponent in the final | Score in the final |
| Winner | 3.0 | June 13, 1994 | London (Queen's Club), UK | Grass | Pete Sampras | 7–6(7–4), 7–6(7–4) |

==============current step===========
Thought 1: I need to find the number of times the player won matches on a grass surface. To do this, I should retrieve all rows where the Outcome is "Winner" and the Surface is "Grass".
Action 1: Retrieve[retrieve rows where Outcome is "Winner" and Surface is "Grass"]
Observation 1: | Outcome | No. | Date | Championship | Surface | Opponent in the final | Score in the final |
| Winner | 3.0 | June 13, 1994 | London (Queen's Club), UK | Grass | Pete Sampras | 7–6(7–4), 7–6(7–4) |
Thought 2: The retrieved table shows one instance where the player won on a grass surface (Queen's Club in 1994). Since there are no other entries matching "Winner" and "Grass" in the table, the count is 1.
Action 2: Finish[1]

Finished Trial 1, Correct: 1, Incorrect: 0, Halted: 0

=== sample 20 id=nu-20 start ===
=== sample 20 returncode=0 end ===
/home/ubuntu/miniconda3/envs/lzz-agent/lib/python3.11/site-packages/langchain/__init__.py:29: UserWarning: Importing Wikipedia from langchain root module is no longer supported. Please use langchain.docstore.Wikipedia instead.
  warnings.warn(
/home/ubuntu/miniconda3/envs/lzz-agent/lib/python3.11/site-packages/langchain_core/_api/deprecation.py:119: LangChainDeprecationWarning: The class `DocstoreExplorer` was deprecated in LangChain 0.1.0 and will be removed in 0.3.0
  warn_deprecated(
==============current step===========
Thought 1: I need to determine which nation has the highest number of gold medals. The "Gold" column in the table shows the count for each nation.  
Action 1: Retrieve[retrieve the Gold column values and corresponding Nation names from the table]  
Observation 1: | Nation | Gold |
| Brazil | 7.0 |
| Venezuela | 3.0 |
| Colombia | 2.0 |
| Chile | 2.0 |
| Argentina | 1.0 |
| Peru | 1.0 |
| Ecuador | 0.0 |
| Guyana | 0.0 |
| Aruba | 0.0 |
| Netherlands Antilles | 0.0 |
| Panama | 0.0 |
| Uruguay | 0.0 |

==============current step===========
Thought 1: I need to determine which nation has the highest number of gold medals. The "Gold" column in the table shows the count for each nation.  
Action 1: Retrieve[retrieve the Gold column values and corresponding Nation names from the table]  
Observation 1: | Nation | Gold |
| Brazil | 7.0 |
| Venezuela | 3.0 |
| Colombia | 2.0 |
| Chile | 2.0 |
| Argentina | 1.0 |
| Peru | 1.0 |
| Ecuador | 0.0 |
| Guyana | 0.0 |
| Aruba | 0.0 |
| Netherlands Antilles | 0.0 |
| Panama | 0.0 |
| Uruguay | 0.0 |
Thought 2: The nation with the highest Gold count is Brazil with 7 gold medals. This is the maximum value in the Gold column.  
Action 2: Finish[Brazil]

Finished Trial 1, Correct: 1, Incorrect: 0, Halted: 0

=== sample 21 id=nu-21 start ===
=== sample 21 returncode=0 end ===
/home/ubuntu/miniconda3/envs/lzz-agent/lib/python3.11/site-packages/langchain/__init__.py:29: UserWarning: Importing Wikipedia from langchain root module is no longer supported. Please use langchain.docstore.Wikipedia instead.
  warnings.warn(
/home/ubuntu/miniconda3/envs/lzz-agent/lib/python3.11/site-packages/langchain_core/_api/deprecation.py:119: LangChainDeprecationWarning: The class `DocstoreExplorer` was deprecated in LangChain 0.1.0 and will be removed in 0.3.0
  warn_deprecated(
==============current step===========
Thought 1: I need to identify all Belgian riders in the table and sum their wins. First, retrieve the rows where the Country is Belgium.
Action 1: Retrieve[retrieve rows where Country is Belgium]
Observation 1: | Place | Rider | Country | Team | Points | Wins |
| 1.0 | Sylvain Geboers | Belgium | Suzuki | 3066.0 | 3.0 |
| 4.0 | Roger De Coster | Belgium | Suzuki | 1865.0 | 3.0 |
| 5.0 | Joel Robert | Belgium | Suzuki | 1730.0 | 1.0 |
| 8.0 | Gaston Rahier | Belgium | ČZ | 1112.0 | 0.0 |

==============current step===========
Thought 1: I need to identify all Belgian riders in the table and sum their wins. First, retrieve the rows where the Country is Belgium.
Action 1: Retrieve[retrieve rows where Country is Belgium]
Observation 1: | Place | Rider | Country | Team | Points | Wins |
| 1.0 | Sylvain Geboers | Belgium | Suzuki | 3066.0 | 3.0 |
| 4.0 | Roger De Coster | Belgium | Suzuki | 1865.0 | 3.0 |
| 5.0 | Joel Robert | Belgium | Suzuki | 1730.0 | 1.0 |
| 8.0 | Gaston Rahier | Belgium | ČZ | 1112.0 | 0.0 |
Thought 2: Now, I need to sum the "Wins" column for the Belgian riders retrieved in Observation 1. The wins are 3, 3, 1, and 0.  
Action 2: Calculate[sum 3, 3, 1, 0]  
Observation 2: 7  

==============current step===========
Thought 1: I need to identify all Belgian riders in the table and sum their wins. First, retrieve the rows where the Country is Belgium.
Action 1: Retrieve[retrieve rows where Country is Belgium]
Observation 1: | Place | Rider | Country | Team | Points | Wins |
| 1.0 | Sylvain Geboers | Belgium | Suzuki | 3066.0 | 3.0 |
| 4.0 | Roger De Coster | Belgium | Suzuki | 1865.0 | 3.0 |
| 5.0 | Joel Robert | Belgium | Suzuki | 1730.0 | 1.0 |
| 8.0 | Gaston Rahier | Belgium | ČZ | 1112.0 | 0.0 |
Thought 2: Now, I need to sum the "Wins" column for the Belgian riders retrieved in Observation 1. The wins are 3, 3, 1, and 0.  
Action 2: Calculate[sum 3, 3, 1, 0]  
Observation 2: 7  
Thought 3: The total number of wins by Belgian riders is the sum calculated in Observation 2, which is 7.  
Action 3: Finish[7]

Finished Trial 1, Correct: 1, Incorrect: 0, Halted: 0

=== sample 22 id=nu-22 start ===
=== sample 22 returncode=0 end ===
/home/ubuntu/miniconda3/envs/lzz-agent/lib/python3.11/site-packages/langchain/__init__.py:29: UserWarning: Importing Wikipedia from langchain root module is no longer supported. Please use langchain.docstore.Wikipedia instead.
  warnings.warn(
/home/ubuntu/miniconda3/envs/lzz-agent/lib/python3.11/site-packages/langchain_core/_api/deprecation.py:119: LangChainDeprecationWarning: The class `DocstoreExplorer` was deprecated in LangChain 0.1.0 and will be removed in 0.3.0
  warn_deprecated(
==============current step===========
Thought 1: I need to find the yacht with the next best time after Ausmaid. Since smaller elapsed time is better, the next best time would be the first time that is slower than Ausmaid's time. First, locate Ausmaid's position and time in the table.
Action 1: Retrieve[retrieve the elapsed time of Ausmaid and the yacht immediately after it in the table]
Observation 1: | Position | Yacht | Elapsed Time d:hh:mm:ss |
| 3 | Ausmaid | 3:06:02:29 |
| 4 | Ragamuffin | 3:06:11:29 |

==============current step===========
Thought 1: I need to find the yacht with the next best time after Ausmaid. Since smaller elapsed time is better, the next best time would be the first time that is slower than Ausmaid's time. First, locate Ausmaid's position and time in the table.
Action 1: Retrieve[retrieve the elapsed time of Ausmaid and the yacht immediately after it in the table]
Observation 1: | Position | Yacht | Elapsed Time d:hh:mm:ss |
| 3 | Ausmaid | 3:06:02:29 |
| 4 | Ragamuffin | 3:06:11:29 |
Thought 2: The question asks for the yacht with the next best time after Ausmaid. From the observation, Ausmaid is in 3rd position with 3:06:02:29, and the next yacht in 4th position is Ragamuffin with 3:06:11:29. Since the table is ordered by elapsed time, Ragamuffin is the next best time after Ausmaid.  
Action 2: Finish[Ragamuffin]

Finished Trial 1, Correct: 0, Incorrect: 1, Halted: 0

=== sample 23 id=nu-23 start ===
=== sample 23 returncode=0 end ===
/home/ubuntu/miniconda3/envs/lzz-agent/lib/python3.11/site-packages/langchain/__init__.py:29: UserWarning: Importing Wikipedia from langchain root module is no longer supported. Please use langchain.docstore.Wikipedia instead.
  warnings.warn(
/home/ubuntu/miniconda3/envs/lzz-agent/lib/python3.11/site-packages/langchain_core/_api/deprecation.py:119: LangChainDeprecationWarning: The class `DocstoreExplorer` was deprecated in LangChain 0.1.0 and will be removed in 0.3.0
  warn_deprecated(
==============current step===========
Thought 1: The matches are listed in order from GL-B-1 to GL-B-6, followed by the Quarterfinals. The match after GL-B-5 is GL-B-6.
Action 1: Retrieve[retrieve the Match column in order to confirm the sequence]
Observation 1: | Match |
| GL-B-1 |
| GL-B-2 |
| GL-B-3 |
| GL-B-4 |
| GL-B-5 |
| GL-B-6 |
| Quarterfinals-1 |
| Quarterfinals-2 |

==============current step===========
Thought 1: The matches are listed in order from GL-B-1 to GL-B-6, followed by the Quarterfinals. The match after GL-B-5 is GL-B-6.
Action 1: Retrieve[retrieve the Match column in order to confirm the sequence]
Observation 1: | Match |
| GL-B-1 |
| GL-B-2 |
| GL-B-3 |
| GL-B-4 |
| GL-B-5 |
| GL-B-6 |
| Quarterfinals-1 |
| Quarterfinals-2 |
Thought 2: The Match column confirms the order. After GL-B-5 comes GL-B-6.  
Action 2: Finish[GL-B-6]

Finished Trial 1, Correct: 1, Incorrect: 0, Halted: 0

=== sample 24 id=nu-24 start ===
=== sample 24 returncode=0 end ===
/home/ubuntu/miniconda3/envs/lzz-agent/lib/python3.11/site-packages/langchain/__init__.py:29: UserWarning: Importing Wikipedia from langchain root module is no longer supported. Please use langchain.docstore.Wikipedia instead.
  warnings.warn(
/home/ubuntu/miniconda3/envs/lzz-agent/lib/python3.11/site-packages/langchain_core/_api/deprecation.py:119: LangChainDeprecationWarning: The class `DocstoreExplorer` was deprecated in LangChain 0.1.0 and will be removed in 0.3.0
  warn_deprecated(
==============current step===========
Thought 1: I need to count the number of times Amanda Holden appears in the "Judging panel" column across all series.  
Action 1: Retrieve[retrieve all entries in the "Judging panel" column]  
Observation 1: | Judging panel |
| Simon Cowell Amanda Holden Piers Morgan |
| Simon Cowell Amanda Holden Piers Morgan |
| Simon Cowell Amanda Holden Piers Morgan |
| Simon Cowell Amanda Holden Piers Morgan |
| Simon Cowell Amanda Holden David Hasselhoff Michael McIntyre |
| Simon Cowell Amanda Holden Alesha Dixon David Walliams |
| Simon Cowell Amanda Holden Alesha Dixon David Walliams |
| Simon Cowell Amanda Holden Alesha Dixon David Walliams |
| TBA |

==============current step===========
Thought 1: I need to count the number of times Amanda Holden appears in the "Judging panel" column across all series.  
Action 1: Retrieve[retrieve all entries in the "Judging panel" column]  
Observation 1: | Judging panel |
| Simon Cowell Amanda Holden Piers Morgan |
| Simon Cowell Amanda Holden Piers Morgan |
| Simon Cowell Amanda Holden Piers Morgan |
| Simon Cowell Amanda Holden Piers Morgan |
| Simon Cowell Amanda Holden David Hasselhoff Michael McIntyre |
| Simon Cowell Amanda Holden Alesha Dixon David Walliams |
| Simon Cowell Amanda Holden Alesha Dixon David Walliams |
| Simon Cowell Amanda Holden Alesha Dixon David Walliams |
| TBA |
Thought 2: Now I need to count how many entries in the "Judging panel" column include "Amanda Holden". From observation 1:  
Action 2: Finish[8]

Finished Trial 1, Correct: 0, Incorrect: 1, Halted: 0

=== sample 25 id=nu-25 start ===
=== sample 25 returncode=0 end ===
/home/ubuntu/miniconda3/envs/lzz-agent/lib/python3.11/site-packages/langchain/__init__.py:29: UserWarning: Importing Wikipedia from langchain root module is no longer supported. Please use langchain.docstore.Wikipedia instead.
  warnings.warn(
/home/ubuntu/miniconda3/envs/lzz-agent/lib/python3.11/site-packages/langchain_core/_api/deprecation.py:119: LangChainDeprecationWarning: The class `DocstoreExplorer` was deprecated in LangChain 0.1.0 and will be removed in 0.3.0
  warn_deprecated(
==============current step===========

==============current step===========
Thought 1: I need to count the number of awards Leona Lewis has won. This requires retrieving all rows where the "Result" is "Won" and then counting them.  
Action 1: Retrieve[retrieve all rows where Result is "Won"]  
Observation 1:  
| Year | Award | Nominated work | Category | Result |  
| 2007 | Cosmopolitan Ultimate Woman of the Year | Leona Lewis | Newcomer of the Year | Won |  
| 2007 | The Record of the Year | "Bleeding Love" | The Record of the Year | Won |  
| 2008 | Capital Awards | Leona Lewis | Favourite UK Female Artist | Won |  
| 2008 | Britain's Best | Leona Lewis | Music Award | Won |  
| 2008 | NewNowNext Awards | Leona Lewis | The Kylie Award: Next International Crossover | Won |  
| 2008 | Glamour Woman Of The Year Awards | Leona Lewis | UK Solo Artist | Won |  
| 2008 | Nickelodeon UK Kids Choice Awards | "Bleeding Love" | Favourite Song | Won |  
| 2008 | UK Music Video Awards | "Bleeding Love" | People's Choice Award | Won |  
| 2008 | Bambi Award | Leona Lewis | Shooting Star | Won |  
| 2008 | New Music Weekly Awards | Leona Lewis | Top 40 New Artist of the Year | Won |  
| 2008 | Billboard 2008 Year End Award | Leona Lewis | Best New Artist | Won |  
| 2008 | Vh1 Video of the Year | "Bleeding Love" | Best Video | Won |  
| 2008 | PETA | Leona Lewis | Person Of The Year | Won |  
| 2009 | Swiss Music Awards | Leona Lewis | Best International Newcomer | Won |  
| 2009 | Japan Gold Disc Awards | Leona Lewis | New Artist Of The Year | Won |  
| 2009 | HITO Pop Music Awards | "Bleeding Love" | Best Western Song | Won |  
| 2009 | PETA - Sexiest Vegetarian Alive Awards | Leona Lewis | Sexiest Vegetarian Celebrity 2009 | Won |  
| 2009 | APRA Awards | "Bleeding Love" | Most Played Foreign Work | Won |  
| 2009 | BEFFTA Awards | Leona Lewis | Best Female Act | Won |  
| 2009 | Cosmopolitan Awards | Leona Lewis | Ultimate Music Star | Won |  

==============current step===========
Thought 1: I need to count the number of awards Leona Lewis has won. This requires retrieving all rows where the "Result" is "Won" and then counting them.  
Action 1: Retrieve[retrieve all rows where Result is "Won"]  
Observation 1:  
| Year | Award | Nominated work | Category | Result |  
| 2007 | Cosmopolitan Ultimate Woman of the Year | Leona Lewis | Newcomer of the Year | Won |  
| 2007 | The Record of the Year | "Bleeding Love" | The Record of the Year | Won |  
| 2008 | Capital Awards | Leona Lewis | Favourite UK Female Artist | Won |  
| 2008 | Britain's Best | Leona Lewis | Music Award | Won |  
| 2008 | NewNowNext Awards | Leona Lewis | The Kylie Award: Next International Crossover | Won |  
| 2008 | Glamour Woman Of The Year Awards | Leona Lewis | UK Solo Artist | Won |  
| 2008 | Nickelodeon UK Kids Choice Awards | "Bleeding Love" | Favourite Song | Won |  
| 2008 | UK Music Video Awards | "Bleeding Love" | People's Choice Award | Won |  
| 2008 | Bambi Award | Leona Lewis | Shooting Star | Won |  
| 2008 | New Music Weekly Awards | Leona Lewis | Top 40 New Artist of the Year | Won |  
| 2008 | Billboard 2008 Year End Award | Leona Lewis | Best New Artist | Won |  
| 2008 | Vh1 Video of the Year | "Bleeding Love" | Best Video | Won |  
| 2008 | PETA | Leona Lewis | Person Of The Year | Won |  
| 2009 | Swiss Music Awards | Leona Lewis | Best International Newcomer | Won |  
| 2009 | Japan Gold Disc Awards | Leona Lewis | New Artist Of The Year | Won |  
| 2009 | HITO Pop Music Awards | "Bleeding Love" | Best Western Song | Won |  
| 2009 | PETA - Sexiest Vegetarian Alive Awards | Leona Lewis | Sexiest Vegetarian Celebrity 2009 | Won |  
| 2009 | APRA Awards | "Bleeding Love" | Most Played Foreign Work | Won |  
| 2009 | BEFFTA Awards | Leona Lewis | Best Female Act | Won |  
| 2009 | Cosmopolitan Awards | Leona Lewis | Ultimate Music Star | Won |  
Thought 2: I need to count the number of awards won by Leona Lewis from the retrieved data in observation 1.  
Action 2: Calculate[count the number of rows in the table of observation 1]  
Observation 2: 20  

Finished Trial 1, Correct: 1, Incorrect: 0, Halted: 1

=== sample 26 id=nu-26 start ===
=== sample 26 returncode=0 end ===
/home/ubuntu/miniconda3/envs/lzz-agent/lib/python3.11/site-packages/langchain/__init__.py:29: UserWarning: Importing Wikipedia from langchain root module is no longer supported. Please use langchain.docstore.Wikipedia instead.
  warnings.warn(
/home/ubuntu/miniconda3/envs/lzz-agent/lib/python3.11/site-packages/langchain_core/_api/deprecation.py:119: LangChainDeprecationWarning: The class `DocstoreExplorer` was deprecated in LangChain 0.1.0 and will be removed in 0.3.0
  warn_deprecated(
==============current step===========
Thought 1: The question asks for the top scorer in the last season listed in the table. The most recent season in the table is 2011-12. I need to retrieve the "League Top scorer" for that season.  
Action 1: Retrieve[retrieve the "League Top scorer" for the 2011-12 season]  
Observation 1: | League Top scorer |  
| Simon Makienok Christoffersen (10) |  

==============current step===========
Thought 1: The question asks for the top scorer in the last season listed in the table. The most recent season in the table is 2011-12. I need to retrieve the "League Top scorer" for that season.  
Action 1: Retrieve[retrieve the "League Top scorer" for the 2011-12 season]  
Observation 1: | League Top scorer |  
| Simon Makienok Christoffersen (10) |  
Thought 2: The question asks for the top scorer in the last season (2011-12). The answer is retrieved from observation 1, which is Simon Makienok Christoffersen.  
Action 2: Finish[Simon Makienok Christoffersen]

Finished Trial 1, Correct: 1, Incorrect: 0, Halted: 0

=== sample 27 id=nu-27 start ===
=== sample 27 returncode=0 end ===
/home/ubuntu/miniconda3/envs/lzz-agent/lib/python3.11/site-packages/langchain/__init__.py:29: UserWarning: Importing Wikipedia from langchain root module is no longer supported. Please use langchain.docstore.Wikipedia instead.
  warnings.warn(
/home/ubuntu/miniconda3/envs/lzz-agent/lib/python3.11/site-packages/langchain_core/_api/deprecation.py:119: LangChainDeprecationWarning: The class `DocstoreExplorer` was deprecated in LangChain 0.1.0 and will be removed in 0.3.0
  warn_deprecated(
==============current step===========
Thought 1: I need to count the number of jury members mentioned in the "Finish" column. Each entry with "Jury Member" indicates a member, and the numbering (1st, 2nd, etc.) shows the total count.  
Action 1: Retrieve[retrieve all entries in the Finish column containing "Jury Member"]  

Finished Trial 1, Correct: 0, Incorrect: 1, Halted: 0

=== sample 28 id=nu-28 start ===
=== sample 28 returncode=0 end ===
/home/ubuntu/miniconda3/envs/lzz-agent/lib/python3.11/site-packages/langchain/__init__.py:29: UserWarning: Importing Wikipedia from langchain root module is no longer supported. Please use langchain.docstore.Wikipedia instead.
  warnings.warn(
/home/ubuntu/miniconda3/envs/lzz-agent/lib/python3.11/site-packages/langchain_core/_api/deprecation.py:119: LangChainDeprecationWarning: The class `DocstoreExplorer` was deprecated in LangChain 0.1.0 and will be removed in 0.3.0
  warn_deprecated(
==============current step===========
Thought 1: I need to count how many times "Val d'Isère, France" appears in the Location column of the table.
Action 1: Retrieve[retrieve all rows where Location is "Val d'Isère, France"]
Observation 1: | Season | Date | Location | Race |
| 2009 | 13 Dec 2008 | Val d'Isère, France | Giant slalom |

==============current step===========
Thought 1: I need to count how many times "Val d'Isère, France" appears in the Location column of the table.
Action 1: Retrieve[retrieve all rows where Location is "Val d'Isère, France"]
Observation 1: | Season | Date | Location | Race |
| 2009 | 13 Dec 2008 | Val d'Isère, France | Giant slalom |
Thought 2: The observation shows only one instance where the location is "Val d'Isère, France". Therefore, the answer is 1.
Action 2: Finish[1]

Finished Trial 1, Correct: 1, Incorrect: 0, Halted: 0

=== sample 29 id=nu-29 start ===
=== sample 29 returncode=0 end ===
/home/ubuntu/miniconda3/envs/lzz-agent/lib/python3.11/site-packages/langchain/__init__.py:29: UserWarning: Importing Wikipedia from langchain root module is no longer supported. Please use langchain.docstore.Wikipedia instead.
  warnings.warn(
/home/ubuntu/miniconda3/envs/lzz-agent/lib/python3.11/site-packages/langchain_core/_api/deprecation.py:119: LangChainDeprecationWarning: The class `DocstoreExplorer` was deprecated in LangChain 0.1.0 and will be removed in 0.3.0
  warn_deprecated(
Traceback (most recent call last):
  File "/home/ubuntu/lzz/MACT/code/tqa.py", line 197, in main
    finished_agent = write_to_file(
                     ^^^^^^^^^^^^^^
  File "/home/ubuntu/lzz/MACT/code/tqa.py", line 38, in write_to_file
    agent.run(given_plan)
  File "/home/ubuntu/lzz/MACT/code/agents.py", line 893, in run
    self.step()
  File "/home/ubuntu/lzz/MACT/code/agents.py", line 939, in step
    sampled = self.prompt_agent(mode="both")
              ^^^^^^^^^^^^^^^^^^^^^^^^^^^^^^
  File "/home/ubuntu/lzz/MACT/code/agents.py", line 1088, in prompt_agent
    return self._generate_candidates(
           ^^^^^^^^^^^^^^^^^^^^^^^^^^
  File "/home/ubuntu/lzz/MACT/code/agents.py", line 331, in _generate_candidates
    return self.api_backend.generate(
           ^^^^^^^^^^^^^^^^^^^^^^^^^^
  File "/home/ubuntu/lzz/MACT/code/model_backends.py", line 145, in generate
    response = self.client.chat.completions.create(**request)
               ^^^^^^^^^^^^^^^^^^^^^^^^^^^^^^^^^^^^^^^^^^^^^^
  File "/home/ubuntu/miniconda3/envs/lzz-agent/lib/python3.11/site-packages/openai/_utils/_utils.py", line 286, in wrapper
    return func(*args, **kwargs)
           ^^^^^^^^^^^^^^^^^^^^^
  File "/home/ubuntu/miniconda3/envs/lzz-agent/lib/python3.11/site-packages/openai/resources/chat/completions/completions.py", line 1204, in create
    return self._post(
           ^^^^^^^^^^^
  File "/home/ubuntu/miniconda3/envs/lzz-agent/lib/python3.11/site-packages/openai/_base_client.py", line 1297, in post
    return cast(ResponseT, self.request(cast_to, opts, stream=stream, stream_cls=stream_cls))
                           ^^^^^^^^^^^^^^^^^^^^^^^^^^^^^^^^^^^^^^^^^^^^^^^^^^^^^^^^^^^^^^^^^
  File "/home/ubuntu/miniconda3/envs/lzz-agent/lib/python3.11/site-packages/openai/_base_client.py", line 1070, in request
    raise self._make_status_error_from_response(err.response) from None
openai.BadRequestError: Error code: 400 - {'error': {'message': "You passed 6145 input tokens and requested 2048 output tokens. However, the model's context length is only 8192 tokens, resulting in a maximum input length of 6144 tokens. Please reduce the length of the input prompt. (parameter=input_tokens, value=6145)", 'type': 'BadRequestError', 'param': 'input_tokens', 'code': 400}}


=== sample 30 id=nu-30 start ===
=== sample 30 returncode=0 end ===
/home/ubuntu/miniconda3/envs/lzz-agent/lib/python3.11/site-packages/langchain/__init__.py:29: UserWarning: Importing Wikipedia from langchain root module is no longer supported. Please use langchain.docstore.Wikipedia instead.
  warnings.warn(
/home/ubuntu/miniconda3/envs/lzz-agent/lib/python3.11/site-packages/langchain_core/_api/deprecation.py:119: LangChainDeprecationWarning: The class `DocstoreExplorer` was deprecated in LangChain 0.1.0 and will be removed in 0.3.0
  warn_deprecated(
==============current step===========
Thought 1: I need to identify the last stadium listed in the table. The "last" entry is determined by the order of rows in the table provided. The final row corresponds to the Wigan Warriors team, so their stadium is the last listed.  
Action 1: Retrieve[retrieve the Stadium value for the last row in the table]  
Observation 1: | Stadium |
| DW Stadium |

==============current step===========
Thought 1: I need to identify the last stadium listed in the table. The "last" entry is determined by the order of rows in the table provided. The final row corresponds to the Wigan Warriors team, so their stadium is the last listed.  
Action 1: Retrieve[retrieve the Stadium value for the last row in the table]  
Observation 1: | Stadium |
| DW Stadium |
Thought 2: The last entry in the table corresponds to the Wigan Warriors team. The stadium for this entry is the DW Stadium, which is the last listed stadium.  
Action 2: Finish[DW Stadium]

Finished Trial 1, Correct: 1, Incorrect: 0, Halted: 0

=== sample 31 id=nu-31 start ===
=== sample 31 returncode=0 end ===
/home/ubuntu/miniconda3/envs/lzz-agent/lib/python3.11/site-packages/langchain/__init__.py:29: UserWarning: Importing Wikipedia from langchain root module is no longer supported. Please use langchain.docstore.Wikipedia instead.
  warnings.warn(
/home/ubuntu/miniconda3/envs/lzz-agent/lib/python3.11/site-packages/langchain_core/_api/deprecation.py:119: LangChainDeprecationWarning: The class `DocstoreExplorer` was deprecated in LangChain 0.1.0 and will be removed in 0.3.0
  warn_deprecated(
==============current step===========
Thought 1: I need to retrieve all instances where Salvatore Bettiol's position is "1st" in the table.  
Action 1: Retrieve[retrieve rows where Position is "1st"]  
Observation 1: | Year | Competition | Venue | Position | Event | Notes |
| 1986.0 | Venice Marathon | Venice, Italy | 1st | Marathon | 2:18:44 |
| 1987.0 | Venice Marathon | Venice, Italy | 1st | Marathon | 2:10:01 |

==============current step===========
Thought 1: I need to retrieve all instances where Salvatore Bettiol's position is "1st" in the table.  
Action 1: Retrieve[retrieve rows where Position is "1st"]  
Observation 1: | Year | Competition | Venue | Position | Event | Notes |
| 1986.0 | Venice Marathon | Venice, Italy | 1st | Marathon | 2:18:44 |
| 1987.0 | Venice Marathon | Venice, Italy | 1st | Marathon | 2:10:01 |
Thought 2: The retrieved table shows two instances where Salvatore Bettiol achieved 1st place (in 1986 and 1987 Venice Marathons). Since no other rows meet the "1st" position criterion, the total count is 2.  
Action 2: Finish[2]

Finished Trial 1, Correct: 1, Incorrect: 0, Halted: 0

=== sample 32 id=nu-32 start ===
=== sample 32 returncode=0 end ===
/home/ubuntu/miniconda3/envs/lzz-agent/lib/python3.11/site-packages/langchain/__init__.py:29: UserWarning: Importing Wikipedia from langchain root module is no longer supported. Please use langchain.docstore.Wikipedia instead.
  warnings.warn(
/home/ubuntu/miniconda3/envs/lzz-agent/lib/python3.11/site-packages/langchain_core/_api/deprecation.py:119: LangChainDeprecationWarning: The class `DocstoreExplorer` was deprecated in LangChain 0.1.0 and will be removed in 0.3.0
  warn_deprecated(
==============current step===========
Thought 1: I need to find the season where Illinois had a perfect conference record (0 losses). This would be indicated by a "0" in the losses portion of the "Conference Record" column.  
Action 1: Retrieve[retrieve the seasons and corresponding Conference Records from the table]  
Observation 1: | Season | Conference Record |
| 1912–13 | 7–6 |
| 1913–14 | 7–3 |
| 1914–15 | 12–0 |
| 1915–16 | 9–3 |
| 1916–17 | 10–2 |
| 1917–18 | 6–6 |
| 1918–19 | 5–7 |
| 1919–20 | 8–4 |
| 1912–20 | 64–31 |

==============current step===========
Thought 1: I need to find the season where Illinois had a perfect conference record (0 losses). This would be indicated by a "0" in the losses portion of the "Conference Record" column.  
Action 1: Retrieve[retrieve the seasons and corresponding Conference Records from the table]  
Observation 1: | Season | Conference Record |
| 1912–13 | 7–6 |
| 1913–14 | 7–3 |
| 1914–15 | 12–0 |
| 1915–16 | 9–3 |
| 1916–17 | 10–2 |
| 1917–18 | 6–6 |
| 1918–19 | 5–7 |
| 1919–20 | 8–4 |
| 1912–20 | 64–31 |
Thought 2: The season with a conference record of 12–0 indicates zero losses. This corresponds to the 1914–15 season.  
Action 2: Finish[1914–15]

Finished Trial 1, Correct: 0, Incorrect: 1, Halted: 0

=== sample 33 id=nu-33 start ===
=== sample 33 returncode=0 end ===
/home/ubuntu/miniconda3/envs/lzz-agent/lib/python3.11/site-packages/langchain/__init__.py:29: UserWarning: Importing Wikipedia from langchain root module is no longer supported. Please use langchain.docstore.Wikipedia instead.
  warnings.warn(
/home/ubuntu/miniconda3/envs/lzz-agent/lib/python3.11/site-packages/langchain_core/_api/deprecation.py:119: LangChainDeprecationWarning: The class `DocstoreExplorer` was deprecated in LangChain 0.1.0 and will be removed in 0.3.0
  warn_deprecated(
==============current step===========
Thought 1: I need to find Natalia Varnakova's height and then identify other contestants with the same height.  
Action 1: Retrieve[retrieve Natalia Varnakova's height from the table]  
Observation 1: | Height |
| 1.80 m (5 ft 11 in) |

==============current step===========
Thought 1: I need to find Natalia Varnakova's height and then identify other contestants with the same height.  
Action 1: Retrieve[retrieve Natalia Varnakova's height from the table]  
Observation 1: | Height |
| 1.80 m (5 ft 11 in) |

==============current step===========
Thought 1: I need to find Natalia Varnakova's height and then identify other contestants with the same height.  
Action 1: Retrieve[retrieve Natalia Varnakova's height from the table]  
Observation 1: | Height |
| 1.80 m (5 ft 11 in) |

Finished Trial 1, Correct: 0, Incorrect: 0, Halted: 1

=== sample 34 id=nu-34 start ===
=== sample 34 returncode=0 end ===
/home/ubuntu/miniconda3/envs/lzz-agent/lib/python3.11/site-packages/langchain/__init__.py:29: UserWarning: Importing Wikipedia from langchain root module is no longer supported. Please use langchain.docstore.Wikipedia instead.
  warnings.warn(
/home/ubuntu/miniconda3/envs/lzz-agent/lib/python3.11/site-packages/langchain_core/_api/deprecation.py:119: LangChainDeprecationWarning: The class `DocstoreExplorer` was deprecated in LangChain 0.1.0 and will be removed in 0.3.0
  warn_deprecated(
==============current step===========
Thought 1: The table lists candidates only under "Democratic" and "Republican" columns. To find candidates from other parties, I need to check if any candidates are listed outside these two columns. However, the table does not include a column for third-party candidates, and all listed candidates are explicitly under Democratic or Republican. 
Action 1: Retrieve[all candidates listed in the table]
Observation 1: The "Democratic" and "Republican" columns contain all candidates. No other candidates are listed.

==============current step===========
Thought 1: The table lists candidates only under "Democratic" and "Republican" columns. To find candidates from other parties, I need to check if any candidates are listed outside these two columns. However, the table does not include a column for third-party candidates, and all listed candidates are explicitly under Democratic or Republican. 
Action 1: Retrieve[all candidates listed in the table]
Observation 1: The "Democratic" and "Republican" columns contain all candidates. No other candidates are listed.
Thought 2: Since all candidates in the table are explicitly listed under either the Democratic or Republican columns and there are no entries in other columns that could represent third-party candidates, the number of candidates from parties other than Republican or Democrat is zero.  
Action 2: Finish[0]

Finished Trial 1, Correct: 1, Incorrect: 0, Halted: 0

=== sample 35 id=nu-35 start ===
=== sample 35 returncode=0 end ===
/home/ubuntu/miniconda3/envs/lzz-agent/lib/python3.11/site-packages/langchain/__init__.py:29: UserWarning: Importing Wikipedia from langchain root module is no longer supported. Please use langchain.docstore.Wikipedia instead.
  warnings.warn(
/home/ubuntu/miniconda3/envs/lzz-agent/lib/python3.11/site-packages/langchain_core/_api/deprecation.py:119: LangChainDeprecationWarning: The class `DocstoreExplorer` was deprecated in LangChain 0.1.0 and will be removed in 0.3.0
  warn_deprecated(
==============current step===========
Thought 1: I need to determine how many competitions were not held in the United Kingdom. First, I will retrieve all unique competitions and their corresponding countries from the table.  
Action 1: Retrieve[retrieve all unique combinations of "Competition" and "Country" from the table]  
Observation 1:  
| Competition | Country |  
| 2008–09 World Cup | United Kingdom |  
| 2008–09 World Cup | Denmark |  
| 5th International Keirin Event | United Kingdom |  
| 2009–10 World Cup | United Kingdom |  

==============current step===========
Thought 1: I need to determine how many competitions were not held in the United Kingdom. First, I will retrieve all unique competitions and their corresponding countries from the table.  
Action 1: Retrieve[retrieve all unique combinations of "Competition" and "Country" from the table]  
Observation 1:  
| Competition | Country |  
| 2008–09 World Cup | United Kingdom |  
| 2008–09 World Cup | Denmark |  
| 5th International Keirin Event | United Kingdom |  
| 2009–10 World Cup | United Kingdom |  
Thought 2: From the retrieved unique competitions and countries, only the "2008–09 World Cup" in Denmark is not in the United Kingdom. All other competitions are held in the UK.  
Action 2: Calculate[subtract the number of competitions in the UK from the total number of unique competitions]  
Observation 2: 1  

==============current step===========
Thought 1: I need to determine how many competitions were not held in the United Kingdom. First, I will retrieve all unique competitions and their corresponding countries from the table.  
Action 1: Retrieve[retrieve all unique combinations of "Competition" and "Country" from the table]  
Observation 1:  
| Competition | Country |  
| 2008–09 World Cup | United Kingdom |  
| 2008–09 World Cup | Denmark |  
| 5th International Keirin Event | United Kingdom |  
| 2009–10 World Cup | United Kingdom |  
Thought 2: From the retrieved unique competitions and countries, only the "2008–09 World Cup" in Denmark is not in the United Kingdom. All other competitions are held in the UK.  
Action 2: Calculate[subtract the number of competitions in the UK from the total number of unique competitions]  
Observation 2: 1  
Thought 3: The question asks for the number of competitions not in the UK. The calculation in Observation 2 confirms the answer is 1.  
Action 3: Finish[1]

Finished Trial 1, Correct: 0, Incorrect: 1, Halted: 0

=== sample 36 id=nu-36 start ===
=== sample 36 returncode=0 end ===
/home/ubuntu/miniconda3/envs/lzz-agent/lib/python3.11/site-packages/langchain/__init__.py:29: UserWarning: Importing Wikipedia from langchain root module is no longer supported. Please use langchain.docstore.Wikipedia instead.
  warnings.warn(
/home/ubuntu/miniconda3/envs/lzz-agent/lib/python3.11/site-packages/langchain_core/_api/deprecation.py:119: LangChainDeprecationWarning: The class `DocstoreExplorer` was deprecated in LangChain 0.1.0 and will be removed in 0.3.0
  warn_deprecated(
==============current step===========
Thought 1: The table does not list Houston Intercontinental Airport. To find the number of domestic routes with United as a carrier, I need to search for information about Houston Intercontinental Airport's carriers.
Action 1: Search[Houston Intercontinental Airport]
Observation 1: Houston Intercontinental Airport (IATA: IAH, ICAO: KIAH) is a major international airport in Houston, Texas, United States. It is one of the busiest airports in the world and serves as a hub for United Airlines. As of 2023, United Airlines operates the most flights from IAH, followed by American Airlines and Southwest Airlines. The airport has 121 nonstop destinations worldwide, with United offering flights to over 50 destinations domestically and internationally.

==============current step===========
Thought 1: The table does not list Houston Intercontinental Airport. To find the number of domestic routes with United as a carrier, I need to search for information about Houston Intercontinental Airport's carriers.
Action 1: Search[Houston Intercontinental Airport]
Observation 1: Houston Intercontinental Airport (IATA: IAH, ICAO: KIAH) is a major international airport in Houston, Texas, United States. It is one of the busiest airports in the world and serves as a hub for United Airlines. As of 2023, United Airlines operates the most flights from IAH, followed by American Airlines and Southwest Airlines. The airport has 121 nonstop destinations worldwide, with United offering flights to over 50 destinations domestically and internationally.
Thought 2: The search result indicates that United Airlines operates over 50 destinations (domestically and internationally) from Houston Intercontinental Airport. However, the exact number of **domestic** routes is not explicitly stated in the search result or the provided table.  
Action 2: Finish[The exact number of domestic routes with United as a carrier from Houston Intercontinental Airport is not explicitly provided in the available data. However, United Airlines operates over 50 total destinations (domestic and international) from this airport.]

Finished Trial 1, Correct: 0, Incorrect: 1, Halted: 0

=== sample 37 id=nu-37 start ===
=== sample 37 returncode=0 end ===
/home/ubuntu/miniconda3/envs/lzz-agent/lib/python3.11/site-packages/langchain/__init__.py:29: UserWarning: Importing Wikipedia from langchain root module is no longer supported. Please use langchain.docstore.Wikipedia instead.
  warnings.warn(
/home/ubuntu/miniconda3/envs/lzz-agent/lib/python3.11/site-packages/langchain_core/_api/deprecation.py:119: LangChainDeprecationWarning: The class `DocstoreExplorer` was deprecated in LangChain 0.1.0 and will be removed in 0.3.0
  warn_deprecated(
==============current step===========
Thought 1: I need to retrieve all entries where the country is Germany.  
Action 1: Retrieve[retrieve rows where Country is Germany]  
Observation 1: | Place | Rider | Country | Team | Points | Wins |
| 2.0 | Adolf Weil | Germany | Maico | 2331.0 | 2.0 |
| 7.0 | Willy Bauer | Germany | Maico | 1276.0 | 0.0 |

==============current step===========
Thought 1: I need to retrieve all entries where the country is Germany.  
Action 1: Retrieve[retrieve rows where Country is Germany]  
Observation 1: | Place | Rider | Country | Team | Points | Wins |
| 2.0 | Adolf Weil | Germany | Maico | 2331.0 | 2.0 |
| 7.0 | Willy Bauer | Germany | Maico | 1276.0 | 0.0 |
Thought 2: There are 2 entries where the country is Germany (Adolf Weil and Willy Bauer).  
Action 2: Finish[2]

Finished Trial 1, Correct: 1, Incorrect: 0, Halted: 0

=== sample 38 id=nu-38 start ===
=== sample 38 returncode=0 end ===
/home/ubuntu/miniconda3/envs/lzz-agent/lib/python3.11/site-packages/langchain/__init__.py:29: UserWarning: Importing Wikipedia from langchain root module is no longer supported. Please use langchain.docstore.Wikipedia instead.
  warnings.warn(
/home/ubuntu/miniconda3/envs/lzz-agent/lib/python3.11/site-packages/langchain_core/_api/deprecation.py:119: LangChainDeprecationWarning: The class `DocstoreExplorer` was deprecated in LangChain 0.1.0 and will be removed in 0.3.0
  warn_deprecated(
==============current step===========
Thought 1: I need to find the earliest year where the Giant Slalom column has a numerical result instead of a dash. I'll scan the Giant Slalom column from the earliest year (2004) downward.
Action 1: Retrieve[retrieve all Giant Slalom results with numerical values]
Observation 1: | Season | Giant Slalom |
| 2005 | 27 |
| 2006 | 18 |
| 2007 | 50 |
| 2009 | 40 |
| 2012 | 28 |
| 2013 | 17 |

==============current step===========
Thought 1: I need to find the earliest year where the Giant Slalom column has a numerical result instead of a dash. I'll scan the Giant Slalom column from the earliest year (2004) downward.
Action 1: Retrieve[retrieve all Giant Slalom results with numerical values]
Observation 1: | Season | Giant Slalom |
| 2005 | 27 |
| 2006 | 18 |
| 2007 | 50 |
| 2009 | 40 |
| 2012 | 28 |
| 2013 | 17 |
Thought 2: The earliest year with a numerical Giant Slalom result is 2005. This is the first valid entry in that column.
Action 2: Finish[2005]

Finished Trial 1, Correct: 1, Incorrect: 0, Halted: 0

=== sample 39 id=nu-39 start ===
=== sample 39 returncode=0 end ===
/home/ubuntu/miniconda3/envs/lzz-agent/lib/python3.11/site-packages/langchain/__init__.py:29: UserWarning: Importing Wikipedia from langchain root module is no longer supported. Please use langchain.docstore.Wikipedia instead.
  warnings.warn(
/home/ubuntu/miniconda3/envs/lzz-agent/lib/python3.11/site-packages/langchain_core/_api/deprecation.py:119: LangChainDeprecationWarning: The class `DocstoreExplorer` was deprecated in LangChain 0.1.0 and will be removed in 0.3.0
  warn_deprecated(
==============current step===========
Thought 1: I need to count the number of contestants older than 20. First, retrieve all contestants' ages from the table.
Action 1: Retrieve[retrieve all contestants' ages]
Observation 1: | Contestant | Age |
| Isabelle Raisa | 16.0 |
| Alina Chlebecek | 18.0 |
| Sabrina Angelika Rauch † | 21.0 |
| Katharina Mihalović | 23.0 |
| Nataša Marić | 16.0 |
| Michaela Schopf | 21.0 |
| Christine Riener | 20.0 |
| Teodora-Mădălina Andreica | 17.0 |
| Yemisi Rieger | 17.0 |
| Izabela Pop Kostić | 20.0 |
| Bianca Ebelsberger | 24.0 |
| Nadine Trinker | 21.0 |
| Dzejlana \Lana\" Baltić" | 20.0 |
| Melisa Popanicić | 16.0 |
| Gina Zeneb Adamu | 17.0 |
| Antonia Maria Hausmair | 16.0 |

==============current step===========
Thought 1: I need to count the number of contestants older than 20. First, retrieve all contestants' ages from the table.
Action 1: Retrieve[retrieve all contestants' ages]
Observation 1: | Contestant | Age |
| Isabelle Raisa | 16.0 |
| Alina Chlebecek | 18.0 |
| Sabrina Angelika Rauch † | 21.0 |
| Katharina Mihalović | 23.0 |
| Nataša Marić | 16.0 |
| Michaela Schopf | 21.0 |
| Christine Riener | 20.0 |
| Teodora-Mădălina Andreica | 17.0 |
| Yemisi Rieger | 17.0 |
| Izabela Pop Kostić | 20.0 |
| Bianca Ebelsberger | 24.0 |
| Nadine Trinker | 21.0 |
| Dzejlana \Lana\" Baltić" | 20.0 |
| Melisa Popanicić | 16.0 |
| Gina Zeneb Adamu | 17.0 |
| Antonia Maria Hausmair | 16.0 |
Thought 2: Now, I need to count how many contestants have an age greater than 20. From the retrieved data, the ages are numerical values. I will filter and count entries where Age > 20.
Action 2: Calculate[count the number of contestants where Age > 20 from the table in Observation 1]
Observation 2: 5

==============current step===========
Thought 1: I need to count the number of contestants older than 20. First, retrieve all contestants' ages from the table.
Action 1: Retrieve[retrieve all contestants' ages]
Observation 1: | Contestant | Age |
| Isabelle Raisa | 16.0 |
| Alina Chlebecek | 18.0 |
| Sabrina Angelika Rauch † | 21.0 |
| Katharina Mihalović | 23.0 |
| Nataša Marić | 16.0 |
| Michaela Schopf | 21.0 |
| Christine Riener | 20.0 |
| Teodora-Mădălina Andreica | 17.0 |
| Yemisi Rieger | 17.0 |
| Izabela Pop Kostić | 20.0 |
| Bianca Ebelsberger | 24.0 |
| Nadine Trinker | 21.0 |
| Dzejlana \Lana\" Baltić" | 20.0 |
| Melisa Popanicić | 16.0 |
| Gina Zeneb Adamu | 17.0 |
| Antonia Maria Hausmair | 16.0 |
Thought 2: Now, I need to count how many contestants have an age greater than 20. From the retrieved data, the ages are numerical values. I will filter and count entries where Age > 20.
Action 2: Calculate[count the number of contestants where Age > 20 from the table in Observation 1]
Observation 2: 5
Thought 3: The calculation shows there are 5 contestants older than 20. The answer is 5.
Action 3: Finish[5]

Finished Trial 1, Correct: 1, Incorrect: 0, Halted: 0

=== sample 40 id=nu-40 start ===
=== sample 40 returncode=0 end ===
/home/ubuntu/miniconda3/envs/lzz-agent/lib/python3.11/site-packages/langchain/__init__.py:29: UserWarning: Importing Wikipedia from langchain root module is no longer supported. Please use langchain.docstore.Wikipedia instead.
  warnings.warn(
/home/ubuntu/miniconda3/envs/lzz-agent/lib/python3.11/site-packages/langchain_core/_api/deprecation.py:119: LangChainDeprecationWarning: The class `DocstoreExplorer` was deprecated in LangChain 0.1.0 and will be removed in 0.3.0
  warn_deprecated(
==============current step===========
Thought 1: I need to retrieve the number of goals scored by Clint Dempsey and Eric Wynalda from the table.
Action 1: Retrieve[retrieve the Goals for Clint Dempsey and Eric Wynalda]
Observation 1: | Player | Goals |
| Clint Dempsey | 36 |
| Eric Wynalda | 34 |

==============current step===========
Thought 1: I need to retrieve the number of goals scored by Clint Dempsey and Eric Wynalda from the table.
Action 1: Retrieve[retrieve the Goals for Clint Dempsey and Eric Wynalda]
Observation 1: | Player | Goals |
| Clint Dempsey | 36 |
| Eric Wynalda | 34 |
Thought 2: Comparing the goals scored by Clint Dempsey (36) and Eric Wynalda (34), Clint Dempsey has a higher goal count. 
Action 2: Finish[Clint Dempsey]

Finished Trial 1, Correct: 1, Incorrect: 0, Halted: 0

=== sample 41 id=nu-41 start ===
=== sample 41 returncode=0 end ===
/home/ubuntu/miniconda3/envs/lzz-agent/lib/python3.11/site-packages/langchain/__init__.py:29: UserWarning: Importing Wikipedia from langchain root module is no longer supported. Please use langchain.docstore.Wikipedia instead.
  warnings.warn(
/home/ubuntu/miniconda3/envs/lzz-agent/lib/python3.11/site-packages/langchain_core/_api/deprecation.py:119: LangChainDeprecationWarning: The class `DocstoreExplorer` was deprecated in LangChain 0.1.0 and will be removed in 0.3.0
  warn_deprecated(
==============current step===========
Thought 1: I need to identify all buildings located in Germany from the table and then determine the one with the least height.  
Action 1: Retrieve[retrieve all rows where Country is Germany]  
Observation 1:  
| Name | Country | Town | Height metres / ft |  
| St. Mary's Church | Germany | Stralsund | 151 / 500 |  
| St Nikolai | Germany | Hamburg | 147.3 / 483 |  
| Cologne Cathedral | Germany | Cologne | 157.4 / 516 |  

==============current step===========
Thought 1: I need to identify all buildings located in Germany from the table and then determine the one with the least height.  
Action 1: Retrieve[retrieve all rows where Country is Germany]  
Observation 1:  
| Name | Country | Town | Height metres / ft |  
| St. Mary's Church | Germany | Stralsund | 151 / 500 |  
| St Nikolai | Germany | Hamburg | 147.3 / 483 |  
| Cologne Cathedral | Germany | Cologne | 157.4 / 516 |  
Thought 2: Now I need to compare the heights of the three German buildings. The heights in metres are: St. Mary's Church (151 m), St Nikolai (147.3 m), and Cologne Cathedral (157.4 m). The smallest value is 147.3 metres for St Nikolai.  
Action 2: Finish[St Nikolai]

Finished Trial 1, Correct: 0, Incorrect: 1, Halted: 0

=== sample 42 id=nu-42 start ===
=== sample 42 returncode=0 end ===
/home/ubuntu/miniconda3/envs/lzz-agent/lib/python3.11/site-packages/langchain/__init__.py:29: UserWarning: Importing Wikipedia from langchain root module is no longer supported. Please use langchain.docstore.Wikipedia instead.
  warnings.warn(
/home/ubuntu/miniconda3/envs/lzz-agent/lib/python3.11/site-packages/langchain_core/_api/deprecation.py:119: LangChainDeprecationWarning: The class `DocstoreExplorer` was deprecated in LangChain 0.1.0 and will be removed in 0.3.0
  warn_deprecated(
==============current step===========
Thought 1: I need to retrieve the electoral history for Maine to identify parties other than Republican (R) and Democratic (D).  
Action 1: Retrieve[retrieve the "Incumbent Electoral history" for Maine]  
Observation 1: | Incumbent Electoral history |  
| Angus King (I) 52.9% Charles E. Summers, Jr. (R) 30.7% Cynthia Dill (D) 13.3% |  

==============current step===========
Thought 1: I need to retrieve the electoral history for Maine to identify parties other than Republican (R) and Democratic (D).  
Action 1: Retrieve[retrieve the "Incumbent Electoral history" for Maine]  
Observation 1: | Incumbent Electoral history |  
| Angus King (I) 52.9% Charles E. Summers, Jr. (R) 30.7% Cynthia Dill (D) 13.3% |  
Thought 2: The retrieved data shows that in Maine's election, Angus King (I) received 52.9% of the votes. The other candidates are from Republican (R) and Democratic (D) parties. The third party represented is the Independent (I).  
Action 2: Finish[Independent]

Finished Trial 1, Correct: 1, Incorrect: 0, Halted: 0

=== sample 43 id=nu-43 start ===
=== sample 43 returncode=0 end ===
/home/ubuntu/miniconda3/envs/lzz-agent/lib/python3.11/site-packages/langchain/__init__.py:29: UserWarning: Importing Wikipedia from langchain root module is no longer supported. Please use langchain.docstore.Wikipedia instead.
  warnings.warn(
/home/ubuntu/miniconda3/envs/lzz-agent/lib/python3.11/site-packages/langchain_core/_api/deprecation.py:119: LangChainDeprecationWarning: The class `DocstoreExplorer` was deprecated in LangChain 0.1.0 and will be removed in 0.3.0
  warn_deprecated(
Traceback (most recent call last):
  File "/home/ubuntu/lzz/MACT/code/tqa.py", line 197, in main
    finished_agent = write_to_file(
                     ^^^^^^^^^^^^^^
  File "/home/ubuntu/lzz/MACT/code/tqa.py", line 38, in write_to_file
    agent.run(given_plan)
  File "/home/ubuntu/lzz/MACT/code/agents.py", line 893, in run
    self.step()
  File "/home/ubuntu/lzz/MACT/code/agents.py", line 967, in step
    new_ob = self.retriever_tool(
             ^^^^^^^^^^^^^^^^^^^^
  File "/home/ubuntu/lzz/MACT/code/agents.py", line 376, in retriever_tool
    codes = self._generate_candidates(
            ^^^^^^^^^^^^^^^^^^^^^^^^^^
  File "/home/ubuntu/lzz/MACT/code/agents.py", line 331, in _generate_candidates
    return self.api_backend.generate(
           ^^^^^^^^^^^^^^^^^^^^^^^^^^
  File "/home/ubuntu/lzz/MACT/code/model_backends.py", line 145, in generate
    response = self.client.chat.completions.create(**request)
               ^^^^^^^^^^^^^^^^^^^^^^^^^^^^^^^^^^^^^^^^^^^^^^
  File "/home/ubuntu/miniconda3/envs/lzz-agent/lib/python3.11/site-packages/openai/_utils/_utils.py", line 286, in wrapper
    return func(*args, **kwargs)
           ^^^^^^^^^^^^^^^^^^^^^
  File "/home/ubuntu/miniconda3/envs/lzz-agent/lib/python3.11/site-packages/openai/resources/chat/completions/completions.py", line 1204, in create
    return self._post(
           ^^^^^^^^^^^
  File "/home/ubuntu/miniconda3/envs/lzz-agent/lib/python3.11/site-packages/openai/_base_client.py", line 1297, in post
    return cast(ResponseT, self.request(cast_to, opts, stream=stream, stream_cls=stream_cls))
                           ^^^^^^^^^^^^^^^^^^^^^^^^^^^^^^^^^^^^^^^^^^^^^^^^^^^^^^^^^^^^^^^^^
  File "/home/ubuntu/miniconda3/envs/lzz-agent/lib/python3.11/site-packages/openai/_base_client.py", line 1070, in request
    raise self._make_status_error_from_response(err.response) from None
openai.BadRequestError: Error code: 400 - {'error': {'message': "You passed 6145 input tokens and requested 2048 output tokens. However, the model's context length is only 8192 tokens, resulting in a maximum input length of 6144 tokens. Please reduce the length of the input prompt. (parameter=input_tokens, value=6145)", 'type': 'BadRequestError', 'param': 'input_tokens', 'code': 400}}


=== sample 44 id=nu-44 start ===
=== sample 44 returncode=0 end ===
/home/ubuntu/miniconda3/envs/lzz-agent/lib/python3.11/site-packages/langchain/__init__.py:29: UserWarning: Importing Wikipedia from langchain root module is no longer supported. Please use langchain.docstore.Wikipedia instead.
  warnings.warn(
/home/ubuntu/miniconda3/envs/lzz-agent/lib/python3.11/site-packages/langchain_core/_api/deprecation.py:119: LangChainDeprecationWarning: The class `DocstoreExplorer` was deprecated in LangChain 0.1.0 and will be removed in 0.3.0
  warn_deprecated(
==============current step===========
Thought 1: I need to find the total deaths in the 1939/40 column. The table has a "Total" row which likely sums all deaths for each year. I will retrieve the value from the "Total" row under the 1939/40 column.
Action 1: Retrieve[retrieve the value from the "Total" row under the 1939/40 column]
Observation 1: | 1939/40 |
| 504,000 |

==============current step===========
Thought 1: I need to find the total deaths in the 1939/40 column. The table has a "Total" row which likely sums all deaths for each year. I will retrieve the value from the "Total" row under the 1939/40 column.
Action 1: Retrieve[retrieve the value from the "Total" row under the 1939/40 column]
Observation 1: | 1939/40 |
| 504,000 |
Thought 2: The "Total" row directly provides the summed deaths for 1939/40 as 504,000. No further calculation is needed since the table already aggregates this value.  
Action 2: Finish[504,000]

Finished Trial 1, Correct: 1, Incorrect: 0, Halted: 0

=== sample 45 id=nu-45 start ===
=== sample 45 returncode=0 end ===
/home/ubuntu/miniconda3/envs/lzz-agent/lib/python3.11/site-packages/langchain/__init__.py:29: UserWarning: Importing Wikipedia from langchain root module is no longer supported. Please use langchain.docstore.Wikipedia instead.
  warnings.warn(
/home/ubuntu/miniconda3/envs/lzz-agent/lib/python3.11/site-packages/langchain_core/_api/deprecation.py:119: LangChainDeprecationWarning: The class `DocstoreExplorer` was deprecated in LangChain 0.1.0 and will be removed in 0.3.0
  warn_deprecated(
==============current step===========
Thought 1: I need to determine the total number of unique models listed in the table. This requires identifying all distinct entries in the "Model" column, ensuring duplicates are not counted multiple times.
Action 1: Retrieve[retrieve all unique models from the "Model" column]
Observation 1: | Model |
| D60 |
| 416.0 |
| 40-LFW |
| D4500 |
| A330 |
| AG300 |
| A300FC |
| A300K |
| A300L |
| A300L FC |
| Low-floor Advantage |
| Xcelsior D60 |

==============current step===========
Thought 1: I need to determine the total number of unique models listed in the table. This requires identifying all distinct entries in the "Model" column, ensuring duplicates are not counted multiple times.
Action 1: Retrieve[retrieve all unique models from the "Model" column]
Observation 1: | Model |
| D60 |
| 416.0 |
| 40-LFW |
| D4500 |
| A330 |
| AG300 |
| A300FC |
| A300K |
| A300L |
| A300L FC |
| Low-floor Advantage |
| Xcelsior D60 |
Thought 2: The retrieved list contains 12 unique models. The question asks for the total number of models covered in the table, so the answer is 12.  
Action 2: Finish[12]

Finished Trial 1, Correct: 0, Incorrect: 1, Halted: 0

=== sample 46 id=nu-46 start ===
=== sample 46 returncode=0 end ===
/home/ubuntu/miniconda3/envs/lzz-agent/lib/python3.11/site-packages/langchain/__init__.py:29: UserWarning: Importing Wikipedia from langchain root module is no longer supported. Please use langchain.docstore.Wikipedia instead.
  warnings.warn(
/home/ubuntu/miniconda3/envs/lzz-agent/lib/python3.11/site-packages/langchain_core/_api/deprecation.py:119: LangChainDeprecationWarning: The class `DocstoreExplorer` was deprecated in LangChain 0.1.0 and will be removed in 0.3.0
  warn_deprecated(
==============current step===========
Thought 1: I need to retrieve all entries in the "Winning vehicle (TA1)" column to count how many times "Jaguar XJS" appears.
Action 1: Retrieve[retrieve all cells in the "Winning vehicle (TA1)" column]
Observation 1: | Winning vehicle (TA1) |
| Chevrolet Corvette |
| Chevrolet Corvette |
| Chevrolet Corvette |
| Jaguar XJS |
| Jaguar XJS |
| Jaguar XJS |
| Jaguar XJS |
| Jaguar XJS |
| Jaguar XJS |
| Jaguar XJS |

==============current step===========
Thought 1: I need to retrieve all entries in the "Winning vehicle (TA1)" column to count how many times "Jaguar XJS" appears.
Action 1: Retrieve[retrieve all cells in the "Winning vehicle (TA1)" column]
Observation 1: | Winning vehicle (TA1) |
| Chevrolet Corvette |
| Chevrolet Corvette |
| Chevrolet Corvette |
| Jaguar XJS |
| Jaguar XJS |
| Jaguar XJS |
| Jaguar XJS |
| Jaguar XJS |
| Jaguar XJS |
| Jaguar XJS |
Thought 2: Now that I have the list of winning vehicles in TA1, I need to count how many times "Jaguar XJS" appears in this list. 
Action 2: Calculate[count the occurrences of "Jaguar XJS" in the retrieved list]
Observation 2: 7

==============current step===========
Thought 1: I need to retrieve all entries in the "Winning vehicle (TA1)" column to count how many times "Jaguar XJS" appears.
Action 1: Retrieve[retrieve all cells in the "Winning vehicle (TA1)" column]
Observation 1: | Winning vehicle (TA1) |
| Chevrolet Corvette |
| Chevrolet Corvette |
| Chevrolet Corvette |
| Jaguar XJS |
| Jaguar XJS |
| Jaguar XJS |
| Jaguar XJS |
| Jaguar XJS |
| Jaguar XJS |
| Jaguar XJS |
Thought 2: Now that I have the list of winning vehicles in TA1, I need to count how many times "Jaguar XJS" appears in this list. 
Action 2: Calculate[count the occurrences of "Jaguar XJS" in the retrieved list]
Observation 2: 7
Thought 3: The count of Jaguar XJS wins in the TA1 category is 7. Since the question asks specifically about Jaguar XJS wins, this is the final answer.
Action 3: Finish[7]

Finished Trial 1, Correct: 1, Incorrect: 0, Halted: 0

=== sample 47 id=nu-47 start ===
=== sample 47 returncode=0 end ===
/home/ubuntu/miniconda3/envs/lzz-agent/lib/python3.11/site-packages/langchain/__init__.py:29: UserWarning: Importing Wikipedia from langchain root module is no longer supported. Please use langchain.docstore.Wikipedia instead.
  warnings.warn(
/home/ubuntu/miniconda3/envs/lzz-agent/lib/python3.11/site-packages/langchain_core/_api/deprecation.py:119: LangChainDeprecationWarning: The class `DocstoreExplorer` was deprecated in LangChain 0.1.0 and will be removed in 0.3.0
  warn_deprecated(
==============current step===========
Thought 1: I need to find all nations with exactly 2 bronze medals, excluding Peru. First, retrieve the rows where Bronze is 2.
Action 1: Retrieve[retrieve all rows where Bronze is 2]
Observation 1: | Rank | Nation | Gold | Silver | Bronze | Total |
| 4.0 | Chile | 2.0 | 0.0 | 2.0 | 4.0 |
| 6.0 | Peru | 1.0 | 1.0 | 2.0 | 4.0 |
| 7.0 | Ecuador | 0.0 | 2.0 | 2.0 | 4.0 |

==============current step===========
Thought 1: I need to find all nations with exactly 2 bronze medals, excluding Peru. First, retrieve the rows where Bronze is 2.
Action 1: Retrieve[retrieve all rows where Bronze is 2]
Observation 1: | Rank | Nation | Gold | Silver | Bronze | Total |
| 4.0 | Chile | 2.0 | 0.0 | 2.0 | 4.0 |
| 6.0 | Peru | 1.0 | 1.0 | 2.0 | 4.0 |
| 7.0 | Ecuador | 0.0 | 2.0 | 2.0 | 4.0 |
Thought 2: From the retrieved rows, Peru is one of the nations with 2 bronze medals. The question asks for other nations besides Peru, so I need to exclude Peru and list the remaining nations. The nations are Chile and Ecuador.
Action 2: Finish[Chile and Ecuador]

Finished Trial 1, Correct: 0, Incorrect: 1, Halted: 0

=== sample 48 id=nu-48 start ===
=== sample 48 returncode=0 end ===
/home/ubuntu/miniconda3/envs/lzz-agent/lib/python3.11/site-packages/langchain/__init__.py:29: UserWarning: Importing Wikipedia from langchain root module is no longer supported. Please use langchain.docstore.Wikipedia instead.
  warnings.warn(
/home/ubuntu/miniconda3/envs/lzz-agent/lib/python3.11/site-packages/langchain_core/_api/deprecation.py:119: LangChainDeprecationWarning: The class `DocstoreExplorer` was deprecated in LangChain 0.1.0 and will be removed in 0.3.0
  warn_deprecated(
==============current step===========
Thought 1: I need to find all instances where consecutive games were played against Millwall. First, retrieve all games where the opponent is Millwall to check their dates and sequence.
Action 1: Retrieve[retrieve all rows where Opponents is "Millwall"]
Observation 1: | Date | Opponents | Venue | Result | Scorers | Attendance |
| 9 Oct 1920 | Millwall | H | 3–1 | Devlin 2, Walker | 14,000 |
| 16 Oct 1920 | Millwall | A | 0–1 |  | 20,000 |

==============current step===========
Thought 1: I need to find all instances where consecutive games were played against Millwall. First, retrieve all games where the opponent is Millwall to check their dates and sequence.
Action 1: Retrieve[retrieve all rows where Opponents is "Millwall"]
Observation 1: | Date | Opponents | Venue | Result | Scorers | Attendance |
| 9 Oct 1920 | Millwall | H | 3–1 | Devlin 2, Walker | 14,000 |
| 16 Oct 1920 | Millwall | A | 0–1 |  | 20,000 |
Thought 2: The two games against Millwall are listed consecutively in the table (on 9 Oct 1920 and 16 Oct 1920). Since they follow each other directly in the schedule, this counts as one instance of consecutive games against Millwall.  
Action 2: Finish[1]

Finished Trial 1, Correct: 1, Incorrect: 0, Halted: 0

=== sample 49 id=nu-49 start ===
=== sample 49 returncode=0 end ===
/home/ubuntu/miniconda3/envs/lzz-agent/lib/python3.11/site-packages/langchain/__init__.py:29: UserWarning: Importing Wikipedia from langchain root module is no longer supported. Please use langchain.docstore.Wikipedia instead.
  warnings.warn(
/home/ubuntu/miniconda3/envs/lzz-agent/lib/python3.11/site-packages/langchain_core/_api/deprecation.py:119: LangChainDeprecationWarning: The class `DocstoreExplorer` was deprecated in LangChain 0.1.0 and will be removed in 0.3.0
  warn_deprecated(
==============current step===========
Thought 1: I need to find all entries with a Position of 23rd and identify the teams, excluding "Angola Racing Team".  
Action 1: Retrieve[retrieve rows where Position is 23rd]  
Observation 1: | Season | Series | Team | Races | Wins | Poles | F/Laps | Podiums | Points | Position |
| 2012.0 | 59th Macau Grand Prix Formula 3 | Angola Racing Team | 2.0 | 0.0 | 0.0 | 0.0 | 0.0 | — | 23rd |
| 2013.0 | GP3 Series | Carlin | 16.0 | 0.0 | 0.0 | 0.0 | 0.0 | 0.0 | 23rd |

==============current step===========
Thought 1: I need to find all entries with a Position of 23rd and identify the teams, excluding "Angola Racing Team".  
Action 1: Retrieve[retrieve rows where Position is 23rd]  
Observation 1: | Season | Series | Team | Races | Wins | Poles | F/Laps | Podiums | Points | Position |
| 2012.0 | 59th Macau Grand Prix Formula 3 | Angola Racing Team | 2.0 | 0.0 | 0.0 | 0.0 | 0.0 | — | 23rd |
| 2013.0 | GP3 Series | Carlin | 16.0 | 0.0 | 0.0 | 0.0 | 0.0 | 0.0 | 23rd |
Thought 2: From the retrieved rows, "Angola Racing Team" is one of the teams in 23rd position. The other team listed is "Carlin" in the 2013 GP3 Series.  
Action 2: Finish[Carlin]

Finished Trial 1, Correct: 1, Incorrect: 0, Halted: 0

=== sample 50 id=nu-50 start ===
=== sample 50 returncode=0 end ===
/home/ubuntu/miniconda3/envs/lzz-agent/lib/python3.11/site-packages/langchain/__init__.py:29: UserWarning: Importing Wikipedia from langchain root module is no longer supported. Please use langchain.docstore.Wikipedia instead.
  warnings.warn(
/home/ubuntu/miniconda3/envs/lzz-agent/lib/python3.11/site-packages/langchain_core/_api/deprecation.py:119: LangChainDeprecationWarning: The class `DocstoreExplorer` was deprecated in LangChain 0.1.0 and will be removed in 0.3.0
  warn_deprecated(
==============current step===========
Thought 1: I need to count the number of countries with a Box Office value of at least $1 billion. The table lists countries from rank 1 to 12, but some entries (like "World") are not countries. I will first retrieve all Box Office values and filter those ≥ $1 billion.
Action 1: Retrieve[retrieve all Box Office values and corresponding Country entries from the table]
Observation 1: | Country | Box Office |
| Canada/United States | $10.8 billion |
| China | $3.6 billion |
| Japan | $1.88 billion |
| United Kingdom | $1.7 billion |
| France | $1.7 billion |
| South Korea | $1.47 billion |
| India | $1.4 billion |
| Germany | $1.3 billion |
| Russia | $1.2 billion |
| Australia | $1.2 billion |
| Italy | $0.84 billion |
| Brazil | $0.72 billion |
| World | $34.7 billion |

==============current step===========
Thought 1: I need to count the number of countries with a Box Office value of at least $1 billion. The table lists countries from rank 1 to 12, but some entries (like "World") are not countries. I will first retrieve all Box Office values and filter those ≥ $1 billion.
Action 1: Retrieve[retrieve all Box Office values and corresponding Country entries from the table]
Observation 1: | Country | Box Office |
| Canada/United States | $10.8 billion |
| China | $3.6 billion |
| Japan | $1.88 billion |
| United Kingdom | $1.7 billion |
| France | $1.7 billion |
| South Korea | $1.47 billion |
| India | $1.4 billion |
| Germany | $1.3 billion |
| Russia | $1.2 billion |
| Australia | $1.2 billion |
| Italy | $0.84 billion |
| Brazil | $0.72 billion |
| World | $34.7 billion |
Thought 2: Now, I need to exclude the "World" entry since it's not a country and count how many countries have a Box Office of at least $1 billion. From the retrieved data, the valid countries with Box Office ≥ $1 billion are Canada/United States, China, Japan, United Kingdom, France, South Korea, India, Germany, Russia, and Australia (10 entries). Italy and Brazil are below $1 billion, and "World" is excluded.
Action 2: Finish[10]

Finished Trial 1, Correct: 1, Incorrect: 0, Halted: 0

=== sample 51 id=nu-51 start ===
=== sample 51 returncode=0 end ===
/home/ubuntu/miniconda3/envs/lzz-agent/lib/python3.11/site-packages/langchain/__init__.py:29: UserWarning: Importing Wikipedia from langchain root module is no longer supported. Please use langchain.docstore.Wikipedia instead.
  warnings.warn(
/home/ubuntu/miniconda3/envs/lzz-agent/lib/python3.11/site-packages/langchain_core/_api/deprecation.py:119: LangChainDeprecationWarning: The class `DocstoreExplorer` was deprecated in LangChain 0.1.0 and will be removed in 0.3.0
  warn_deprecated(
==============current step===========
Thought 1: I need to find the city associated with the radio station named "The Wolf." First, I will retrieve the row where the "Name" column contains "The Wolf."
Action 1: Retrieve[retrieve the row where Name is "The Wolf 104.1"]
Observation 1: | Frequency | Call sign | Name | Format | Owner | Target city/market | City of license |
| 104.1 FM | WNAX-FM | The Wolf 104.1 | Country | Saga Communications | Yankton/Vermillion | Yankton |

==============current step===========
Thought 1: I need to find the city associated with the radio station named "The Wolf." First, I will retrieve the row where the "Name" column contains "The Wolf."
Action 1: Retrieve[retrieve the row where Name is "The Wolf 104.1"]
Observation 1: | Frequency | Call sign | Name | Format | Owner | Target city/market | City of license |
| 104.1 FM | WNAX-FM | The Wolf 104.1 | Country | Saga Communications | Yankton/Vermillion | Yankton |
Thought 2: The question asks for the city with a radio station named "The Wolf." From Observation 1, the station "The Wolf 104.1" has "Yankton" listed under "City of license." This directly answers the question.
Action 2: Finish[Yankton]

Finished Trial 1, Correct: 1, Incorrect: 0, Halted: 0

=== sample 52 id=nu-52 start ===
=== sample 52 returncode=0 end ===
/home/ubuntu/miniconda3/envs/lzz-agent/lib/python3.11/site-packages/langchain/__init__.py:29: UserWarning: Importing Wikipedia from langchain root module is no longer supported. Please use langchain.docstore.Wikipedia instead.
  warnings.warn(
/home/ubuntu/miniconda3/envs/lzz-agent/lib/python3.11/site-packages/langchain_core/_api/deprecation.py:119: LangChainDeprecationWarning: The class `DocstoreExplorer` was deprecated in LangChain 0.1.0 and will be removed in 0.3.0
  warn_deprecated(
==============current step===========
Thought 1: I need to find the earliest date when Kodak produced 16mm film. I will retrieve all entries in the table that mention "16 mm" in the Film_2 column and check their dates.
Action 1: Retrieve[retrieve rows where Film_2 contains "16 mm"]
Observation 1: 
| Film | Film_2 | Date |
| Kodachrome film | 16 mm, daylight (ASA 10) & Type A (ASA 16) | 1935–1962 |
| Kodachrome II film | 16 mm, daylight (ASA 25) and Type A (ASA 40) | 1961–1974 |
| Kodachrome 25 film | Movie film, 16 mm, daylight | 1974–2002 |

==============current step===========
Thought 1: I need to find the earliest date when Kodak produced 16mm film. I will retrieve all entries in the table that mention "16 mm" in the Film_2 column and check their dates.
Action 1: Retrieve[retrieve rows where Film_2 contains "16 mm"]
Observation 1: 
| Film | Film_2 | Date |
| Kodachrome film | 16 mm, daylight (ASA 10) & Type A (ASA 16) | 1935–1962 |
| Kodachrome II film | 16 mm, daylight (ASA 25) and Type A (ASA 40) | 1961–1974 |
| Kodachrome 25 film | Movie film, 16 mm, daylight | 1974–2002 |
Thought 2: The earliest date among the retrieved entries is 1935–1962 for Kodachrome film. The earliest year here is 1935.
Action 2: Finish[1935]

Finished Trial 1, Correct: 1, Incorrect: 0, Halted: 0

=== sample 53 id=nu-53 start ===
=== sample 53 returncode=0 end ===
/home/ubuntu/miniconda3/envs/lzz-agent/lib/python3.11/site-packages/langchain/__init__.py:29: UserWarning: Importing Wikipedia from langchain root module is no longer supported. Please use langchain.docstore.Wikipedia instead.
  warnings.warn(
/home/ubuntu/miniconda3/envs/lzz-agent/lib/python3.11/site-packages/langchain_core/_api/deprecation.py:119: LangChainDeprecationWarning: The class `DocstoreExplorer` was deprecated in LangChain 0.1.0 and will be removed in 0.3.0
  warn_deprecated(
==============current step===========
Thought 1: I need to identify the first race of the 2009 season and its winner. The "Rd." column indicates the race order, with "1" being the first round. The winner of Round 1 is listed in the "Winner" column.
Action 1: Retrieve[retrieve the winner of Round 1]
Observation 1: | Rd. | Event | Circuit | Location | Date | Winner |
| 1.0 | Clipsal 500 | Adelaide Street Circuit | Adelaide, South Australia | 19-22 Mar | David Russell |

==============current step===========
Thought 1: I need to identify the first race of the 2009 season and its winner. The "Rd." column indicates the race order, with "1" being the first round. The winner of Round 1 is listed in the "Winner" column.
Action 1: Retrieve[retrieve the winner of Round 1]
Observation 1: | Rd. | Event | Circuit | Location | Date | Winner |
| 1.0 | Clipsal 500 | Adelaide Street Circuit | Adelaide, South Australia | 19-22 Mar | David Russell |
Thought 2: The first round (Rd. 1) of the 2009 season was won by David Russell at the Clipsal 500 event. This is the earliest race in the table, so the answer is David Russell.  
Action 2: Finish[David Russell]

Finished Trial 1, Correct: 1, Incorrect: 0, Halted: 0

=== sample 54 id=nu-54 start ===
=== sample 54 returncode=0 end ===
/home/ubuntu/miniconda3/envs/lzz-agent/lib/python3.11/site-packages/langchain/__init__.py:29: UserWarning: Importing Wikipedia from langchain root module is no longer supported. Please use langchain.docstore.Wikipedia instead.
  warnings.warn(
/home/ubuntu/miniconda3/envs/lzz-agent/lib/python3.11/site-packages/langchain_core/_api/deprecation.py:119: LangChainDeprecationWarning: The class `DocstoreExplorer` was deprecated in LangChain 0.1.0 and will be removed in 0.3.0
  warn_deprecated(
==============current step===========
Thought 1: I need to find the competitions held in Berlin and Daegu. I will retrieve the rows where the Venue is either Berlin or Daegu.  
Action 1: Retrieve[rows where Venue is Berlin or Daegu]  
Observation 1: | Year | Competition | Venue | Position | Notes |
| 2009.0 | World Championships | Berlin, Germany | 22nd (q) | 5.40 m |
| 2011.0 | World Championships | Daegu, South Korea | 9th | 5.65 m |

==============current step===========
Thought 1: I need to find the competitions held in Berlin and Daegu. I will retrieve the rows where the Venue is either Berlin or Daegu.  
Action 1: Retrieve[rows where Venue is Berlin or Daegu]  
Observation 1: | Year | Competition | Venue | Position | Notes |
| 2009.0 | World Championships | Berlin, Germany | 22nd (q) | 5.40 m |
| 2011.0 | World Championships | Daegu, South Korea | 9th | 5.65 m |
Thought 2: The retrieved rows show that the competitions held in Berlin and Daegu were both part of the World Championships. The answer is the World Championships.  
Action 2: Finish[World Championships]

Finished Trial 1, Correct: 1, Incorrect: 0, Halted: 0

=== sample 55 id=nu-55 start ===
=== sample 55 returncode=0 end ===
/home/ubuntu/miniconda3/envs/lzz-agent/lib/python3.11/site-packages/langchain/__init__.py:29: UserWarning: Importing Wikipedia from langchain root module is no longer supported. Please use langchain.docstore.Wikipedia instead.
  warnings.warn(
/home/ubuntu/miniconda3/envs/lzz-agent/lib/python3.11/site-packages/langchain_core/_api/deprecation.py:119: LangChainDeprecationWarning: The class `DocstoreExplorer` was deprecated in LangChain 0.1.0 and will be removed in 0.3.0
  warn_deprecated(
==============current step===========
Thought 1: I need to find the total number of cars sold in 2001. The table has a "Total" row that likely sums sales across all models for each year. I will retrieve the value in the 2001 column under the "Total" row.  
Action 1: Retrieve[retrieve the value in the 2001 column for the "Total" row]  
Observation 1: | 2001 |
| 460,252 |

==============current step===========
Thought 1: I need to find the total number of cars sold in 2001. The table has a "Total" row that likely sums sales across all models for each year. I will retrieve the value in the 2001 column under the "Total" row.  
Action 1: Retrieve[retrieve the value in the 2001 column for the "Total" row]  
Observation 1: | 2001 |
| 460,252 |
Thought 2: The question asks for the total number of cars sold in 2001. The "Total" row directly provides this value as 460,252.  
Action 2: Finish[460,252]

Finished Trial 1, Correct: 1, Incorrect: 0, Halted: 0

=== sample 56 id=nu-56 start ===
=== sample 56 returncode=0 end ===
/home/ubuntu/miniconda3/envs/lzz-agent/lib/python3.11/site-packages/langchain/__init__.py:29: UserWarning: Importing Wikipedia from langchain root module is no longer supported. Please use langchain.docstore.Wikipedia instead.
  warnings.warn(
/home/ubuntu/miniconda3/envs/lzz-agent/lib/python3.11/site-packages/langchain_core/_api/deprecation.py:119: LangChainDeprecationWarning: The class `DocstoreExplorer` was deprecated in LangChain 0.1.0 and will be removed in 0.3.0
  warn_deprecated(
==============current step===========
Thought 1: To determine the type of plane encountered the least, I need to count the occurrences of each plane type in the "Type" column.  
Action 1: Retrieve[retrieve all entries in the "Type" column]  
Observation 1: | Type |
| Me-109 |
| Me-110 |
| Me-109 |
| FW-190 |
| Me-110 |
| Me-109 |
| Me-109 |
| Me-109 |
| Me-109 |
| Me-109 |
| FW-190 |
| Me-109 |
| Mig-15 |

==============current step===========
Thought 1: To determine the type of plane encountered the least, I need to count the occurrences of each plane type in the "Type" column.  
Action 1: Retrieve[retrieve all entries in the "Type" column]  
Observation 1: | Type |
| Me-109 |
| Me-110 |
| Me-109 |
| FW-190 |
| Me-110 |
| Me-109 |
| Me-109 |
| Me-109 |
| Me-109 |
| Me-109 |
| FW-190 |
| Me-109 |
| Mig-15 |
Thought 2: Now I need to count the occurrences of each plane type in the retrieved list to determine which type was encountered the least.  
Action 2: Calculate[count occurrences of each type in the list]  
Observation 2:  
- Me-109: 8  
- Me-110: 2  
- FW-190: 2  
- Mig-15: 1  

==============current step===========
Thought 1: To determine the type of plane encountered the least, I need to count the occurrences of each plane type in the "Type" column.  
Action 1: Retrieve[retrieve all entries in the "Type" column]  
Observation 1: | Type |
| Me-109 |
| Me-110 |
| Me-109 |
| FW-190 |
| Me-110 |
| Me-109 |
| Me-109 |
| Me-109 |
| Me-109 |
| Me-109 |
| FW-190 |
| Me-109 |
| Mig-15 |
Thought 2: Now I need to count the occurrences of each plane type in the retrieved list to determine which type was encountered the least.  
Action 2: Calculate[count occurrences of each type in the list]  
Observation 2:  
- Me-109: 8  
- Me-110: 2  
- FW-190: 2  
- Mig-15: 1  
Thought 3: The counts show that Mig-15 was encountered only once, which is the least among all types.  
Action 3: Finish[Mig-15]

Finished Trial 1, Correct: 1, Incorrect: 0, Halted: 0

=== sample 57 id=nu-57 start ===
=== sample 57 returncode=0 end ===
/home/ubuntu/miniconda3/envs/lzz-agent/lib/python3.11/site-packages/langchain/__init__.py:29: UserWarning: Importing Wikipedia from langchain root module is no longer supported. Please use langchain.docstore.Wikipedia instead.
  warnings.warn(
/home/ubuntu/miniconda3/envs/lzz-agent/lib/python3.11/site-packages/langchain_core/_api/deprecation.py:119: LangChainDeprecationWarning: The class `DocstoreExplorer` was deprecated in LangChain 0.1.0 and will be removed in 0.3.0
  warn_deprecated(
==============current step===========
Thought 1: To determine the top placing competitor, I need to identify the highest "Placing" value in the table. The "Placing" column includes numerical rankings (e.g., 19, 23) and descriptive stages (e.g., Semifinal, Heats). Numerical values are direct rankings, while stages like "Semifinal" indicate advancement further in the competition than "Heats" or "Group stage."
Action 1: Retrieve[retrieve all "Placing" entries from the table]  
Observation 1: | Placing |
| 19.0 |
| Semifinal (5th) |
| Semifinal |
| Second round |
| Second round |
| 23.0 |
| 23.0 |
| 23.0 |
| 46.0 |
| 57.0 |
| Heats (8th) |
| Heats (6th) |
| — |
| 12.0 |
| — |
| Group stage |
| Group stage |
| — |

==============current step===========
Thought 1: To determine the top placing competitor, I need to identify the highest "Placing" value in the table. The "Placing" column includes numerical rankings (e.g., 19, 23) and descriptive stages (e.g., Semifinal, Heats). Numerical values are direct rankings, while stages like "Semifinal" indicate advancement further in the competition than "Heats" or "Group stage."
Action 1: Retrieve[retrieve all "Placing" entries from the table]  
Observation 1: | Placing |
| 19.0 |
| Semifinal (5th) |
| Semifinal |
| Second round |
| Second round |
| 23.0 |
| 23.0 |
| 23.0 |
| 46.0 |
| 57.0 |
| Heats (8th) |
| Heats (6th) |
| — |
| 12.0 |
| — |
| Group stage |
| Group stage |
| — |

==============current step===========
Thought 1: To determine the top placing competitor, I need to identify the highest "Placing" value in the table. The "Placing" column includes numerical rankings (e.g., 19, 23) and descriptive stages (e.g., Semifinal, Heats). Numerical values are direct rankings, while stages like "Semifinal" indicate advancement further in the competition than "Heats" or "Group stage."
Action 1: Retrieve[retrieve all "Placing" entries from the table]  
Observation 1: | Placing |
| 19.0 |
| Semifinal (5th) |
| Semifinal |
| Second round |
| Second round |
| 23.0 |
| 23.0 |
| 23.0 |
| 46.0 |
| 57.0 |
| Heats (8th) |
| Heats (6th) |
| — |
| 12.0 |
| — |
| Group stage |
| Group stage |
| — |

Finished Trial 1, Correct: 1, Incorrect: 0, Halted: 1

=== sample 58 id=nu-58 start ===
=== sample 58 returncode=0 end ===
/home/ubuntu/miniconda3/envs/lzz-agent/lib/python3.11/site-packages/langchain/__init__.py:29: UserWarning: Importing Wikipedia from langchain root module is no longer supported. Please use langchain.docstore.Wikipedia instead.
  warnings.warn(
/home/ubuntu/miniconda3/envs/lzz-agent/lib/python3.11/site-packages/langchain_core/_api/deprecation.py:119: LangChainDeprecationWarning: The class `DocstoreExplorer` was deprecated in LangChain 0.1.0 and will be removed in 0.3.0
  warn_deprecated(
==============current step===========
Thought 1: I need to compare the prize money (Category column) for the events on 23 January 1984 and 23 April 1984.  
Action 1: Retrieve[retrieve the Category values for 23 January 1984 and 23 April 1984]  
Observation 1: | Date | Category |
| 23 January 1984 | $50,000 |
| 23 April 1984 | $200,000 |

==============current step===========
Thought 1: I need to compare the prize money (Category column) for the events on 23 January 1984 and 23 April 1984.  
Action 1: Retrieve[retrieve the Category values for 23 January 1984 and 23 April 1984]  
Observation 1: | Date | Category |
| 23 January 1984 | $50,000 |
| 23 April 1984 | $200,000 |
Thought 2: The prize money for 23 January 1984 is $50,000, and for 23 April 1984, it is $200,000. Since $50,000 is less than $200,000, the answer is "no."  
Action 2: Finish[no]

Finished Trial 1, Correct: 1, Incorrect: 0, Halted: 0

=== sample 59 id=nu-59 start ===
=== sample 59 returncode=0 end ===
/home/ubuntu/miniconda3/envs/lzz-agent/lib/python3.11/site-packages/langchain/__init__.py:29: UserWarning: Importing Wikipedia from langchain root module is no longer supported. Please use langchain.docstore.Wikipedia instead.
  warnings.warn(
/home/ubuntu/miniconda3/envs/lzz-agent/lib/python3.11/site-packages/langchain_core/_api/deprecation.py:119: LangChainDeprecationWarning: The class `DocstoreExplorer` was deprecated in LangChain 0.1.0 and will be removed in 0.3.0
  warn_deprecated(
==============current step===========
Thought 1: I need to find the race(s) that occurred in 2011. The second table lists specific races with dates and locations. I will retrieve the rows where the Season is 2011.  
Action 1: Retrieve[retrieve the rows where Season is 2011 from the second table]  
Observation 1: | Season | Date | Location | Race |  
| 2011 | 5 Mar 2011 | Kranjska Gora, Slovenia | Giant Slalom |  

==============current step===========
Thought 1: I need to find the race(s) that occurred in 2011. The second table lists specific races with dates and locations. I will retrieve the rows where the Season is 2011.  
Action 1: Retrieve[retrieve the rows where Season is 2011 from the second table]  
Observation 1: | Season | Date | Location | Race |  
| 2011 | 5 Mar 2011 | Kranjska Gora, Slovenia | Giant Slalom |  
Thought 2: The retrieved data shows a single race in 2011: the Giant Slalom event in Kranjska Gora, Slovenia. Since the question specifies "the only race," this must be the answer.  
Action 2: Finish[Giant Slalom]

Finished Trial 1, Correct: 1, Incorrect: 0, Halted: 0

=== sample 60 id=nu-60 start ===
=== sample 60 returncode=0 end ===
/home/ubuntu/miniconda3/envs/lzz-agent/lib/python3.11/site-packages/langchain/__init__.py:29: UserWarning: Importing Wikipedia from langchain root module is no longer supported. Please use langchain.docstore.Wikipedia instead.
  warnings.warn(
/home/ubuntu/miniconda3/envs/lzz-agent/lib/python3.11/site-packages/langchain_core/_api/deprecation.py:119: LangChainDeprecationWarning: The class `DocstoreExplorer` was deprecated in LangChain 0.1.0 and will be removed in 0.3.0
  warn_deprecated(
==============current step===========
Thought 1: I need to determine which position appears most frequently in the "Position" column. First, I will retrieve all the positions listed in the table.
Action 1: Retrieve[retrieve all values from the "Position" column]
Observation 1: | Position |
| S |
| S |
| WR |
| TE |
| DB |
| WR |
| K |
| DE |
| S |

==============current step===========
Thought 1: I need to determine which position appears most frequently in the "Position" column. First, I will retrieve all the positions listed in the table.
Action 1: Retrieve[retrieve all values from the "Position" column]
Observation 1: | Position |
| S |
| S |
| WR |
| TE |
| DB |
| WR |
| K |
| DE |
| S |
Thought 2: Now I need to count the frequency of each position in the retrieved list. S appears 3 times, WR appears 2 times, and TE, DB, K, DE each appear once. The position with the highest count is S (safety).
Action 2: Finish[S]

Finished Trial 1, Correct: 1, Incorrect: 0, Halted: 0

=== sample 61 id=nu-61 start ===
=== sample 61 returncode=0 end ===
/home/ubuntu/miniconda3/envs/lzz-agent/lib/python3.11/site-packages/langchain/__init__.py:29: UserWarning: Importing Wikipedia from langchain root module is no longer supported. Please use langchain.docstore.Wikipedia instead.
  warnings.warn(
/home/ubuntu/miniconda3/envs/lzz-agent/lib/python3.11/site-packages/langchain_core/_api/deprecation.py:119: LangChainDeprecationWarning: The class `DocstoreExplorer` was deprecated in LangChain 0.1.0 and will be removed in 0.3.0
  warn_deprecated(
==============current step===========
Thought 1: I need to find the educational background of M. Shafi Ahmad and Abdul Majid from the table.
Action 1: Retrieve[retrieve the Educational Background for M. Shafi Ahmad and Abdul Majid]
Observation 1: | Name | Educational Background |
| Dr M. Shafi Ahmad | Ph.D |
| Dr Abdul Majid | Ph.D |

==============current step===========
Thought 1: I need to find the educational background of M. Shafi Ahmad and Abdul Majid from the table.
Action 1: Retrieve[retrieve the Educational Background for M. Shafi Ahmad and Abdul Majid]
Observation 1: | Name | Educational Background |
| Dr M. Shafi Ahmad | Ph.D |
| Dr Abdul Majid | Ph.D |
Thought 2: Both M. Shafi Ahmad and Abdul Majid have a Ph.D. as their educational background. The answer is Ph.D.
Action 2: Finish[Ph.D.]

Finished Trial 1, Correct: 1, Incorrect: 0, Halted: 0

=== sample 62 id=nu-62 start ===
=== sample 62 returncode=0 end ===
/home/ubuntu/miniconda3/envs/lzz-agent/lib/python3.11/site-packages/langchain/__init__.py:29: UserWarning: Importing Wikipedia from langchain root module is no longer supported. Please use langchain.docstore.Wikipedia instead.
  warnings.warn(
/home/ubuntu/miniconda3/envs/lzz-agent/lib/python3.11/site-packages/langchain_core/_api/deprecation.py:119: LangChainDeprecationWarning: The class `DocstoreExplorer` was deprecated in LangChain 0.1.0 and will be removed in 0.3.0
  warn_deprecated(
==============current step===========
Thought 1: The table provided does not include any column or data related to "photos." The question asks for the total number of photos listed, but no photo information is present in the table.
Action 1: Finish[0]

Finished Trial 1, Correct: 0, Incorrect: 1, Halted: 0

=== sample 63 id=nu-63 start ===
=== sample 63 returncode=0 end ===
/home/ubuntu/miniconda3/envs/lzz-agent/lib/python3.11/site-packages/langchain/__init__.py:29: UserWarning: Importing Wikipedia from langchain root module is no longer supported. Please use langchain.docstore.Wikipedia instead.
  warnings.warn(
/home/ubuntu/miniconda3/envs/lzz-agent/lib/python3.11/site-packages/langchain_core/_api/deprecation.py:119: LangChainDeprecationWarning: The class `DocstoreExplorer` was deprecated in LangChain 0.1.0 and will be removed in 0.3.0
  warn_deprecated(
==============current step===========
Thought 1: I need to count how many times "1st" appears in the Position column. I will retrieve all rows where the Position is "1st".
Action 1: Retrieve[retrieve all rows where Position is "1st"]
Observation 1: | Year | Competition | Venue | Position | Event | Notes |
| 2000.0 | World Junior Championships | Santiago, Chile | 1st | 400 m hurdles | 49.23 |
| 2002.0 | European Indoor Championships | Vienna, Austria | 1st | 400 m | 45.39 (CR, NR) |
| 2002.0 | European Indoor Championships | Vienna, Austria | 1st | 4x400 m relay | 3:05.50 (CR) |
| 2003.0 | European U23 Championships | Bydgoszcz, Poland | 1st | 400 m hurdles | 48.45 |
| 2003.0 | European U23 Championships | Bydgoszcz, Poland | 1st | 4x400 m relay | 3:03.32 |

==============current step===========
Thought 1: I need to count how many times "1st" appears in the Position column. I will retrieve all rows where the Position is "1st".
Action 1: Retrieve[retrieve all rows where Position is "1st"]
Observation 1: | Year | Competition | Venue | Position | Event | Notes |
| 2000.0 | World Junior Championships | Santiago, Chile | 1st | 400 m hurdles | 49.23 |
| 2002.0 | European Indoor Championships | Vienna, Austria | 1st | 400 m | 45.39 (CR, NR) |
| 2002.0 | European Indoor Championships | Vienna, Austria | 1st | 4x400 m relay | 3:05.50 (CR) |
| 2003.0 | European U23 Championships | Bydgoszcz, Poland | 1st | 400 m hurdles | 48.45 |
| 2003.0 | European U23 Championships | Bydgoszcz, Poland | 1st | 4x400 m relay | 3:03.32 |
Thought 2: The retrieved table in observation 1 shows 5 entries where the position is "1st". This means the athlete achieved first place 5 times across different competitions and events.
Action 2: Finish[5]

Finished Trial 1, Correct: 1, Incorrect: 0, Halted: 0

=== sample 64 id=nu-64 start ===
=== sample 64 returncode=0 end ===
/home/ubuntu/miniconda3/envs/lzz-agent/lib/python3.11/site-packages/langchain/__init__.py:29: UserWarning: Importing Wikipedia from langchain root module is no longer supported. Please use langchain.docstore.Wikipedia instead.
  warnings.warn(
/home/ubuntu/miniconda3/envs/lzz-agent/lib/python3.11/site-packages/langchain_core/_api/deprecation.py:119: LangChainDeprecationWarning: The class `DocstoreExplorer` was deprecated in LangChain 0.1.0 and will be removed in 0.3.0
  warn_deprecated(
==============current step===========
Thought 1: I need to find the candidate listed immediately before Anastasija Nindova in the table. First, locate Anastasija Nindova's row and then retrieve the preceding row's candidate.
Action 1: Retrieve[retrieve the row containing Anastasija Nindova and the row before it]
Observation 1: | Represent | Candidate | in Russian | Age | Height | Hometown |
| Adygean Republic | Alissa Joanndova | Алисса Йоанндова | 19.0 | 1.83 m (6 ft 0 in) | Tulsky |
| Altai Krai | Anastasija Nindova | Анастасия Ниндова | 22.0 | 1.74 m (5 ft 8 1⁄2 in) | Barnaul |

==============current step===========
Thought 1: I need to find the candidate listed immediately before Anastasija Nindova in the table. First, locate Anastasija Nindova's row and then retrieve the preceding row's candidate.
Action 1: Retrieve[retrieve the row containing Anastasija Nindova and the row before it]
Observation 1: | Represent | Candidate | in Russian | Age | Height | Hometown |
| Adygean Republic | Alissa Joanndova | Алисса Йоанндова | 19.0 | 1.83 m (6 ft 0 in) | Tulsky |
| Altai Krai | Anastasija Nindova | Анастасия Ниндова | 22.0 | 1.74 m (5 ft 8 1⁄2 in) | Barnaul |
Thought 2: The candidate before Anastasija Nindova (Altai Krai) is Alissa Joanndova from Adygean Republic.  
Action 2: Finish[Alissa Joanndova]

Finished Trial 1, Correct: 1, Incorrect: 0, Halted: 0

=== sample 65 id=nu-65 start ===
=== sample 65 returncode=0 end ===
/home/ubuntu/miniconda3/envs/lzz-agent/lib/python3.11/site-packages/langchain/__init__.py:29: UserWarning: Importing Wikipedia from langchain root module is no longer supported. Please use langchain.docstore.Wikipedia instead.
  warnings.warn(
/home/ubuntu/miniconda3/envs/lzz-agent/lib/python3.11/site-packages/langchain_core/_api/deprecation.py:119: LangChainDeprecationWarning: The class `DocstoreExplorer` was deprecated in LangChain 0.1.0 and will be removed in 0.3.0
  warn_deprecated(
==============current step===========
Thought 1: I need to find the date listed immediately after June 14, 2010, in the table. The table is ordered by season, so I should check the next row after the one containing June 14, 2010.  
Action 1: Retrieve[retrieve the row where Season Finale is June 14, 2010, and the subsequent row]  
Observation 1: | Season | Episodes | Season Premiere | Season Finale |
| 5.0 | 40.0 | October 12, 2009 | June 14, 2010 |
| 6.0 | 20.0 | September 6, 2010 | December 6, 2010 |

==============current step===========
Thought 1: I need to find the date listed immediately after June 14, 2010, in the table. The table is ordered by season, so I should check the next row after the one containing June 14, 2010.  
Action 1: Retrieve[retrieve the row where Season Finale is June 14, 2010, and the subsequent row]  
Observation 1: | Season | Episodes | Season Premiere | Season Finale |
| 5.0 | 40.0 | October 12, 2009 | June 14, 2010 |
| 6.0 | 20.0 | September 6, 2010 | December 6, 2010 |
Thought 2: The next date after June 14, 2010, in the table is the Season Premiere of Season 6, which is September 6, 2010.  
Action 2: Finish[September 6, 2010]

Finished Trial 1, Correct: 0, Incorrect: 1, Halted: 0

=== sample 66 id=nu-66 start ===
=== sample 66 returncode=0 end ===
/home/ubuntu/miniconda3/envs/lzz-agent/lib/python3.11/site-packages/langchain/__init__.py:29: UserWarning: Importing Wikipedia from langchain root module is no longer supported. Please use langchain.docstore.Wikipedia instead.
  warnings.warn(
/home/ubuntu/miniconda3/envs/lzz-agent/lib/python3.11/site-packages/langchain_core/_api/deprecation.py:119: LangChainDeprecationWarning: The class `DocstoreExplorer` was deprecated in LangChain 0.1.0 and will be removed in 0.3.0
  warn_deprecated(
==============current step===========
Thought 1: I need to count how many tournaments were held in the United States. The "Tournament" column lists the venue cities and countries. I will check each entry in the "Tournament" column for "United States".
Action 1: Retrieve[retrieve all rows where the Tournament column contains "United States"]
Observation 1: | Tournament |
| Rancho Mirage, United States |

==============current step===========
Thought 1: I need to count how many tournaments were held in the United States. The "Tournament" column lists the venue cities and countries. I will check each entry in the "Tournament" column for "United States".
Action 1: Retrieve[retrieve all rows where the Tournament column contains "United States"]
Observation 1: | Tournament |
| Rancho Mirage, United States |
Thought 2: The observation shows only one tournament was held in the United States (Rancho Mirage, United States). The count is 1.
Action 2: Finish[1]

Finished Trial 1, Correct: 1, Incorrect: 0, Halted: 0

=== sample 67 id=nu-67 start ===
=== sample 67 returncode=0 end ===
/home/ubuntu/miniconda3/envs/lzz-agent/lib/python3.11/site-packages/langchain/__init__.py:29: UserWarning: Importing Wikipedia from langchain root module is no longer supported. Please use langchain.docstore.Wikipedia instead.
  warnings.warn(
/home/ubuntu/miniconda3/envs/lzz-agent/lib/python3.11/site-packages/langchain_core/_api/deprecation.py:119: LangChainDeprecationWarning: The class `DocstoreExplorer` was deprecated in LangChain 0.1.0 and will be removed in 0.3.0
  warn_deprecated(
==============current step===========
Thought 1: I need to count the number of drivers who have 0 laps led. This requires retrieving all rows where the "Laps Led" column is 0 and then counting them.  
Action 1: Retrieve[retrieve all rows where "Laps Led" is 0]  
Observation 1: | Pos | No. | Driver | Team | Laps | Time/Retired | Grid | Laps Led | Points |
| 3.0 | 10.0 | Dario Franchitti | Chip Ganassi Racing | 85.0 | + 30.0551 | 6.0 | 0.0 | 35.0 |
| 4.0 | 14.0 | Ryan Hunter-Reay | A. J. Foyt Enterprises | 85.0 | + 33.7307 | 7.0 | 0.0 | 32.0 |
| 5.0 | 27.0 | Hideki Mutoh | Andretti Green Racing | 85.0 | + 34.1839 | 11.0 | 0.0 | 30.0 |
| 6.0 | 26.0 | Marco Andretti | Andretti Green Racing | 85.0 | + 46.7669 | 13.0 | 0.0 | 28.0 |
| 7.0 | 5.0 | Paul Tracy | KV Racing Technology | 85.0 | + 49.7020 | 10.0 | 0.0 | 26.0 |
| 8.0 | 2.0 | Graham Rahal | Newman/Haas/Lanigan Racing | 85.0 | + 50.4517 | 4.0 | 0.0 | 24.0 |
| 9.0 | 2.0 | Raphael Matos (R) | Luczo-Dragon Racing | 85.0 | + 51.2286 | 15.0 | 0.0 | 22.0 |
| 10.0 | 11.0 | Tony Kanaan | Andretti Green Racing | 85.0 | + 52.0810 | 8.0 | 0.0 | 20.0 |
| 11.0 | 6.0 | Oriol Servià | Newman/Haas/Lanigan Racing | 85.0 | + 52.6215 | 14.0 | 0.0 | 19.0 |
| 12.0 | 3.0 | Hélio Castroneves | Penske Racing | 85.0 | + 53.2362 | 5.0 | 0.0 | 18.0 |
| 14.0 | 33.0 | Robert Doornbos (R) | HVM Racing | 85.0 | + 1:10.0812 | 18.0 | 0.0 | 16.0 |
| 15.0 | 13.0 | E. J. Viso | HVM Racing | 84.0 | + 1 Lap | 9.0 | 0.0 | 15.0 |
| 16.0 | 4.0 | Dan Wheldon | Panther Racing | 84.0 | + 1 Lap | 17.0 | 0.0 | 14.0 |
| 17.0 | 20.0 | Ed Carpenter | Vision Racing | 84.0 | + 1 Lap | 21.0 | 0.0 | 13.0 |
| 18.0 | 98.0 | Richard Antinucci | Team 3G | 83.0 | + 2 Laps | 19.0 | 0.0 | 12.0 |
| 19.0 | 7.0 | Danica Patrick | Andretti Green Racing | 83.0 | + 2 Laps | 12.0 | 0.0 | 12.0 |
| 20.0 | 24.0 | Mike Conway (R) | Dreyer & Reinbold Racing | 69.0 | Mechanical | 16.0 | 0.0 | 12.0 |
| 21.0 | 23.0 | Milka Duno | Dreyer & Reinbold Racing | 56.0 | Handling | 20.0 | 0.0 | 12.0 |

==============current step===========
Thought 1: I need to count the number of drivers who have 0 laps led. This requires retrieving all rows where the "Laps Led" column is 0 and then counting them.  
Action 1: Retrieve[retrieve all rows where "Laps Led" is 0]  
Observation 1: | Pos | No. | Driver | Team | Laps | Time/Retired | Grid | Laps Led | Points |
| 3.0 | 10.0 | Dario Franchitti | Chip Ganassi Racing | 85.0 | + 30.0551 | 6.0 | 0.0 | 35.0 |
| 4.0 | 14.0 | Ryan Hunter-Reay | A. J. Foyt Enterprises | 85.0 | + 33.7307 | 7.0 | 0.0 | 32.0 |
| 5.0 | 27.0 | Hideki Mutoh | Andretti Green Racing | 85.0 | + 34.1839 | 11.0 | 0.0 | 30.0 |
| 6.0 | 26.0 | Marco Andretti | Andretti Green Racing | 85.0 | + 46.7669 | 13.0 | 0.0 | 28.0 |
| 7.0 | 5.0 | Paul Tracy | KV Racing Technology | 85.0 | + 49.7020 | 10.0 | 0.0 | 26.0 |
| 8.0 | 2.0 | Graham Rahal | Newman/Haas/Lanigan Racing | 85.0 | + 50.4517 | 4.0 | 0.0 | 24.0 |
| 9.0 | 2.0 | Raphael Matos (R) | Luczo-Dragon Racing | 85.0 | + 51.2286 | 15.0 | 0.0 | 22.0 |
| 10.0 | 11.0 | Tony Kanaan | Andretti Green Racing | 85.0 | + 52.0810 | 8.0 | 0.0 | 20.0 |
| 11.0 | 6.0 | Oriol Servià | Newman/Haas/Lanigan Racing | 85.0 | + 52.6215 | 14.0 | 0.0 | 19.0 |
| 12.0 | 3.0 | Hélio Castroneves | Penske Racing | 85.0 | + 53.2362 | 5.0 | 0.0 | 18.0 |
| 14.0 | 33.0 | Robert Doornbos (R) | HVM Racing | 85.0 | + 1:10.0812 | 18.0 | 0.0 | 16.0 |
| 15.0 | 13.0 | E. J. Viso | HVM Racing | 84.0 | + 1 Lap | 9.0 | 0.0 | 15.0 |
| 16.0 | 4.0 | Dan Wheldon | Panther Racing | 84.0 | + 1 Lap | 17.0 | 0.0 | 14.0 |
| 17.0 | 20.0 | Ed Carpenter | Vision Racing | 84.0 | + 1 Lap | 21.0 | 0.0 | 13.0 |
| 18.0 | 98.0 | Richard Antinucci | Team 3G | 83.0 | + 2 Laps | 19.0 | 0.0 | 12.0 |
| 19.0 | 7.0 | Danica Patrick | Andretti Green Racing | 83.0 | + 2 Laps | 12.0 | 0.0 | 12.0 |
| 20.0 | 24.0 | Mike Conway (R) | Dreyer & Reinbold Racing | 69.0 | Mechanical | 16.0 | 0.0 | 12.0 |
| 21.0 | 23.0 | Milka Duno | Dreyer & Reinbold Racing | 56.0 | Handling | 20.0 | 0.0 | 12.0 |
Thought 2: I need to count the number of drivers in the retrieved table from Observation 1. Each row represents one driver with 0 laps led.  
Action 2: Calculate[count the number of rows in the table of Observation 1]  
Observation 2: 21

==============current step===========
Thought 1: I need to count the number of drivers who have 0 laps led. This requires retrieving all rows where the "Laps Led" column is 0 and then counting them.  
Action 1: Retrieve[retrieve all rows where "Laps Led" is 0]  
Observation 1: | Pos | No. | Driver | Team | Laps | Time/Retired | Grid | Laps Led | Points |
| 3.0 | 10.0 | Dario Franchitti | Chip Ganassi Racing | 85.0 | + 30.0551 | 6.0 | 0.0 | 35.0 |
| 4.0 | 14.0 | Ryan Hunter-Reay | A. J. Foyt Enterprises | 85.0 | + 33.7307 | 7.0 | 0.0 | 32.0 |
| 5.0 | 27.0 | Hideki Mutoh | Andretti Green Racing | 85.0 | + 34.1839 | 11.0 | 0.0 | 30.0 |
| 6.0 | 26.0 | Marco Andretti | Andretti Green Racing | 85.0 | + 46.7669 | 13.0 | 0.0 | 28.0 |
| 7.0 | 5.0 | Paul Tracy | KV Racing Technology | 85.0 | + 49.7020 | 10.0 | 0.0 | 26.0 |
| 8.0 | 2.0 | Graham Rahal | Newman/Haas/Lanigan Racing | 85.0 | + 50.4517 | 4.0 | 0.0 | 24.0 |
| 9.0 | 2.0 | Raphael Matos (R) | Luczo-Dragon Racing | 85.0 | + 51.2286 | 15.0 | 0.0 | 22.0 |
| 10.0 | 11.0 | Tony Kanaan | Andretti Green Racing | 85.0 | + 52.0810 | 8.0 | 0.0 | 20.0 |
| 11.0 | 6.0 | Oriol Servià | Newman/Haas/Lanigan Racing | 85.0 | + 52.6215 | 14.0 | 0.0 | 19.0 |
| 12.0 | 3.0 | Hélio Castroneves | Penske Racing | 85.0 | + 53.2362 | 5.0 | 0.0 | 18.0 |
| 14.0 | 33.0 | Robert Doornbos (R) | HVM Racing | 85.0 | + 1:10.0812 | 18.0 | 0.0 | 16.0 |
| 15.0 | 13.0 | E. J. Viso | HVM Racing | 84.0 | + 1 Lap | 9.0 | 0.0 | 15.0 |
| 16.0 | 4.0 | Dan Wheldon | Panther Racing | 84.0 | + 1 Lap | 17.0 | 0.0 | 14.0 |
| 17.0 | 20.0 | Ed Carpenter | Vision Racing | 84.0 | + 1 Lap | 21.0 | 0.0 | 13.0 |
| 18.0 | 98.0 | Richard Antinucci | Team 3G | 83.0 | + 2 Laps | 19.0 | 0.0 | 12.0 |
| 19.0 | 7.0 | Danica Patrick | Andretti Green Racing | 83.0 | + 2 Laps | 12.0 | 0.0 | 12.0 |
| 20.0 | 24.0 | Mike Conway (R) | Dreyer & Reinbold Racing | 69.0 | Mechanical | 16.0 | 0.0 | 12.0 |
| 21.0 | 23.0 | Milka Duno | Dreyer & Reinbold Racing | 56.0 | Handling | 20.0 | 0.0 | 12.0 |
Thought 2: I need to count the number of drivers in the retrieved table from Observation 1. Each row represents one driver with 0 laps led.  
Action 2: Calculate[count the number of rows in the table of Observation 1]  
Observation 2: 21
Thought 3: The retrieved table in Observation 1 includes 21 drivers with 0 laps led. The question asks for the number of such drivers, so the answer is 21.  
Action 3: Finish[21]

Finished Trial 1, Correct: 0, Incorrect: 1, Halted: 0

=== sample 68 id=nu-68 start ===
=== sample 68 returncode=0 end ===
/home/ubuntu/miniconda3/envs/lzz-agent/lib/python3.11/site-packages/langchain/__init__.py:29: UserWarning: Importing Wikipedia from langchain root module is no longer supported. Please use langchain.docstore.Wikipedia instead.
  warnings.warn(
/home/ubuntu/miniconda3/envs/lzz-agent/lib/python3.11/site-packages/langchain_core/_api/deprecation.py:119: LangChainDeprecationWarning: The class `DocstoreExplorer` was deprecated in LangChain 0.1.0 and will be removed in 0.3.0
  warn_deprecated(
==============current step===========
Thought 1: I need to find the "superseded by" entry for the "Lord High Steward" position in the table.
Action 1: Retrieve[retrieve the "superseded by" value for the row where Position is "Lord High Steward"]
Observation 1: | superseded by |
| Justiciar |

==============current step===========
Thought 1: I need to find the "superseded by" entry for the "Lord High Steward" position in the table.
Action 1: Retrieve[retrieve the "superseded by" value for the row where Position is "Lord High Steward"]
Observation 1: | superseded by |
| Justiciar |
Thought 2: The question asks who superseded the Lord High Steward. The answer is found in the "superseded by" column for that position, which is "Justiciar".
Action 2: Finish[Justiciar]

Finished Trial 1, Correct: 1, Incorrect: 0, Halted: 0

=== sample 69 id=nu-69 start ===
=== sample 69 returncode=0 end ===
/home/ubuntu/miniconda3/envs/lzz-agent/lib/python3.11/site-packages/langchain/__init__.py:29: UserWarning: Importing Wikipedia from langchain root module is no longer supported. Please use langchain.docstore.Wikipedia instead.
  warnings.warn(
/home/ubuntu/miniconda3/envs/lzz-agent/lib/python3.11/site-packages/langchain_core/_api/deprecation.py:119: LangChainDeprecationWarning: The class `DocstoreExplorer` was deprecated in LangChain 0.1.0 and will be removed in 0.3.0
  warn_deprecated(
==============current step===========
Thought 1: I need to find Kristyna Pliskova's partner in her first professional doubles tournament. The first tournament would be the one with the earliest date. The table lists tournaments starting from 2010, so I should retrieve the earliest date and check the partner.
Action 1: Retrieve[retrieve the row with the earliest date in the table]
Observation 1: | Outcome | No. | Date | Tournament | Surface | Partner | Opponents | Score |
| Runner-up | 1. | 16 May 2010 | Kurume, Japan | Clay | Karolína Plíšková | Sun Shengnan  Xu Yifan | 0–6, 3–6 |

==============current step===========
Thought 1: I need to find Kristyna Pliskova's partner in her first professional doubles tournament. The first tournament would be the one with the earliest date. The table lists tournaments starting from 2010, so I should retrieve the earliest date and check the partner.
Action 1: Retrieve[retrieve the row with the earliest date in the table]
Observation 1: | Outcome | No. | Date | Tournament | Surface | Partner | Opponents | Score |
| Runner-up | 1. | 16 May 2010 | Kurume, Japan | Clay | Karolína Plíšková | Sun Shengnan  Xu Yifan | 0–6, 3–6 |
Thought 2: The earliest tournament is on 16 May 2010, and the partner listed there is Karolína Plíšková. Since the question asks for Kristyna Pliskova's partner in her first professional doubles tournament, the answer is Karolína Plíšková.  
Action 2: Finish[Karolína Plíšková]

Finished Trial 1, Correct: 1, Incorrect: 0, Halted: 0

=== sample 70 id=nu-70 start ===
=== sample 70 returncode=0 end ===
/home/ubuntu/miniconda3/envs/lzz-agent/lib/python3.11/site-packages/langchain/__init__.py:29: UserWarning: Importing Wikipedia from langchain root module is no longer supported. Please use langchain.docstore.Wikipedia instead.
  warnings.warn(
/home/ubuntu/miniconda3/envs/lzz-agent/lib/python3.11/site-packages/langchain_core/_api/deprecation.py:119: LangChainDeprecationWarning: The class `DocstoreExplorer` was deprecated in LangChain 0.1.0 and will be removed in 0.3.0
  warn_deprecated(
==============current step===========
Thought 1: I need to retrieve all rows where the Position is "Fullback".
Action 1: Retrieve[retrieve rows where Position is "Fullback"]
Observation 1: | Pick # | NFL Team | Player | Position | College |
| 3.0 | Baltimore Colts | Alan Ameche | Fullback | Wisconsin |
| 9.0 | Philadelphia Eagles | Dick Bielski | Fullback | Maryland |

==============current step===========
Thought 1: I need to retrieve all rows where the Position is "Fullback".
Action 1: Retrieve[retrieve rows where Position is "Fullback"]
Observation 1: | Pick # | NFL Team | Player | Position | College |
| 3.0 | Baltimore Colts | Alan Ameche | Fullback | Wisconsin |
| 9.0 | Philadelphia Eagles | Dick Bielski | Fullback | Maryland |
Thought 2: The question asks for the number of fullback positions picked. From observation 1, there are 2 entries where the Position is "Fullback".
Action 2: Finish[2]

Finished Trial 1, Correct: 1, Incorrect: 0, Halted: 0

=== sample 71 id=nu-71 start ===
=== sample 71 returncode=0 end ===
/home/ubuntu/miniconda3/envs/lzz-agent/lib/python3.11/site-packages/langchain/__init__.py:29: UserWarning: Importing Wikipedia from langchain root module is no longer supported. Please use langchain.docstore.Wikipedia instead.
  warnings.warn(
/home/ubuntu/miniconda3/envs/lzz-agent/lib/python3.11/site-packages/langchain_core/_api/deprecation.py:119: LangChainDeprecationWarning: The class `DocstoreExplorer` was deprecated in LangChain 0.1.0 and will be removed in 0.3.0
  warn_deprecated(
==============current step===========
Thought 1: I need to find the year with the least toy sales. The "Toy sales" column has data starting from 2002. I should retrieve the toy sales values for the years with available data (2002-2006) and compare them.
Action 1: Retrieve[retrieve the "Toy sales" values for years 2002, 2003, 2004, 2005, 2006]
Observation 1: | Year | Toy sales (US $ Billions) |
| 2002 | 21.3 |
| 2003 | 20.7 |
| 2004 | 22.4 |
| 2005 | 22.2 |
| 2006 | 22.3 |

==============current step===========
Thought 1: I need to find the year with the least toy sales. The "Toy sales" column has data starting from 2002. I should retrieve the toy sales values for the years with available data (2002-2006) and compare them.
Action 1: Retrieve[retrieve the "Toy sales" values for years 2002, 2003, 2004, 2005, 2006]
Observation 1: | Year | Toy sales (US $ Billions) |
| 2002 | 21.3 |
| 2003 | 20.7 |
| 2004 | 22.4 |
| 2005 | 22.2 |
| 2006 | 22.3 |
Thought 2: Now I need to identify the smallest value in the "Toy sales" column from the retrieved data. Comparing 21.3 (2002), 20.7 (2003), 22.4 (2004), 22.2 (2005), and 22.3 (2006), the lowest value is 20.7 in 2003.  
Action 2: Finish[2003]

Finished Trial 1, Correct: 1, Incorrect: 0, Halted: 0

=== sample 72 id=nu-72 start ===
=== sample 72 returncode=0 end ===
/home/ubuntu/miniconda3/envs/lzz-agent/lib/python3.11/site-packages/langchain/__init__.py:29: UserWarning: Importing Wikipedia from langchain root module is no longer supported. Please use langchain.docstore.Wikipedia instead.
  warnings.warn(
/home/ubuntu/miniconda3/envs/lzz-agent/lib/python3.11/site-packages/langchain_core/_api/deprecation.py:119: LangChainDeprecationWarning: The class `DocstoreExplorer` was deprecated in LangChain 0.1.0 and will be removed in 0.3.0
  warn_deprecated(
==============current step===========
Thought 1: I need to find all networks owned by TV Azteca and sum their affiliates. 
Action 1: Retrieve[retrieve the affiliates of networks where Owner is TV Azteca]
Observation 1: | Affiliates |
| 5 |
| 4 |

==============current step===========
Thought 1: I need to find all networks owned by TV Azteca and sum their affiliates. 
Action 1: Retrieve[retrieve the affiliates of networks where Owner is TV Azteca]
Observation 1: | Affiliates |
| 5 |
| 4 |
Thought 2: The question asks for the total number of affiliates for TV Azteca. The retrieved affiliates from observation 1 are 5 and 4. Summing these gives 5 + 4 = 9.
Action 2: Calculate[sum the affiliates 5 and 4]
Observation 2: 13.0

==============current step===========
Thought 1: I need to find all networks owned by TV Azteca and sum their affiliates. 
Action 1: Retrieve[retrieve the affiliates of networks where Owner is TV Azteca]
Observation 1: | Affiliates |
| 5 |
| 4 |
Thought 2: The question asks for the total number of affiliates for TV Azteca. The retrieved affiliates from observation 1 are 5 and 4. Summing these gives 5 + 4 = 9.
Action 2: Calculate[sum the affiliates 5 and 4]
Observation 2: 13.0
Thought 3: The correct total number of affiliates for TV Azteca is 9.  
Action 3: Finish[9]

Finished Trial 1, Correct: 1, Incorrect: 0, Halted: 0

=== sample 73 id=nu-73 start ===
=== sample 73 returncode=0 end ===
/home/ubuntu/miniconda3/envs/lzz-agent/lib/python3.11/site-packages/langchain/__init__.py:29: UserWarning: Importing Wikipedia from langchain root module is no longer supported. Please use langchain.docstore.Wikipedia instead.
  warnings.warn(
/home/ubuntu/miniconda3/envs/lzz-agent/lib/python3.11/site-packages/langchain_core/_api/deprecation.py:119: LangChainDeprecationWarning: The class `DocstoreExplorer` was deprecated in LangChain 0.1.0 and will be removed in 0.3.0
  warn_deprecated(
==============current step===========
Thought 1: I need to count the number of times the team placed 5th in the regular season. I will retrieve all entries in the "Reg. Season" column and check for "5th".
Action 1: Retrieve[retrieve all "Reg. Season" entries where position is "5th"]
Observation 1: | Year | Division | League | Reg. Season | Playoffs |
| 2003.0 | 2.0 | USL W-League | 5th, Western |  |
| 2006.0 | 1.0 | USL W-League | 5th, Western |  |
| 2007.0 | 1.0 | USL W-League | 5th, Western |  |

==============current step===========
Thought 1: I need to count the number of times the team placed 5th in the regular season. I will retrieve all entries in the "Reg. Season" column and check for "5th".
Action 1: Retrieve[retrieve all "Reg. Season" entries where position is "5th"]
Observation 1: | Year | Division | League | Reg. Season | Playoffs |
| 2003.0 | 2.0 | USL W-League | 5th, Western |  |
| 2006.0 | 1.0 | USL W-League | 5th, Western |  |
| 2007.0 | 1.0 | USL W-League | 5th, Western |  |
Thought 2: The retrieved table shows three instances where the team placed 5th (2003, 2006, 2007). The count is 3.
Action 2: Finish[3]

Finished Trial 1, Correct: 1, Incorrect: 0, Halted: 0

=== sample 74 id=nu-74 start ===
=== sample 74 returncode=0 end ===
/home/ubuntu/miniconda3/envs/lzz-agent/lib/python3.11/site-packages/langchain/__init__.py:29: UserWarning: Importing Wikipedia from langchain root module is no longer supported. Please use langchain.docstore.Wikipedia instead.
  warnings.warn(
/home/ubuntu/miniconda3/envs/lzz-agent/lib/python3.11/site-packages/langchain_core/_api/deprecation.py:119: LangChainDeprecationWarning: The class `DocstoreExplorer` was deprecated in LangChain 0.1.0 and will be removed in 0.3.0
  warn_deprecated(
==============current step===========
Thought 1: I need to determine how many games the team scored at least 30 points. To do this, I must check each row's "Score" column, determine the team's score based on whether they were home or away, and count instances where the score is 30 or higher.
Action 1: Retrieve[retrieve all rows where the team's score is >=30]
Observation 1: | Week | Date | Opponent | Score | Result | Record |
| 6 | Oct 2 | at Hamilton Tiger-Cats | 45–0 | Loss | 1–6 |

==============current step===========
Thought 1: I need to determine how many games the team scored at least 30 points. To do this, I must check each row's "Score" column, determine the team's score based on whether they were home or away, and count instances where the score is 30 or higher.
Action 1: Retrieve[retrieve all rows where the team's score is >=30]
Observation 1: | Week | Date | Opponent | Score | Result | Record |
| 6 | Oct 2 | at Hamilton Tiger-Cats | 45–0 | Loss | 1–6 |
Thought 2: The retrieved row in Observation 1 (Week 6) shows a score of 45–0. However, since the team was **away** at Hamilton Tiger-Cats, the second number (0) represents their score, which is below 30. This indicates an error in the initial retrieval. I need to manually verify all games to correctly identify instances where the team scored ≥30 points by checking home/away status and parsing the score accordingly.
Action 2: Retrieve[retrieve all rows where the team's score is >=30, correctly accounting for home/away status]
Observation 2: | Week | Date | Opponent | Score | Result | Record |
| 4 | Sept 18 | vs. Toronto Argonauts | 34–6 | Loss | 1–4 |
| 5 | Sept 25 | vs. Hamilton Tiger-Cats | 38–12 | Loss | 1–5 |
| 10 | Oct 30 | vs. Hamilton Tiger-Cats | 30–9 | Loss | 1–11 |

==============current step===========
Thought 1: I need to determine how many games the team scored at least 30 points. To do this, I must check each row's "Score" column, determine the team's score based on whether they were home or away, and count instances where the score is 30 or higher.
Action 1: Retrieve[retrieve all rows where the team's score is >=30]
Observation 1: | Week | Date | Opponent | Score | Result | Record |
| 6 | Oct 2 | at Hamilton Tiger-Cats | 45–0 | Loss | 1–6 |
Thought 2: The retrieved row in Observation 1 (Week 6) shows a score of 45–0. However, since the team was **away** at Hamilton Tiger-Cats, the second number (0) represents their score, which is below 30. This indicates an error in the initial retrieval. I need to manually verify all games to correctly identify instances where the team scored ≥30 points by checking home/away status and parsing the score accordingly.
Action 2: Retrieve[retrieve all rows where the team's score is >=30, correctly accounting for home/away status]
Observation 2: | Week | Date | Opponent | Score | Result | Record |
| 4 | Sept 18 | vs. Toronto Argonauts | 34–6 | Loss | 1–4 |
| 5 | Sept 25 | vs. Hamilton Tiger-Cats | 38–12 | Loss | 1–5 |
| 10 | Oct 30 | vs. Hamilton Tiger-Cats | 30–9 | Loss | 1–11 |
Thought 3: Upon re-evaluating the scores, I realize that in the retrieved rows (Week 4, 5, 10), the team's actual score was the second number (home team's score), which is below 30. The only valid game where the team scored at least 30 points is Week 6 (45 as the away team).  
Action 3: Finish[1]

Finished Trial 1, Correct: 0, Incorrect: 1, Halted: 0

=== sample 75 id=nu-75 start ===
=== sample 75 returncode=0 end ===
/home/ubuntu/miniconda3/envs/lzz-agent/lib/python3.11/site-packages/langchain/__init__.py:29: UserWarning: Importing Wikipedia from langchain root module is no longer supported. Please use langchain.docstore.Wikipedia instead.
  warnings.warn(
/home/ubuntu/miniconda3/envs/lzz-agent/lib/python3.11/site-packages/langchain_core/_api/deprecation.py:119: LangChainDeprecationWarning: The class `DocstoreExplorer` was deprecated in LangChain 0.1.0 and will be removed in 0.3.0
  warn_deprecated(
==============current step===========
Thought 1: I need to retrieve the number of laps raced in 1926 and 1938 to compare them.
Action 1: Retrieve[retrieve the Laps values for 1926 and 1938]
Observation 1: | Year | Laps |
| 1926 | 142 |
| 1938 | 130 |

==============current step===========
Thought 1: I need to retrieve the number of laps raced in 1926 and 1938 to compare them.
Action 1: Retrieve[retrieve the Laps values for 1926 and 1938]
Observation 1: | Year | Laps |
| 1926 | 142 |
| 1938 | 130 |
Thought 2: Comparing the laps from 1926 (142) and 1938 (130), 1926 has more laps.  
Action 2: Finish[1926]

Finished Trial 1, Correct: 1, Incorrect: 0, Halted: 0

=== sample 76 id=nu-76 start ===
=== sample 76 returncode=0 end ===
/home/ubuntu/miniconda3/envs/lzz-agent/lib/python3.11/site-packages/langchain/__init__.py:29: UserWarning: Importing Wikipedia from langchain root module is no longer supported. Please use langchain.docstore.Wikipedia instead.
  warnings.warn(
/home/ubuntu/miniconda3/envs/lzz-agent/lib/python3.11/site-packages/langchain_core/_api/deprecation.py:119: LangChainDeprecationWarning: The class `DocstoreExplorer` was deprecated in LangChain 0.1.0 and will be removed in 0.3.0
  warn_deprecated(
==============current step===========
Thought 1: I need to retrieve the attendance number for GameStorm 11 from the table.
Action 1: Retrieve[retrieve the attendance for GameStorm 11]
Observation 1: | Attendance |
| 736.0 |

==============current step===========
Thought 1: I need to retrieve the attendance number for GameStorm 11 from the table.
Action 1: Retrieve[retrieve the attendance for GameStorm 11]
Observation 1: | Attendance |
| 736.0 |
Thought 2: The question asks for the total attendance of GameStorm 11. The retrieved data from observation 1 shows the attendance is 736.0, which confirms the answer is 736.
Action 2: Finish[736]

Finished Trial 1, Correct: 1, Incorrect: 0, Halted: 0

=== sample 77 id=nu-77 start ===
=== sample 77 returncode=0 end ===
/home/ubuntu/miniconda3/envs/lzz-agent/lib/python3.11/site-packages/langchain/__init__.py:29: UserWarning: Importing Wikipedia from langchain root module is no longer supported. Please use langchain.docstore.Wikipedia instead.
  warnings.warn(
/home/ubuntu/miniconda3/envs/lzz-agent/lib/python3.11/site-packages/langchain_core/_api/deprecation.py:119: LangChainDeprecationWarning: The class `DocstoreExplorer` was deprecated in LangChain 0.1.0 and will be removed in 0.3.0
  warn_deprecated(
==============current step===========
Thought 1: I need to find Scott Dixon's position in the table and identify the driver immediately following him. 
Action 1: Retrieve[find the row containing Scott Dixon and the subsequent row]
Observation 1: | Pos | Driver | ... |  
| 13 | Scott Dixon | ... |  
| 14 | Mike Conway | ... |  

==============current step===========
Thought 1: I need to find Scott Dixon's position in the table and identify the driver immediately following him. 
Action 1: Retrieve[find the row containing Scott Dixon and the subsequent row]
Observation 1: | Pos | Driver | ... |  
| 13 | Scott Dixon | ... |  
| 14 | Mike Conway | ... |  
Thought 2: The question asks for the driver listed immediately after Scott Dixon. From observation 1, Scott Dixon is in position 13, and the next driver in position 14 is Mike Conway.  
Action 2: Finish[Mike Conway]

Finished Trial 1, Correct: 1, Incorrect: 0, Halted: 0

=== sample 78 id=nu-78 start ===
=== sample 78 returncode=0 end ===
/home/ubuntu/miniconda3/envs/lzz-agent/lib/python3.11/site-packages/langchain/__init__.py:29: UserWarning: Importing Wikipedia from langchain root module is no longer supported. Please use langchain.docstore.Wikipedia instead.
  warnings.warn(
/home/ubuntu/miniconda3/envs/lzz-agent/lib/python3.11/site-packages/langchain_core/_api/deprecation.py:119: LangChainDeprecationWarning: The class `DocstoreExplorer` was deprecated in LangChain 0.1.0 and will be removed in 0.3.0
  warn_deprecated(
==============current step===========
Thought 1: I need to find the venue(s) where Melissa Morrison competed in the year 2004. This requires retrieving the row(s) in the table where the Year is 2004 and extracting the Venue information.  
Action 1: Retrieve[retrieve the Venue(s) for the year 2004]  
Observation 1: | Venue |
| Athens, Greece |

==============current step===========
Thought 1: I need to find the venue(s) where Melissa Morrison competed in the year 2004. This requires retrieving the row(s) in the table where the Year is 2004 and extracting the Venue information.  
Action 1: Retrieve[retrieve the Venue(s) for the year 2004]  
Observation 1: | Venue |
| Athens, Greece |
Thought 2: The question asks for the venue(s) Melissa Morrison competed at in 2004. The retrieved data in Observation 1 shows that the only venue for 2004 is Athens, Greece.  
Action 2: Finish[Athens, Greece]

Finished Trial 1, Correct: 1, Incorrect: 0, Halted: 0

=== sample 79 id=nu-79 start ===
=== sample 79 returncode=0 end ===
/home/ubuntu/miniconda3/envs/lzz-agent/lib/python3.11/site-packages/langchain/__init__.py:29: UserWarning: Importing Wikipedia from langchain root module is no longer supported. Please use langchain.docstore.Wikipedia instead.
  warnings.warn(
/home/ubuntu/miniconda3/envs/lzz-agent/lib/python3.11/site-packages/langchain_core/_api/deprecation.py:119: LangChainDeprecationWarning: The class `DocstoreExplorer` was deprecated in LangChain 0.1.0 and will be removed in 0.3.0
  warn_deprecated(
==============current step===========
Thought 1: I need to count how many times "Professional writer" is listed as the profession. I will retrieve all rows where the "Profession" column contains "Professional writer".
Action 1: Retrieve[retrieve rows where Profession contains "Professional writer"]
Observation 1: | Year | Recipient | Nationality | Profession | Speech |
| 1997.0 | Elie Wiesel | United States | Professional writer Winner of the Nobel Peace Prize (1986) |  |
| 1998.0 | Herman Wouk | United States | Professional writer and 1952 Pulitzer Prize winner |  |
| 2001.0 | Cynthia Ozick | United States | Professional writer |  |

==============current step===========
Thought 1: I need to count how many times "Professional writer" is listed as the profession. I will retrieve all rows where the "Profession" column contains "Professional writer".
Action 1: Retrieve[retrieve rows where Profession contains "Professional writer"]
Observation 1: | Year | Recipient | Nationality | Profession | Speech |
| 1997.0 | Elie Wiesel | United States | Professional writer Winner of the Nobel Peace Prize (1986) |  |
| 1998.0 | Herman Wouk | United States | Professional writer and 1952 Pulitzer Prize winner |  |
| 2001.0 | Cynthia Ozick | United States | Professional writer |  |
Thought 2: The retrieved table shows 3 entries where "Professional writer" is explicitly listed in the Profession column. This includes Elie Wiesel (1997), Herman Wouk (1998), and Cynthia Ozick (2001).  
Action 2: Finish[3]

Finished Trial 1, Correct: 1, Incorrect: 0, Halted: 0

=== sample 80 id=nu-80 start ===
=== sample 80 returncode=0 end ===
/home/ubuntu/miniconda3/envs/lzz-agent/lib/python3.11/site-packages/langchain/__init__.py:29: UserWarning: Importing Wikipedia from langchain root module is no longer supported. Please use langchain.docstore.Wikipedia instead.
  warnings.warn(
/home/ubuntu/miniconda3/envs/lzz-agent/lib/python3.11/site-packages/langchain_core/_api/deprecation.py:119: LangChainDeprecationWarning: The class `DocstoreExplorer` was deprecated in LangChain 0.1.0 and will be removed in 0.3.0
  warn_deprecated(
==============current step===========
Thought 1: I need to find the number of listings from Barrington, Farmington, and Rochester. First, I will retrieve all entries where the "City or town" is Barrington, Farmington, or Rochester.
Action 1: Retrieve[retrieve rows where "City or town" is Barrington, Farmington, or Rochester]
Observation 1: | column_1 | Name on the Register | Date listed | Location | City or town | Summary |
| 2 | Canaan Chapel | March 11, 1982 (#82001877) | Canaan Rd. 43°12′09″N 71°06′04″W﻿ / ﻿43.2025°N 71.101111°W | Barrington |  |
| 5 | Farmington Town Pound | September 2, 1993 (#93000884) | Northwestern side of Pound Rd. 300 ft (91 m) north of the junction of Ten Rod Rd. 43°21′33″N 71°04′49″W﻿ / ﻿43.359167°N 71.080278°W | Farmington |  |
| 12 | Richard Hayes House | February 27, 1986 (#86000283) | 184 Gonic Rd. 43°15′38″N 70°58′44″W﻿ / ﻿43.260556°N 70.978889°W | Rochester |  |
| 13 | Jenness Farm | March 2, 2001 (#01000206) | 626 Pickering Rd. 43°14′36″N 70°56′12″W﻿ / ﻿43.243333°N 70.936667°W | Rochester |  |
| 24 | Rochester Commercial and Industrial District | April 8, 1983 (#83001154) | N. Main, Wakefield, Hanson, and S. Main Sts. and Central Square 43°18′11″N 70°58′34″W﻿ / ﻿43.303056°N 70.976111°W | Rochester |  |

==============current step===========
Thought 1: I need to find the number of listings from Barrington, Farmington, and Rochester. First, I will retrieve all entries where the "City or town" is Barrington, Farmington, or Rochester.
Action 1: Retrieve[retrieve rows where "City or town" is Barrington, Farmington, or Rochester]
Observation 1: | column_1 | Name on the Register | Date listed | Location | City or town | Summary |
| 2 | Canaan Chapel | March 11, 1982 (#82001877) | Canaan Rd. 43°12′09″N 71°06′04″W﻿ / ﻿43.2025°N 71.101111°W | Barrington |  |
| 5 | Farmington Town Pound | September 2, 1993 (#93000884) | Northwestern side of Pound Rd. 300 ft (91 m) north of the junction of Ten Rod Rd. 43°21′33″N 71°04′49″W﻿ / ﻿43.359167°N 71.080278°W | Farmington |  |
| 12 | Richard Hayes House | February 27, 1986 (#86000283) | 184 Gonic Rd. 43°15′38″N 70°58′44″W﻿ / ﻿43.260556°N 70.978889°W | Rochester |  |
| 13 | Jenness Farm | March 2, 2001 (#01000206) | 626 Pickering Rd. 43°14′36″N 70°56′12″W﻿ / ﻿43.243333°N 70.936667°W | Rochester |  |
| 24 | Rochester Commercial and Industrial District | April 8, 1983 (#83001154) | N. Main, Wakefield, Hanson, and S. Main Sts. and Central Square 43°18′11″N 70°58′34″W﻿ / ﻿43.303056°N 70.976111°W | Rochester |  |
Thought 2: The retrieved table in Observation 1 contains 5 entries (rows 2, 5, 12, 13, 24) corresponding to Barrington, Farmington, and Rochester. The question asks for the combined total, so the answer is 5.
Action 2: Finish[5]

Finished Trial 1, Correct: 1, Incorrect: 0, Halted: 0

=== sample 81 id=nu-81 start ===
=== sample 81 returncode=0 end ===
/home/ubuntu/miniconda3/envs/lzz-agent/lib/python3.11/site-packages/langchain/__init__.py:29: UserWarning: Importing Wikipedia from langchain root module is no longer supported. Please use langchain.docstore.Wikipedia instead.
  warnings.warn(
/home/ubuntu/miniconda3/envs/lzz-agent/lib/python3.11/site-packages/langchain_core/_api/deprecation.py:119: LangChainDeprecationWarning: The class `DocstoreExplorer` was deprecated in LangChain 0.1.0 and will be removed in 0.3.0
  warn_deprecated(
==============current step===========
Thought 1: I need to identify the teams in the 2006 season and check their goal counts. The 2006 season corresponds to the row with "2006" in the Season column. 
Action 1: Retrieve[retrieve the teams and their goals in the 2006 season]
Observation 1: | Team | Goals |
| Spartak Nizhny Novgorod | 1.0 |

==============current step===========
Thought 1: I need to identify the teams in the 2006 season and check their goal counts. The 2006 season corresponds to the row with "2006" in the Season column. 
Action 1: Retrieve[retrieve the teams and their goals in the 2006 season]
Observation 1: | Team | Goals |
| Spartak Nizhny Novgorod | 1.0 |
Thought 2: In the 2006 season, CSKA Moscow scored 0 goals, while Spartak Nizhny Novgorod scored 1 goal. Therefore, only one team (CSKA Moscow) did not score any goals in the 2006 season.
Action 2: Finish[1]

Finished Trial 1, Correct: 1, Incorrect: 0, Halted: 0

=== sample 82 id=nu-82 start ===
=== sample 82 returncode=0 end ===
/home/ubuntu/miniconda3/envs/lzz-agent/lib/python3.11/site-packages/langchain/__init__.py:29: UserWarning: Importing Wikipedia from langchain root module is no longer supported. Please use langchain.docstore.Wikipedia instead.
  warnings.warn(
/home/ubuntu/miniconda3/envs/lzz-agent/lib/python3.11/site-packages/langchain_core/_api/deprecation.py:119: LangChainDeprecationWarning: The class `DocstoreExplorer` was deprecated in LangChain 0.1.0 and will be removed in 0.3.0
  warn_deprecated(
==============current step===========
Thought 1: The question asks for the rider who came in first place. The "Pos" column indicates rankings, so the rider with "Pos" 1 is the answer.
Action 1: Retrieve[retrieve the rider with Pos 1]
Observation 1: | Pos | Rider | Manufactuer | Time/Retired | Points |
| 1 | Doriano Romboni | Honda | 33:53.776 | 25 |

==============current step===========
Thought 1: The question asks for the rider who came in first place. The "Pos" column indicates rankings, so the rider with "Pos" 1 is the answer.
Action 1: Retrieve[retrieve the rider with Pos 1]
Observation 1: | Pos | Rider | Manufactuer | Time/Retired | Points |
| 1 | Doriano Romboni | Honda | 33:53.776 | 25 |
Thought 2: The rider in the first position is Doriano Romboni.  
Action 2: Finish[Doriano Romboni]

Finished Trial 1, Correct: 1, Incorrect: 0, Halted: 0

=== sample 83 id=nu-83 start ===
=== sample 83 returncode=0 end ===
/home/ubuntu/miniconda3/envs/lzz-agent/lib/python3.11/site-packages/langchain/__init__.py:29: UserWarning: Importing Wikipedia from langchain root module is no longer supported. Please use langchain.docstore.Wikipedia instead.
  warnings.warn(
/home/ubuntu/miniconda3/envs/lzz-agent/lib/python3.11/site-packages/langchain_core/_api/deprecation.py:119: LangChainDeprecationWarning: The class `DocstoreExplorer` was deprecated in LangChain 0.1.0 and will be removed in 0.3.0
  warn_deprecated(
==============current step===========
Thought 1: I need to find the team listed immediately after Widnes Vikings in the table. The table is ordered sequentially, so I should retrieve the team that follows Widnes Vikings in the list.
Action 1: Retrieve[retrieve the team listed after Widnes Vikings in the table]
Observation 1: | Team | Stadium | Capacity | City/Area |
| Wigan Warriors (2014 season) | DW Stadium | 25,138 | Wigan, Greater Manchester |

==============current step===========
Thought 1: I need to find the team listed immediately after Widnes Vikings in the table. The table is ordered sequentially, so I should retrieve the team that follows Widnes Vikings in the list.
Action 1: Retrieve[retrieve the team listed after Widnes Vikings in the table]
Observation 1: | Team | Stadium | Capacity | City/Area |
| Wigan Warriors (2014 season) | DW Stadium | 25,138 | Wigan, Greater Manchester |
Thought 2: The question asks for the team listed immediately after Widnes Vikings. From the observation, the next team in the table is Wigan Warriors (2014 season).  
Action 2: Finish[Wigan Warriors (2014 season)]

Finished Trial 1, Correct: 0, Incorrect: 1, Halted: 0

=== sample 84 id=nu-84 start ===
=== sample 84 returncode=0 end ===
/home/ubuntu/miniconda3/envs/lzz-agent/lib/python3.11/site-packages/langchain/__init__.py:29: UserWarning: Importing Wikipedia from langchain root module is no longer supported. Please use langchain.docstore.Wikipedia instead.
  warnings.warn(
/home/ubuntu/miniconda3/envs/lzz-agent/lib/python3.11/site-packages/langchain_core/_api/deprecation.py:119: LangChainDeprecationWarning: The class `DocstoreExplorer` was deprecated in LangChain 0.1.0 and will be removed in 0.3.0
  warn_deprecated(
==============current step===========
Thought 1: I need to count the number of festivals listed in the table. Each row represents a unique festival, even if some have multiple dates. The task is to determine how many distinct festivals the film was shown at.
Action 1: Retrieve[retrieve all festival names from the table]
Observation 1: | Festival |
| Santa Barbara International Film Festival |
| Seattle International Film Festival |
| Fantasia Festival |
| Athens International Film Festival |
| Lund International Fantastic Film Festival |
| Fantastic Fest |
| London Int. Festival of Science Fiction Film |
| Sitges Film Festival |
| Gwacheon International SF Festival |
| Icon TLV |
| Toronto After Dark |
| Les Utopiales |
| Indonesia Fantastic Film Festival |
| AFF |

==============current step===========
Thought 1: I need to count the number of festivals listed in the table. Each row represents a unique festival, even if some have multiple dates. The task is to determine how many distinct festivals the film was shown at.
Action 1: Retrieve[retrieve all festival names from the table]
Observation 1: | Festival |
| Santa Barbara International Film Festival |
| Seattle International Film Festival |
| Fantasia Festival |
| Athens International Film Festival |
| Lund International Fantastic Film Festival |
| Fantastic Fest |
| London Int. Festival of Science Fiction Film |
| Sitges Film Festival |
| Gwacheon International SF Festival |
| Icon TLV |
| Toronto After Dark |
| Les Utopiales |
| Indonesia Fantastic Film Festival |
| AFF |
Thought 2: The retrieved list contains 14 distinct festival names. The question asks for the total number of festivals the film was shown at, so the answer is 14.  
Action 2: Finish[14]

Finished Trial 1, Correct: 1, Incorrect: 0, Halted: 0

=== sample 85 id=nu-85 start ===
=== sample 85 returncode=0 end ===
/home/ubuntu/miniconda3/envs/lzz-agent/lib/python3.11/site-packages/langchain/__init__.py:29: UserWarning: Importing Wikipedia from langchain root module is no longer supported. Please use langchain.docstore.Wikipedia instead.
  warnings.warn(
/home/ubuntu/miniconda3/envs/lzz-agent/lib/python3.11/site-packages/langchain_core/_api/deprecation.py:119: LangChainDeprecationWarning: The class `DocstoreExplorer` was deprecated in LangChain 0.1.0 and will be removed in 0.3.0
  warn_deprecated(
==============current step===========
Thought 1: I need to find the number of drivers who completed exactly 80 laps. This requires retrieving all rows where the "Laps" column is 80 and then counting them.  
Action 1: Retrieve[retrieve all rows where Laps = 80]  
Observation 1: | Pos | No | Driver | Constructor | Laps | Time/Retired | Grid | Points |  
| 1 | 11 | Jackie Stewart | Tyrrell-Ford | 80 | 1:52:21.3 | 1 | 9 |  
| 2 | 17 | Ronnie Peterson | March-Ford | 80 | + 25.6 | 6 | 6 |  
| 3 | 4 | Jacky Ickx | Ferrari | 80 | + 53.3 | 2 | 4 |  
| 4 | 9 | Denny Hulme | McLaren-Ford | 80 | + 1:06.7 | 8 | 3 |  

==============current step===========
Thought 1: I need to find the number of drivers who completed exactly 80 laps. This requires retrieving all rows where the "Laps" column is 80 and then counting them.  
Action 1: Retrieve[retrieve all rows where Laps = 80]  
Observation 1: | Pos | No | Driver | Constructor | Laps | Time/Retired | Grid | Points |  
| 1 | 11 | Jackie Stewart | Tyrrell-Ford | 80 | 1:52:21.3 | 1 | 9 |  
| 2 | 17 | Ronnie Peterson | March-Ford | 80 | + 25.6 | 6 | 6 |  
| 3 | 4 | Jacky Ickx | Ferrari | 80 | + 53.3 | 2 | 4 |  
| 4 | 9 | Denny Hulme | McLaren-Ford | 80 | + 1:06.7 | 8 | 3 |  
Thought 2: The retrieved table shows 4 drivers (Jackie Stewart, Ronnie Peterson, Jacky Ickx, Denny Hulme) who completed 80 laps. The count is 4.  
Action 2: Finish[4]

Finished Trial 1, Correct: 1, Incorrect: 0, Halted: 0

=== sample 86 id=nu-86 start ===
=== sample 86 returncode=0 end ===
/home/ubuntu/miniconda3/envs/lzz-agent/lib/python3.11/site-packages/langchain/__init__.py:29: UserWarning: Importing Wikipedia from langchain root module is no longer supported. Please use langchain.docstore.Wikipedia instead.
  warnings.warn(
/home/ubuntu/miniconda3/envs/lzz-agent/lib/python3.11/site-packages/langchain_core/_api/deprecation.py:119: LangChainDeprecationWarning: The class `DocstoreExplorer` was deprecated in LangChain 0.1.0 and will be removed in 0.3.0
  warn_deprecated(
==============current step===========
Thought 1: I need to identify the first five-year period where "Deaths per year" exceeds 100,000. I'll check each row sequentially from the earliest period onward.  
Action 1: Retrieve[retrieve all "Deaths per year" values and their corresponding periods]  
Observation 1: | Period | Deaths per year |
| 1950-1955 | 66 000 |
| 1955-1960 | 76 000 |
| 1960-1965 | 89 000 |
| 1965-1970 | 105 000 |
| 1970-1975 | 121 000 |
| 1975-1980 | 138 000 |
| 1980-1985 | 157 000 |
| 1985-1990 | 179 000 |
| 1990-1995 | 192 000 |
| 1995-2000 | 194 000 |
| 2000-2005 | 194 000 |
| 2005-2010 | 196 000 |

==============current step===========
Thought 1: I need to identify the first five-year period where "Deaths per year" exceeds 100,000. I'll check each row sequentially from the earliest period onward.  
Action 1: Retrieve[retrieve all "Deaths per year" values and their corresponding periods]  
Observation 1: | Period | Deaths per year |
| 1950-1955 | 66 000 |
| 1955-1960 | 76 000 |
| 1960-1965 | 89 000 |
| 1965-1970 | 105 000 |
| 1970-1975 | 121 000 |
| 1975-1980 | 138 000 |
| 1980-1985 | 157 000 |
| 1985-1990 | 179 000 |
| 1990-1995 | 192 000 |
| 1995-2000 | 194 000 |
| 2000-2005 | 194 000 |
| 2005-2010 | 196 000 |
Thought 2: The first period with "Deaths per year" exceeding 100,000 is **1965-1970** (105,000 deaths).  
Action 2: Finish[1965-1970]

Finished Trial 1, Correct: 1, Incorrect: 0, Halted: 0

=== sample 87 id=nu-87 start ===
=== sample 87 returncode=0 end ===
/home/ubuntu/miniconda3/envs/lzz-agent/lib/python3.11/site-packages/langchain/__init__.py:29: UserWarning: Importing Wikipedia from langchain root module is no longer supported. Please use langchain.docstore.Wikipedia instead.
  warnings.warn(
/home/ubuntu/miniconda3/envs/lzz-agent/lib/python3.11/site-packages/langchain_core/_api/deprecation.py:119: LangChainDeprecationWarning: The class `DocstoreExplorer` was deprecated in LangChain 0.1.0 and will be removed in 0.3.0
  warn_deprecated(
==============current step===========
Thought 1: I need to retrieve the country associated with the Kremlin Cup and St. Petersburg Open tournaments. The tournaments are listed in the "Tournament" column with their respective countries mentioned.
Action 1: Retrieve[retrieve rows where Tournament is "Kremlin Cup, Russia" or "St. Petersburg Open, Russia"]
Observation 1: | Outcome | No. | Date | Tournament | Surface | Opponent | Score |
| Runner-up | 1.0 | 25 October 2009 | Kremlin Cup, Russia | Hard (i) | Mikhail Youzhny | 7–6(7–5), 0–6, 4–6 |
| Winner | 2.0 | 23 October 2011 | Kremlin Cup, Russia | Hard (i) | Viktor Troicki | 6–4, 6–2 |
| Runner-up | 5.0 | 30 October 2011 | St. Petersburg Open, Russia | Hard (i) | Marin Čilić | 3–6, 6–3, 2–6 |

==============current step===========
Thought 1: I need to retrieve the country associated with the Kremlin Cup and St. Petersburg Open tournaments. The tournaments are listed in the "Tournament" column with their respective countries mentioned.
Action 1: Retrieve[retrieve rows where Tournament is "Kremlin Cup, Russia" or "St. Petersburg Open, Russia"]
Observation 1: | Outcome | No. | Date | Tournament | Surface | Opponent | Score |
| Runner-up | 1.0 | 25 October 2009 | Kremlin Cup, Russia | Hard (i) | Mikhail Youzhny | 7–6(7–5), 0–6, 4–6 |
| Winner | 2.0 | 23 October 2011 | Kremlin Cup, Russia | Hard (i) | Viktor Troicki | 6–4, 6–2 |
| Runner-up | 5.0 | 30 October 2011 | St. Petersburg Open, Russia | Hard (i) | Marin Čilić | 3–6, 6–3, 2–6 |
Thought 2: Both tournaments listed in the retrieved rows have "Russia" specified in their names. The answer is Russia.  
Action 2: Finish[Russia]

Finished Trial 1, Correct: 1, Incorrect: 0, Halted: 0

=== sample 88 id=nu-88 start ===
=== sample 88 returncode=0 end ===
/home/ubuntu/miniconda3/envs/lzz-agent/lib/python3.11/site-packages/langchain/__init__.py:29: UserWarning: Importing Wikipedia from langchain root module is no longer supported. Please use langchain.docstore.Wikipedia instead.
  warnings.warn(
/home/ubuntu/miniconda3/envs/lzz-agent/lib/python3.11/site-packages/langchain_core/_api/deprecation.py:119: LangChainDeprecationWarning: The class `DocstoreExplorer` was deprecated in LangChain 0.1.0 and will be removed in 0.3.0
  warn_deprecated(
==============current step===========
Thought 1: I need to retrieve the number of gold medals for Australia (AUS) and Switzerland (SUI) from the table.  
Action 1: Retrieve[retrieve the Gold medals for Australia (AUS) and Switzerland (SUI)]  
Observation 1: | Nation | Gold |
| Australia (AUS) | 2.0 |
| Switzerland (SUI) | 0.0 |

==============current step===========
Thought 1: I need to retrieve the number of gold medals for Australia (AUS) and Switzerland (SUI) from the table.  
Action 1: Retrieve[retrieve the Gold medals for Australia (AUS) and Switzerland (SUI)]  
Observation 1: | Nation | Gold |
| Australia (AUS) | 2.0 |
| Switzerland (SUI) | 0.0 |
Thought 2: Now that I have retrieved the gold medals for Australia (2) and Switzerland (0), I need to calculate their total.  
Action 2: Calculate[sum the Gold medals of Australia and Switzerland]  
Observation 2: 2.0

==============current step===========
Thought 1: I need to retrieve the number of gold medals for Australia (AUS) and Switzerland (SUI) from the table.  
Action 1: Retrieve[retrieve the Gold medals for Australia (AUS) and Switzerland (SUI)]  
Observation 1: | Nation | Gold |
| Australia (AUS) | 2.0 |
| Switzerland (SUI) | 0.0 |
Thought 2: Now that I have retrieved the gold medals for Australia (2) and Switzerland (0), I need to calculate their total.  
Action 2: Calculate[sum the Gold medals of Australia and Switzerland]  
Observation 2: 2.0
Thought 3: The total number of gold medals for Australia and Switzerland is the sum of their individual gold medals, which is 2 (Australia) + 0 (Switzerland) = 2.  
Action 3: Finish[2]

Finished Trial 1, Correct: 1, Incorrect: 0, Halted: 0

=== sample 89 id=nu-89 start ===
=== sample 89 returncode=0 end ===
/home/ubuntu/miniconda3/envs/lzz-agent/lib/python3.11/site-packages/langchain/__init__.py:29: UserWarning: Importing Wikipedia from langchain root module is no longer supported. Please use langchain.docstore.Wikipedia instead.
  warnings.warn(
/home/ubuntu/miniconda3/envs/lzz-agent/lib/python3.11/site-packages/langchain_core/_api/deprecation.py:119: LangChainDeprecationWarning: The class `DocstoreExplorer` was deprecated in LangChain 0.1.0 and will be removed in 0.3.0
  warn_deprecated(
==============current step===========
Thought 1: I need to retrieve the inner diameters from the table and count how many are above 50 mm.  
Action 1: Retrieve[retrieve all Inner diameter [mm (in)] values from the table]  
Observation 1: | Inner diameter [mm (in)] |  
| 11.28 (0.444) |  
| 13.86 (0.546) |  
| 17.26 (0.680) |  
| 19.06 (0.750) |  
| 21.16 (0.833) |  
| 26.78 (1.054) |  
| 35.48 (1.397) |  
| 45.48 (1.791) |  
| 52.48 (2.066) |  
| 57.78 (2.275) |  

==============current step===========
Thought 1: I need to retrieve the inner diameters from the table and count how many are above 50 mm.  
Action 1: Retrieve[retrieve all Inner diameter [mm (in)] values from the table]  
Observation 1: | Inner diameter [mm (in)] |  
| 11.28 (0.444) |  
| 13.86 (0.546) |  
| 17.26 (0.680) |  
| 19.06 (0.750) |  
| 21.16 (0.833) |  
| 26.78 (1.054) |  
| 35.48 (1.397) |  
| 45.48 (1.791) |  
| 52.48 (2.066) |  
| 57.78 (2.275) |  
Thought 2: Now, I need to count how many inner diameters in the retrieved list are greater than 50 mm.  
Action 2: Calculate[count the number of inner diameters > 50 mm in the list]  
Observation 2: 2

==============current step===========
Thought 1: I need to retrieve the inner diameters from the table and count how many are above 50 mm.  
Action 1: Retrieve[retrieve all Inner diameter [mm (in)] values from the table]  
Observation 1: | Inner diameter [mm (in)] |  
| 11.28 (0.444) |  
| 13.86 (0.546) |  
| 17.26 (0.680) |  
| 19.06 (0.750) |  
| 21.16 (0.833) |  
| 26.78 (1.054) |  
| 35.48 (1.397) |  
| 45.48 (1.791) |  
| 52.48 (2.066) |  
| 57.78 (2.275) |  
Thought 2: Now, I need to count how many inner diameters in the retrieved list are greater than 50 mm.  
Action 2: Calculate[count the number of inner diameters > 50 mm in the list]  
Observation 2: 2
Thought 3: The count of inner diameters exceeding 50 mm is 2, corresponding to PG42 (52.48 mm) and PG48 (57.78 mm).  
Action 3: Finish[2]

Finished Trial 1, Correct: 1, Incorrect: 0, Halted: 0

=== sample 90 id=nu-90 start ===
=== sample 90 returncode=0 end ===
/home/ubuntu/miniconda3/envs/lzz-agent/lib/python3.11/site-packages/langchain/__init__.py:29: UserWarning: Importing Wikipedia from langchain root module is no longer supported. Please use langchain.docstore.Wikipedia instead.
  warnings.warn(
/home/ubuntu/miniconda3/envs/lzz-agent/lib/python3.11/site-packages/langchain_core/_api/deprecation.py:119: LangChainDeprecationWarning: The class `DocstoreExplorer` was deprecated in LangChain 0.1.0 and will be removed in 0.3.0
  warn_deprecated(
==============current step===========
Thought 1: To determine which country has the larger number of circuits, I need to identify the country for each circuit listed in the table and count the occurrences. The "Circuit" column contains location names, but their countries are not explicitly stated. I will need to map each circuit to its country and tally them.
Action 1: Retrieve[retrieve all circuits from the table]  
Observation 1: | Circuit |
| Sears Point |
| Westwood |
| Portland |
| Mont-Tremblant |
| Watkins Glen‡ |
| Brainerd |
| Mosport |
| Road America |
| Laguna Seca |
| Mexico City |

==============current step===========
Thought 1: To determine which country has the larger number of circuits, I need to identify the country for each circuit listed in the table and count the occurrences. The "Circuit" column contains location names, but their countries are not explicitly stated. I will need to map each circuit to its country and tally them.
Action 1: Retrieve[retrieve all circuits from the table]  
Observation 1: | Circuit |
| Sears Point |
| Westwood |
| Portland |
| Mont-Tremblant |
| Watkins Glen‡ |
| Brainerd |
| Mosport |
| Road America |
| Laguna Seca |
| Mexico City |
Thought 2: Now that I have the list of circuits, I need to determine the country for each circuit. Since the countries are not explicitly listed, I must infer them based on the circuit names. For example, "Mexico City" is in Mexico, "Mont-Tremblant" is in Canada, and the rest appear to be in the United States. I will verify this by mapping each circuit to its country.  
Action 2: Search[Mexico City]  
Observation 2: Mexico City is the capital and  largest city of Mexico, as well as the most populous city in North America. It is one of the world's leading cultural and financial centers and, according to the Globalization and World Cities Research Network's 2024 ranking, is classified as an Alpha world city. Located in the Valley of Mexico on the high Mexican Central Plateau, the city sits at an altitude of 2,240 meters (7,350 feet). It is divided into 16 boroughs, or alcaldías, which are further subdivided into neighborhoods, or colonias.
According to the 2020 census, Mexico City proper had a population of 9,209,944 and a land area of 1,495 square kilometers (577 square miles), making it Mexico's primate city and the second-largest Spanish-speaking city proper in the world after Lima. Under the most recent definition agreed upon by the federal and state governments, Greater Mexico City had a population of 21,804,515, making it the world's 15th-largest metropolitan area and the second-largest urban agglomeration in the Western Hemisphere, after São Paulo. In 2011, Greater Mexico City had a GDP of $411 billion, making it one of the world's most productive urban areas. The city accounted for 15.8% of Mexico's GDP, while the metropolitan area accounted for about 22%. If it were an independent country in 2013, Mexico City would have been the fifth-largest economy in Latin America.
Mexico City is the oldest capital city in the Americas and one of only two founded by Indigenous peoples. It began as Tenochtitlan, a Mexica city built around 1325 on islands in Lake Texcoco. After the 1521 siege of Tenochtitlan, it was nearly destroyed and then rebuilt according to Spanish urban standards. In 1524, the municipality of Mexico City was established as México Tenochtitlán, and from 1585 onward it was officially known as Ciudad de México. During the Spanish colonial period, the city was a major political, administrative, and financial center. After Mexico became independent, the territory surrounding the city was organized in 1824 as the country's new and only federal district (Spanish: Distrito Federal or DF).
After years of demands for greater political autonomy, residents won the right to elect both the head of government and the members of the unicameral Legislative Assembly in 1997. Since then, left-wing parties, first the Party of the Democratic Revolution and later Morena, have controlled both offices. The city has also adopted several progressive policies, including legal abortion, a limited form of euthanasia, no-fault divorce, same-sex marriage, and legal gender change. On 29 January 2016, the Federal District was officially renamed Ciudad de México, or CDMX. These reforms granted the city greater autonomy and changed aspects of its government and political structure, though a constitutional clause still prevents it from becoming a state while it remains Mexico's capital.

==============current step===========
Thought 1: To determine which country has the larger number of circuits, I need to identify the country for each circuit listed in the table and count the occurrences. The "Circuit" column contains location names, but their countries are not explicitly stated. I will need to map each circuit to its country and tally them.
Action 1: Retrieve[retrieve all circuits from the table]  
Observation 1: | Circuit |
| Sears Point |
| Westwood |
| Portland |
| Mont-Tremblant |
| Watkins Glen‡ |
| Brainerd |
| Mosport |
| Road America |
| Laguna Seca |
| Mexico City |
Thought 2: Now that I have the list of circuits, I need to determine the country for each circuit. Since the countries are not explicitly listed, I must infer them based on the circuit names. For example, "Mexico City" is in Mexico, "Mont-Tremblant" is in Canada, and the rest appear to be in the United States. I will verify this by mapping each circuit to its country.  
Action 2: Search[Mexico City]  
Observation 2: Mexico City is the capital and  largest city of Mexico, as well as the most populous city in North America. It is one of the world's leading cultural and financial centers and, according to the Globalization and World Cities Research Network's 2024 ranking, is classified as an Alpha world city. Located in the Valley of Mexico on the high Mexican Central Plateau, the city sits at an altitude of 2,240 meters (7,350 feet). It is divided into 16 boroughs, or alcaldías, which are further subdivided into neighborhoods, or colonias.
According to the 2020 census, Mexico City proper had a population of 9,209,944 and a land area of 1,495 square kilometers (577 square miles), making it Mexico's primate city and the second-largest Spanish-speaking city proper in the world after Lima. Under the most recent definition agreed upon by the federal and state governments, Greater Mexico City had a population of 21,804,515, making it the world's 15th-largest metropolitan area and the second-largest urban agglomeration in the Western Hemisphere, after São Paulo. In 2011, Greater Mexico City had a GDP of $411 billion, making it one of the world's most productive urban areas. The city accounted for 15.8% of Mexico's GDP, while the metropolitan area accounted for about 22%. If it were an independent country in 2013, Mexico City would have been the fifth-largest economy in Latin America.
Mexico City is the oldest capital city in the Americas and one of only two founded by Indigenous peoples. It began as Tenochtitlan, a Mexica city built around 1325 on islands in Lake Texcoco. After the 1521 siege of Tenochtitlan, it was nearly destroyed and then rebuilt according to Spanish urban standards. In 1524, the municipality of Mexico City was established as México Tenochtitlán, and from 1585 onward it was officially known as Ciudad de México. During the Spanish colonial period, the city was a major political, administrative, and financial center. After Mexico became independent, the territory surrounding the city was organized in 1824 as the country's new and only federal district (Spanish: Distrito Federal or DF).
After years of demands for greater political autonomy, residents won the right to elect both the head of government and the members of the unicameral Legislative Assembly in 1997. Since then, left-wing parties, first the Party of the Democratic Revolution and later Morena, have controlled both offices. The city has also adopted several progressive policies, including legal abortion, a limited form of euthanasia, no-fault divorce, same-sex marriage, and legal gender change. On 29 January 2016, the Federal District was officially renamed Ciudad de México, or CDMX. These reforms granted the city greater autonomy and changed aspects of its government and political structure, though a constitutional clause still prevents it from becoming a state while it remains Mexico's capital.
Thought 3: The circuits in the table are distributed as follows: Mexico City (Mexico), Mont-Tremblant (Canada), and the remaining 8 circuits (Sears Point, Westwood, Portland, Watkins Glen, Brainerd, Mosport, Road America, Laguna Seca) are in the United States. Counting these, the US has 8 circuits, Mexico has 1, and Canada has 1. The country with the larger number of circuits is the United States.  
Action 3: Finish[United States]

Finished Trial 1, Correct: 0, Incorrect: 1, Halted: 0

=== sample 91 id=nu-91 start ===
=== sample 91 returncode=0 end ===
/home/ubuntu/miniconda3/envs/lzz-agent/lib/python3.11/site-packages/langchain/__init__.py:29: UserWarning: Importing Wikipedia from langchain root module is no longer supported. Please use langchain.docstore.Wikipedia instead.
  warnings.warn(
/home/ubuntu/miniconda3/envs/lzz-agent/lib/python3.11/site-packages/langchain_core/_api/deprecation.py:119: LangChainDeprecationWarning: The class `DocstoreExplorer` was deprecated in LangChain 0.1.0 and will be removed in 0.3.0
  warn_deprecated(
==============current step===========
Thought 1: I need to retrieve the gold medal counts for Brazil and the United States to determine if they are the highest.  
Action 1: Retrieve[retrieve the Gold values for Brazil and United States]  
Observation 1: | Nation | Gold |
| Brazil | 21.0 |
| United States | 9.0 |

==============current step===========
Thought 1: I need to retrieve the gold medal counts for Brazil and the United States to determine if they are the highest.  
Action 1: Retrieve[retrieve the Gold values for Brazil and United States]  
Observation 1: | Nation | Gold |
| Brazil | 21.0 |
| United States | 9.0 |
Thought 2: Brazil has 21 gold medals, which is the highest in the table. The United States has 9 gold medals, which is not the highest. Therefore, only Brazil had the highest gold count, not both Brazil and the United States.  
Action 2: Finish[No, only Brazil had the highest gold count with 21 medals. The United States had 9 gold medals, which is not the highest.]

Finished Trial 1, Correct: 0, Incorrect: 1, Halted: 0

=== sample 92 id=nu-92 start ===
=== sample 92 returncode=0 end ===
/home/ubuntu/miniconda3/envs/lzz-agent/lib/python3.11/site-packages/langchain/__init__.py:29: UserWarning: Importing Wikipedia from langchain root module is no longer supported. Please use langchain.docstore.Wikipedia instead.
  warnings.warn(
/home/ubuntu/miniconda3/envs/lzz-agent/lib/python3.11/site-packages/langchain_core/_api/deprecation.py:119: LangChainDeprecationWarning: The class `DocstoreExplorer` was deprecated in LangChain 0.1.0 and will be removed in 0.3.0
  warn_deprecated(
==============current step===========
Thought 1: I need to determine the year with the highest number of laps led. The "Led" column indicates laps led each year. I should retrieve all "Year" and "Led" values to identify the maximum.
Action 1: Retrieve[retrieve Year and Led columns]
Observation 1: | Year | Led |
| 1926 | 0 |
| 1927 | 0 |
| 1928 | 33 |
| 1929 | 0 |
| 1930 | 0 |
| 1931 | 0 |
| 1932 | 0 |
| 1933 | 0 |
| 1934 | 0 |
| 1935 | 0 |
| 1937 | 0 |
| 1938 | 0 |
| 1939 | 0 |
| Totals | 33 |

==============current step===========
Thought 1: I need to determine the year with the highest number of laps led. The "Led" column indicates laps led each year. I should retrieve all "Year" and "Led" values to identify the maximum.
Action 1: Retrieve[retrieve Year and Led columns]
Observation 1: | Year | Led |
| 1926 | 0 |
| 1927 | 0 |
| 1928 | 33 |
| 1929 | 0 |
| 1930 | 0 |
| 1931 | 0 |
| 1932 | 0 |
| 1933 | 0 |
| 1934 | 0 |
| 1935 | 0 |
| 1937 | 0 |
| 1938 | 0 |
| 1939 | 0 |
| Totals | 33 |
Thought 2: The highest number of laps led is 33 in 1928. No other year has a higher value in the "Led" column.  
Action 2: Finish[1928]

Finished Trial 1, Correct: 1, Incorrect: 0, Halted: 0

=== sample 93 id=nu-93 start ===
=== sample 93 returncode=0 end ===
/home/ubuntu/miniconda3/envs/lzz-agent/lib/python3.11/site-packages/langchain/__init__.py:29: UserWarning: Importing Wikipedia from langchain root module is no longer supported. Please use langchain.docstore.Wikipedia instead.
  warnings.warn(
/home/ubuntu/miniconda3/envs/lzz-agent/lib/python3.11/site-packages/langchain_core/_api/deprecation.py:119: LangChainDeprecationWarning: The class `DocstoreExplorer` was deprecated in LangChain 0.1.0 and will be removed in 0.3.0
  warn_deprecated(
==============current step===========
Thought 1: I need to count the number of games played after October 1st. First, I will retrieve all rows where the Date is after October 1st.
Action 1: Retrieve[retrieve all rows where Date is after October 1st]
Observation 1: | Date | Team | Competition | Round | Leg | Opponent | Location | Score |
| October 4 | Anderlecht | UEFA Cup | Round 1 | Leg 2, Away | Rapid Wien | Gerhard Hanappi Stadium, Vienna | 1-0 |
| October 4 | Club Brugge | UEFA Cup | Round 1 | Leg 2, Home | Brann | Jan Breydel Stadium, Bruges | 1-2 |
| October 4 | Standard Liège | UEFA Cup | Round 1 | Leg 2, Home | Zenit St. Petersburg | Stade Maurice Dufrasne, Liège | 1-1 |
| October 25 | Anderlecht | UEFA Cup | Group Stage | Match 1, Home | Hapoel Tel Aviv | Constant Vanden Stock Stadium, Anderlecht | 2-0 |
| November 8 | Anderlecht | UEFA Cup | Group Stage | Match 2, Away | Aalborg | Energi Nord Arena, Aalborg | 1-1 |
| December 6 | Anderlecht | UEFA Cup | Group Stage | Match 3, Home | Tottenham Hotspur | Constant Vanden Stock Stadium, Anderlecht | 1-1 |
| December 19 | Anderlecht | UEFA Cup | Group Stage | Match 4, Away | Getafe | Coliseum Alfonso Pérez, Getafe | 1-2 |
| February 13 | Anderlecht | UEFA Cup | Round of 32 | Leg 1, Home | Bordeaux | Constant Vanden Stock Stadium, Anderlecht | 2-1 |
| February 21 | Anderlecht | UEFA Cup | Round of 32 | Leg 2, Away | Bordeaux | Stade Chaban-Delmas, Bordeaux | 1-1 |
| March 6 | Anderlecht | UEFA Cup | Round of 16 | Leg 1, Home | Bayern Munich | Constant Vanden Stock Stadium, Anderlecht | 0-5 |
| March 12 | Anderlecht | UEFA Cup | Round of 16 | Leg 2, Away | Bayern Munich | Allianz Arena, Munich | 2-1 |

==============current step===========
Thought 1: I need to count the number of games played after October 1st. First, I will retrieve all rows where the Date is after October 1st.
Action 1: Retrieve[retrieve all rows where Date is after October 1st]
Observation 1: | Date | Team | Competition | Round | Leg | Opponent | Location | Score |
| October 4 | Anderlecht | UEFA Cup | Round 1 | Leg 2, Away | Rapid Wien | Gerhard Hanappi Stadium, Vienna | 1-0 |
| October 4 | Club Brugge | UEFA Cup | Round 1 | Leg 2, Home | Brann | Jan Breydel Stadium, Bruges | 1-2 |
| October 4 | Standard Liège | UEFA Cup | Round 1 | Leg 2, Home | Zenit St. Petersburg | Stade Maurice Dufrasne, Liège | 1-1 |
| October 25 | Anderlecht | UEFA Cup | Group Stage | Match 1, Home | Hapoel Tel Aviv | Constant Vanden Stock Stadium, Anderlecht | 2-0 |
| November 8 | Anderlecht | UEFA Cup | Group Stage | Match 2, Away | Aalborg | Energi Nord Arena, Aalborg | 1-1 |
| December 6 | Anderlecht | UEFA Cup | Group Stage | Match 3, Home | Tottenham Hotspur | Constant Vanden Stock Stadium, Anderlecht | 1-1 |
| December 19 | Anderlecht | UEFA Cup | Group Stage | Match 4, Away | Getafe | Coliseum Alfonso Pérez, Getafe | 1-2 |
| February 13 | Anderlecht | UEFA Cup | Round of 32 | Leg 1, Home | Bordeaux | Constant Vanden Stock Stadium, Anderlecht | 2-1 |
| February 21 | Anderlecht | UEFA Cup | Round of 32 | Leg 2, Away | Bordeaux | Stade Chaban-Delmas, Bordeaux | 1-1 |
| March 6 | Anderlecht | UEFA Cup | Round of 16 | Leg 1, Home | Bayern Munich | Constant Vanden Stock Stadium, Anderlecht | 0-5 |
| March 12 | Anderlecht | UEFA Cup | Round of 16 | Leg 2, Away | Bayern Munich | Allianz Arena, Munich | 2-1 |
Thought 2: The retrieved table in observation 1 contains all games played after October 1st. I need to count the number of rows in this table to determine the total number of games.
Action 2: Calculate[count the number of rows in the table from observation 1]
Observation 2: 24

==============current step===========
Thought 1: I need to count the number of games played after October 1st. First, I will retrieve all rows where the Date is after October 1st.
Action 1: Retrieve[retrieve all rows where Date is after October 1st]
Observation 1: | Date | Team | Competition | Round | Leg | Opponent | Location | Score |
| October 4 | Anderlecht | UEFA Cup | Round 1 | Leg 2, Away | Rapid Wien | Gerhard Hanappi Stadium, Vienna | 1-0 |
| October 4 | Club Brugge | UEFA Cup | Round 1 | Leg 2, Home | Brann | Jan Breydel Stadium, Bruges | 1-2 |
| October 4 | Standard Liège | UEFA Cup | Round 1 | Leg 2, Home | Zenit St. Petersburg | Stade Maurice Dufrasne, Liège | 1-1 |
| October 25 | Anderlecht | UEFA Cup | Group Stage | Match 1, Home | Hapoel Tel Aviv | Constant Vanden Stock Stadium, Anderlecht | 2-0 |
| November 8 | Anderlecht | UEFA Cup | Group Stage | Match 2, Away | Aalborg | Energi Nord Arena, Aalborg | 1-1 |
| December 6 | Anderlecht | UEFA Cup | Group Stage | Match 3, Home | Tottenham Hotspur | Constant Vanden Stock Stadium, Anderlecht | 1-1 |
| December 19 | Anderlecht | UEFA Cup | Group Stage | Match 4, Away | Getafe | Coliseum Alfonso Pérez, Getafe | 1-2 |
| February 13 | Anderlecht | UEFA Cup | Round of 32 | Leg 1, Home | Bordeaux | Constant Vanden Stock Stadium, Anderlecht | 2-1 |
| February 21 | Anderlecht | UEFA Cup | Round of 32 | Leg 2, Away | Bordeaux | Stade Chaban-Delmas, Bordeaux | 1-1 |
| March 6 | Anderlecht | UEFA Cup | Round of 16 | Leg 1, Home | Bayern Munich | Constant Vanden Stock Stadium, Anderlecht | 0-5 |
| March 12 | Anderlecht | UEFA Cup | Round of 16 | Leg 2, Away | Bayern Munich | Allianz Arena, Munich | 2-1 |
Thought 2: The retrieved table in observation 1 contains all games played after October 1st. I need to count the number of rows in this table to determine the total number of games.
Action 2: Calculate[count the number of rows in the table from observation 1]
Observation 2: 24
Thought 3: The retrieved table in observation 1 contains 11 rows, each representing a game played after October 1st. The total number of games is 11.
Action 3: Finish[11]

Finished Trial 1, Correct: 1, Incorrect: 0, Halted: 0

=== sample 94 id=nu-94 start ===
=== sample 94 returncode=0 end ===
/home/ubuntu/miniconda3/envs/lzz-agent/lib/python3.11/site-packages/langchain/__init__.py:29: UserWarning: Importing Wikipedia from langchain root module is no longer supported. Please use langchain.docstore.Wikipedia instead.
  warnings.warn(
/home/ubuntu/miniconda3/envs/lzz-agent/lib/python3.11/site-packages/langchain_core/_api/deprecation.py:119: LangChainDeprecationWarning: The class `DocstoreExplorer` was deprecated in LangChain 0.1.0 and will be removed in 0.3.0
  warn_deprecated(
==============current step===========
Thought 1: I need to retrieve the number of wins for golfers from the United States. First, I'll identify all rows where the Country is "United States" and sum their Wins.
Action 1: Retrieve[retrieve all rows where Country is "United States"]
Observation 1: | Golfer | Country | Wins | Match Play | Championship | Invitational | Champions |
| Tiger Woods | United States | 18.0 | 3: 2003, 2004, 2008 | 7: 1999, 2002, 2003, 2005, 2006, 2007, 2013 | 8: 1999, 2000, 2001, 2005, 2006, 2007, 2009, 2013 | — |
| Hunter Mahan | United States | 2.0 | 1: 2012 | — | 1: 2010 | — |
| Phil Mickelson | United States | 2.0 | — | 1: 2009 | — | 1: 2009 |

==============current step===========
Thought 1: I need to retrieve the number of wins for golfers from the United States. First, I'll identify all rows where the Country is "United States" and sum their Wins.
Action 1: Retrieve[retrieve all rows where Country is "United States"]
Observation 1: | Golfer | Country | Wins | Match Play | Championship | Invitational | Champions |
| Tiger Woods | United States | 18.0 | 3: 2003, 2004, 2008 | 7: 1999, 2002, 2003, 2005, 2006, 2007, 2013 | 8: 1999, 2000, 2001, 2005, 2006, 2007, 2009, 2013 | — |
| Hunter Mahan | United States | 2.0 | 1: 2012 | — | 1: 2010 | — |
| Phil Mickelson | United States | 2.0 | — | 1: 2009 | — | 1: 2009 |
Thought 2: Now that I have the list of US golfers and their wins, I need to sum the "Wins" column for these rows. The values are 18, 2, and 2.  
Action 2: Calculate[sum 18 + 2 + 2]  
Observation 2: 22  

==============current step===========
Thought 1: I need to retrieve the number of wins for golfers from the United States. First, I'll identify all rows where the Country is "United States" and sum their Wins.
Action 1: Retrieve[retrieve all rows where Country is "United States"]
Observation 1: | Golfer | Country | Wins | Match Play | Championship | Invitational | Champions |
| Tiger Woods | United States | 18.0 | 3: 2003, 2004, 2008 | 7: 1999, 2002, 2003, 2005, 2006, 2007, 2013 | 8: 1999, 2000, 2001, 2005, 2006, 2007, 2009, 2013 | — |
| Hunter Mahan | United States | 2.0 | 1: 2012 | — | 1: 2010 | — |
| Phil Mickelson | United States | 2.0 | — | 1: 2009 | — | 1: 2009 |
Thought 2: Now that I have the list of US golfers and their wins, I need to sum the "Wins" column for these rows. The values are 18, 2, and 2.  
Action 2: Calculate[sum 18 + 2 + 2]  
Observation 2: 22  
Thought 3: The sum of the wins for the United States golfers is 22. This matches the calculation from observation 2.  
Action 3: Finish[22]

Finished Trial 1, Correct: 1, Incorrect: 0, Halted: 0

=== sample 95 id=nu-95 start ===
=== sample 95 returncode=0 end ===
/home/ubuntu/miniconda3/envs/lzz-agent/lib/python3.11/site-packages/langchain/__init__.py:29: UserWarning: Importing Wikipedia from langchain root module is no longer supported. Please use langchain.docstore.Wikipedia instead.
  warnings.warn(
/home/ubuntu/miniconda3/envs/lzz-agent/lib/python3.11/site-packages/langchain_core/_api/deprecation.py:119: LangChainDeprecationWarning: The class `DocstoreExplorer` was deprecated in LangChain 0.1.0 and will be removed in 0.3.0
  warn_deprecated(
==============current step===========
Thought 1: I need to retrieve the box office revenues for Italy and Brazil from the table.  
Action 1: Retrieve[retrieve the Box Office values for Italy and Brazil]  
Observation 1: | Country | Box Office |
| Italy | $0.84 billion |
| Brazil | $0.72 billion |

==============current step===========
Thought 1: I need to retrieve the box office revenues for Italy and Brazil from the table.  
Action 1: Retrieve[retrieve the Box Office values for Italy and Brazil]  
Observation 1: | Country | Box Office |
| Italy | $0.84 billion |
| Brazil | $0.72 billion |
Thought 2: Now I need to calculate the sum of Italy's and Brazil's box office revenues.  
Action 2: Calculate[sum $0.84 billion and $0.72 billion]  
Observation 2: $1.56 billion  

==============current step===========
Thought 1: I need to retrieve the box office revenues for Italy and Brazil from the table.  
Action 1: Retrieve[retrieve the Box Office values for Italy and Brazil]  
Observation 1: | Country | Box Office |
| Italy | $0.84 billion |
| Brazil | $0.72 billion |
Thought 2: Now I need to calculate the sum of Italy's and Brazil's box office revenues.  
Action 2: Calculate[sum $0.84 billion and $0.72 billion]  
Observation 2: $1.56 billion  
Thought 3: The combined box office revenue of Italy and Brazil is the sum of their individual revenues, which is $1.56 billion. This matches the calculation result.  
Action 3: Finish[$1.56 billion]

Finished Trial 1, Correct: 1, Incorrect: 0, Halted: 0

=== sample 96 id=nu-96 start ===
=== sample 96 returncode=0 end ===
/home/ubuntu/miniconda3/envs/lzz-agent/lib/python3.11/site-packages/langchain/__init__.py:29: UserWarning: Importing Wikipedia from langchain root module is no longer supported. Please use langchain.docstore.Wikipedia instead.
  warnings.warn(
/home/ubuntu/miniconda3/envs/lzz-agent/lib/python3.11/site-packages/langchain_core/_api/deprecation.py:119: LangChainDeprecationWarning: The class `DocstoreExplorer` was deprecated in LangChain 0.1.0 and will be removed in 0.3.0
  warn_deprecated(
==============current step===========
Thought 1: I need to retrieve the closure date of the restaurant "Verre at the Hilton Dubai Creek" from the table.
Action 1: Retrieve[retrieve the Date Closed for "Verre at the Hilton Dubai Creek"]
Observation 1: | Date Closed |
| October 2011 |

==============current step===========
Thought 1: I need to retrieve the closure date of the restaurant "Verre at the Hilton Dubai Creek" from the table.
Action 1: Retrieve[retrieve the Date Closed for "Verre at the Hilton Dubai Creek"]
Observation 1: | Date Closed |
| October 2011 |
Thought 2: The question asks for the closure date of "Verre at the Hilton Dubai Creek". The answer is directly retrieved in Observation 1 as October 2011.  
Action 2: Finish[October 2011]

Finished Trial 1, Correct: 1, Incorrect: 0, Halted: 0

=== sample 97 id=nu-97 start ===
=== sample 97 returncode=0 end ===
/home/ubuntu/miniconda3/envs/lzz-agent/lib/python3.11/site-packages/langchain/__init__.py:29: UserWarning: Importing Wikipedia from langchain root module is no longer supported. Please use langchain.docstore.Wikipedia instead.
  warnings.warn(
/home/ubuntu/miniconda3/envs/lzz-agent/lib/python3.11/site-packages/langchain_core/_api/deprecation.py:119: LangChainDeprecationWarning: The class `DocstoreExplorer` was deprecated in LangChain 0.1.0 and will be removed in 0.3.0
  warn_deprecated(
==============current step===========
Thought 1: I need to find Danny Osborne's position in the table and identify the driver in the next position. 
Action 1: Retrieve[retrieve the position of Danny Osborne and the driver in the next position]
Observation 1: | Position | Driver       |
| 6        | Danny Osborne|
| 7        | Mike Imrie   |

==============current step===========
Thought 1: I need to find Danny Osborne's position in the table and identify the driver in the next position. 
Action 1: Retrieve[retrieve the position of Danny Osborne and the driver in the next position]
Observation 1: | Position | Driver       |
| 6        | Danny Osborne|
| 7        | Mike Imrie   |
Thought 2: The driver immediately after Danny Osborne (position 6) is Mike Imrie in position 7.
Action 2: Finish[Mike Imrie]

Finished Trial 1, Correct: 1, Incorrect: 0, Halted: 0

=== sample 98 id=nu-98 start ===
=== sample 98 returncode=0 end ===
/home/ubuntu/miniconda3/envs/lzz-agent/lib/python3.11/site-packages/langchain/__init__.py:29: UserWarning: Importing Wikipedia from langchain root module is no longer supported. Please use langchain.docstore.Wikipedia instead.
  warnings.warn(
/home/ubuntu/miniconda3/envs/lzz-agent/lib/python3.11/site-packages/langchain_core/_api/deprecation.py:119: LangChainDeprecationWarning: The class `DocstoreExplorer` was deprecated in LangChain 0.1.0 and will be removed in 0.3.0
  warn_deprecated(
==============current step===========
Thought 1: I need to retrieve the location of Saint Anselm School from the table.
Action 1: Retrieve[retrieve the Location for Saint Anselm School]
Observation 1: | Location |
| Chester Township, Ohio |

==============current step===========
Thought 1: I need to retrieve the location of Saint Anselm School from the table.
Action 1: Retrieve[retrieve the Location for Saint Anselm School]
Observation 1: | Location |
| Chester Township, Ohio |
Thought 2: The question asks for the location of Saint Anselm School. The answer is directly retrieved as Chester Township, Ohio.  
Action 2: Finish[Chester Township, Ohio]

Finished Trial 1, Correct: 1, Incorrect: 0, Halted: 0

=== sample 99 id=nu-99 start ===
=== sample 99 returncode=0 end ===
/home/ubuntu/miniconda3/envs/lzz-agent/lib/python3.11/site-packages/langchain/__init__.py:29: UserWarning: Importing Wikipedia from langchain root module is no longer supported. Please use langchain.docstore.Wikipedia instead.
  warnings.warn(
/home/ubuntu/miniconda3/envs/lzz-agent/lib/python3.11/site-packages/langchain_core/_api/deprecation.py:119: LangChainDeprecationWarning: The class `DocstoreExplorer` was deprecated in LangChain 0.1.0 and will be removed in 0.3.0
  warn_deprecated(
==============current step===========
Thought 1: I need to find the player who shares the same jersey number as Greg Foster. First, retrieve Greg Foster's jersey number from the table.
Action 1: Retrieve[retrieve the "No." of Greg Foster]
Observation 1: | No. |
| 44.0 |

==============current step===========
Thought 1: I need to find the player who shares the same jersey number as Greg Foster. First, retrieve Greg Foster's jersey number from the table.
Action 1: Retrieve[retrieve the "No." of Greg Foster]
Observation 1: | No. |
| 44.0 |
Thought 2: Now that I know Greg Foster's jersey number is 44, I need to find another player in the table with the same number.  
Action 2: Retrieve[retrieve all players with "No." equal to 44]  
Observation 2: | Player | No. | Nationality | Position | Years for Jazz | School/Club Team |
| Kyrylo Fesenko | 44.0 | Ukraine | Center | 2007-11 | Cherkasy Monkeys (Ukraine) |
| Greg Foster | 44.0 | United States | Center/Forward | 1995-99 | UTEP |

==============current step===========
Thought 1: I need to find the player who shares the same jersey number as Greg Foster. First, retrieve Greg Foster's jersey number from the table.
Action 1: Retrieve[retrieve the "No." of Greg Foster]
Observation 1: | No. |
| 44.0 |
Thought 2: Now that I know Greg Foster's jersey number is 44, I need to find another player in the table with the same number.  
Action 2: Retrieve[retrieve all players with "No." equal to 44]  
Observation 2: | Player | No. | Nationality | Position | Years for Jazz | School/Club Team |
| Kyrylo Fesenko | 44.0 | Ukraine | Center | 2007-11 | Cherkasy Monkeys (Ukraine) |
| Greg Foster | 44.0 | United States | Center/Forward | 1995-99 | UTEP |
Thought 3: The question asks for the player sharing the same number as Greg Foster. Observation 2 shows that Kyrylo Fesenko also has the number 44.0. Therefore, the answer is Kyrylo Fesenko.  
Action 3: Finish[Kyrylo Fesenko]

Finished Trial 1, Correct: 1, Incorrect: 0, Halted: 0

=== sample 100 id=nu-100 start ===
=== sample 100 returncode=0 end ===
/home/ubuntu/miniconda3/envs/lzz-agent/lib/python3.11/site-packages/langchain/__init__.py:29: UserWarning: Importing Wikipedia from langchain root module is no longer supported. Please use langchain.docstore.Wikipedia instead.
  warnings.warn(
/home/ubuntu/miniconda3/envs/lzz-agent/lib/python3.11/site-packages/langchain_core/_api/deprecation.py:119: LangChainDeprecationWarning: The class `DocstoreExplorer` was deprecated in LangChain 0.1.0 and will be removed in 0.3.0
  warn_deprecated(
==============current step===========
Thought 1: I need to retrieve all singles released in 1964 and exclude "Th' Wife" to find the other single.  
Action 1: Retrieve[retrieve all Singles and their Years where Year is 1964]  
Observation 1: | Year | Single |  
| 1964 | Blue Train (Of the Heartbreak Line) |  
| 1964 | Th' Wife |  

==============current step===========
Thought 1: I need to retrieve all singles released in 1964 and exclude "Th' Wife" to find the other single.  
Action 1: Retrieve[retrieve all Singles and their Years where Year is 1964]  
Observation 1: | Year | Single |  
| 1964 | Blue Train (Of the Heartbreak Line) |  
| 1964 | Th' Wife |  
Thought 2: The question asks for the other single released in 1964 besides "Th' Wife". From observation 1, the 1964 singles are "Blue Train (Of the Heartbreak Line)" and "Th' Wife". Excluding "Th' Wife", the answer is "Blue Train (Of the Heartbreak Line)".
Action 2: Finish[Blue Train (Of the Heartbreak Line)]

Finished Trial 1, Correct: 1, Incorrect: 0, Halted: 0

=== sample 101 id=nu-101 start ===
=== sample 101 returncode=0 end ===
/home/ubuntu/miniconda3/envs/lzz-agent/lib/python3.11/site-packages/langchain/__init__.py:29: UserWarning: Importing Wikipedia from langchain root module is no longer supported. Please use langchain.docstore.Wikipedia instead.
  warnings.warn(
/home/ubuntu/miniconda3/envs/lzz-agent/lib/python3.11/site-packages/langchain_core/_api/deprecation.py:119: LangChainDeprecationWarning: The class `DocstoreExplorer` was deprecated in LangChain 0.1.0 and will be removed in 0.3.0
  warn_deprecated(
==============current step===========
Thought 1: I need to identify the contestant who was the first voted out. The "Finish" column indicates the elimination order. The first voted out would have "1st Voted Out" in their Finish field.  
Action 1: Retrieve[retrieve the contestant whose Finish is "1st Voted Out Day 3"]  

Finished Trial 1, Correct: 0, Incorrect: 1, Halted: 0

=== sample 102 id=nu-102 start ===
=== sample 102 returncode=0 end ===
/home/ubuntu/miniconda3/envs/lzz-agent/lib/python3.11/site-packages/langchain/__init__.py:29: UserWarning: Importing Wikipedia from langchain root module is no longer supported. Please use langchain.docstore.Wikipedia instead.
  warnings.warn(
/home/ubuntu/miniconda3/envs/lzz-agent/lib/python3.11/site-packages/langchain_core/_api/deprecation.py:119: LangChainDeprecationWarning: The class `DocstoreExplorer` was deprecated in LangChain 0.1.0 and will be removed in 0.3.0
  warn_deprecated(
==============current step===========
Thought 1: I need to find the circuit listed immediately before Portland in the table. Portland is in Round 3, so the preceding circuit is in Round 2.  
Action 1: Retrieve[retrieve the circuit from Round 2]  
Observation 1: | Circuit |
| Westwood |

==============current step===========
Thought 1: I need to find the circuit listed immediately before Portland in the table. Portland is in Round 3, so the preceding circuit is in Round 2.  
Action 1: Retrieve[retrieve the circuit from Round 2]  
Observation 1: | Circuit |
| Westwood |
Thought 2: The circuit listed before Portland (Round 3) is Westwood from Round 2. The answer is Westwood.  
Action 2: Finish[Westwood]

Finished Trial 1, Correct: 1, Incorrect: 0, Halted: 0

=== sample 103 id=nu-103 start ===
=== sample 103 returncode=0 end ===
/home/ubuntu/miniconda3/envs/lzz-agent/lib/python3.11/site-packages/langchain/__init__.py:29: UserWarning: Importing Wikipedia from langchain root module is no longer supported. Please use langchain.docstore.Wikipedia instead.
  warnings.warn(
/home/ubuntu/miniconda3/envs/lzz-agent/lib/python3.11/site-packages/langchain_core/_api/deprecation.py:119: LangChainDeprecationWarning: The class `DocstoreExplorer` was deprecated in LangChain 0.1.0 and will be removed in 0.3.0
  warn_deprecated(
==============current step===========
Thought 1: I need to find the duration of the Swiss Open Super Series. The duration can be calculated by subtracting the start date from the finish date. 
Action 1: Retrieve[retrieve the Date Start and Date Finish for the Swiss Open Super Series]

Finished Trial 1, Correct: 0, Incorrect: 1, Halted: 0

=== sample 104 id=nu-104 start ===
=== sample 104 returncode=0 end ===
/home/ubuntu/miniconda3/envs/lzz-agent/lib/python3.11/site-packages/langchain/__init__.py:29: UserWarning: Importing Wikipedia from langchain root module is no longer supported. Please use langchain.docstore.Wikipedia instead.
  warnings.warn(
/home/ubuntu/miniconda3/envs/lzz-agent/lib/python3.11/site-packages/langchain_core/_api/deprecation.py:119: LangChainDeprecationWarning: The class `DocstoreExplorer` was deprecated in LangChain 0.1.0 and will be removed in 0.3.0
  warn_deprecated(
==============current step===========
Thought 1: I need to identify the racer who did not finish on the final lap. The "Time/Retired" column indicates retirement with "Ret" or "Retirement." However, the question states "the only one," but the table shows four retirees. This discrepancy suggests a possible error in the question or table. Assuming the question refers to a specific case, I will check for any unique details among the retirees.  
Action 1: Retrieve[retrieve all racers with "Ret" or "Retirement" in the Time/Retired column]  
Observation 1: | Rider | Time/Retired |  
| Maurice Bolwerk | Retirement |  
| Andre Romein | Retirement |  
| Roberto Rolfo | Retirement |  
| Marcellino Lucchi | Retirement |  

==============current step===========
Thought 1: I need to identify the racer who did not finish on the final lap. The "Time/Retired" column indicates retirement with "Ret" or "Retirement." However, the question states "the only one," but the table shows four retirees. This discrepancy suggests a possible error in the question or table. Assuming the question refers to a specific case, I will check for any unique details among the retirees.  
Action 1: Retrieve[retrieve all racers with "Ret" or "Retirement" in the Time/Retired column]  
Observation 1: | Rider | Time/Retired |  
| Maurice Bolwerk | Retirement |  
| Andre Romein | Retirement |  
| Roberto Rolfo | Retirement |  
| Marcellino Lucchi | Retirement |  

==============current step===========
Thought 1: I need to identify the racer who did not finish on the final lap. The "Time/Retired" column indicates retirement with "Ret" or "Retirement." However, the question states "the only one," but the table shows four retirees. This discrepancy suggests a possible error in the question or table. Assuming the question refers to a specific case, I will check for any unique details among the retirees.  
Action 1: Retrieve[retrieve all racers with "Ret" or "Retirement" in the Time/Retired column]  
Observation 1: | Rider | Time/Retired |  
| Maurice Bolwerk | Retirement |  
| Andre Romein | Retirement |  
| Roberto Rolfo | Retirement |  
| Marcellino Lucchi | Retirement |  

Finished Trial 1, Correct: 0, Incorrect: 0, Halted: 1

=== sample 105 id=nu-105 start ===
=== sample 105 returncode=0 end ===
/home/ubuntu/miniconda3/envs/lzz-agent/lib/python3.11/site-packages/langchain/__init__.py:29: UserWarning: Importing Wikipedia from langchain root module is no longer supported. Please use langchain.docstore.Wikipedia instead.
  warnings.warn(
/home/ubuntu/miniconda3/envs/lzz-agent/lib/python3.11/site-packages/langchain_core/_api/deprecation.py:119: LangChainDeprecationWarning: The class `DocstoreExplorer` was deprecated in LangChain 0.1.0 and will be removed in 0.3.0
  warn_deprecated(
==============current step===========
Thought 1: I need to determine the most recent year Leonor Piuza competed in a race. The table lists competitions from 2003 to 2011. The latest year mentioned is 2011, so I should check if there is a competition in that year where she participated.  
Action 1: Retrieve[retrieve the row(s) where Year is 2011]  
Observation 1: | Year | Competition | Venue | Position | Event | Notes |
| 2011.0 | All-Africa Games | Maputo, Mozambique | 12th (h) | 800 m | 2:06.72 |

==============current step===========
Thought 1: I need to determine the most recent year Leonor Piuza competed in a race. The table lists competitions from 2003 to 2011. The latest year mentioned is 2011, so I should check if there is a competition in that year where she participated.  
Action 1: Retrieve[retrieve the row(s) where Year is 2011]  
Observation 1: | Year | Competition | Venue | Position | Event | Notes |
| 2011.0 | All-Africa Games | Maputo, Mozambique | 12th (h) | 800 m | 2:06.72 |
Thought 2: The question asks for the last year Leonor Piuza competed in a race. The retrieved row shows she competed in 2011 at the All-Africa Games. Since 2011 is the most recent year in the table, this is her last recorded competition.  
Action 2: Finish[2011]

Finished Trial 1, Correct: 1, Incorrect: 0, Halted: 0

=== sample 106 id=nu-106 start ===
=== sample 106 returncode=0 end ===
/home/ubuntu/miniconda3/envs/lzz-agent/lib/python3.11/site-packages/langchain/__init__.py:29: UserWarning: Importing Wikipedia from langchain root module is no longer supported. Please use langchain.docstore.Wikipedia instead.
  warnings.warn(
/home/ubuntu/miniconda3/envs/lzz-agent/lib/python3.11/site-packages/langchain_core/_api/deprecation.py:119: LangChainDeprecationWarning: The class `DocstoreExplorer` was deprecated in LangChain 0.1.0 and will be removed in 0.3.0
  warn_deprecated(
==============current step===========
Thought 1: I need to identify the continent listed at the top of the "Naturalisations by origin" table. The first row under the origin column is "Africa."
Action 1: Retrieve[retrieve the first entry under the "Naturalisations by origin" column]
Observation 1: | Naturalisations by origin | 2000 | 2005 | 2009 | % Total 2009 |
| Africa | 84 182 | 98 453 | 85 144 | 62.7 |

==============current step===========
Thought 1: I need to identify the continent listed at the top of the "Naturalisations by origin" table. The first row under the origin column is "Africa."
Action 1: Retrieve[retrieve the first entry under the "Naturalisations by origin" column]
Observation 1: | Naturalisations by origin | 2000 | 2005 | 2009 | % Total 2009 |
| Africa | 84 182 | 98 453 | 85 144 | 62.7 |
Thought 2: The question asks for the continent listed at the top of the table. The first row under "Naturalisations by origin" is "Africa," which is the topmost continent listed.  
Action 2: Finish[Africa]

Finished Trial 1, Correct: 1, Incorrect: 0, Halted: 0

=== sample 107 id=nu-107 start ===
=== sample 107 returncode=0 end ===
/home/ubuntu/miniconda3/envs/lzz-agent/lib/python3.11/site-packages/langchain/__init__.py:29: UserWarning: Importing Wikipedia from langchain root module is no longer supported. Please use langchain.docstore.Wikipedia instead.
  warnings.warn(
/home/ubuntu/miniconda3/envs/lzz-agent/lib/python3.11/site-packages/langchain_core/_api/deprecation.py:119: LangChainDeprecationWarning: The class `DocstoreExplorer` was deprecated in LangChain 0.1.0 and will be removed in 0.3.0
  warn_deprecated(
==============current step===========
Thought 1: I need to find the year where the team won the co-championship title. The "National Cup" column likely indicates this information. I will retrieve the rows where the "National Cup" field is "Co-champion".
Action 1: Retrieve[retrieve the Year and National Cup cells where National Cup is "Co-champion"]
Observation 1: | Year | National Cup |
| 1939/40 | Co-champion |

==============current step===========
Thought 1: I need to find the year where the team won the co-championship title. The "National Cup" column likely indicates this information. I will retrieve the rows where the "National Cup" field is "Co-champion".
Action 1: Retrieve[retrieve the Year and National Cup cells where National Cup is "Co-champion"]
Observation 1: | Year | National Cup |
| 1939/40 | Co-champion |
Thought 2: The question asks for the year when the team won the co-championship title. The observation shows that the only year with "Co-champion" in the National Cup column is 1939/40.  
Action 2: Finish[1939/40]

Finished Trial 1, Correct: 1, Incorrect: 0, Halted: 0

=== sample 108 id=nu-108 start ===
=== sample 108 returncode=0 end ===
/home/ubuntu/miniconda3/envs/lzz-agent/lib/python3.11/site-packages/langchain/__init__.py:29: UserWarning: Importing Wikipedia from langchain root module is no longer supported. Please use langchain.docstore.Wikipedia instead.
  warnings.warn(
/home/ubuntu/miniconda3/envs/lzz-agent/lib/python3.11/site-packages/langchain_core/_api/deprecation.py:119: LangChainDeprecationWarning: The class `DocstoreExplorer` was deprecated in LangChain 0.1.0 and will be removed in 0.3.0
  warn_deprecated(
==============current step===========
Thought 1: I need to retrieve the number of deaths in the year 2003. The relevant column is "Deaths (age <15)" for the 2003 row.
Action 1: Retrieve[retrieve the value in the "Deaths (age <15)" column for the year 2003]
Observation 1: | Deaths (age <15) |
| 11 |

==============current step===========
Thought 1: I need to retrieve the number of deaths in the year 2003. The relevant column is "Deaths (age <15)" for the 2003 row.
Action 1: Retrieve[retrieve the value in the "Deaths (age <15)" column for the year 2003]
Observation 1: | Deaths (age <15) |
| 11 |
Thought 2: The question asks for the total number of deaths in 2003. The retrieved value from observation 1 shows 11 deaths. This is the direct answer.
Action 2: Finish[11]

Finished Trial 1, Correct: 1, Incorrect: 0, Halted: 0

=== sample 109 id=nu-109 start ===
=== sample 109 returncode=0 end ===
/home/ubuntu/miniconda3/envs/lzz-agent/lib/python3.11/site-packages/langchain/__init__.py:29: UserWarning: Importing Wikipedia from langchain root module is no longer supported. Please use langchain.docstore.Wikipedia instead.
  warnings.warn(
/home/ubuntu/miniconda3/envs/lzz-agent/lib/python3.11/site-packages/langchain_core/_api/deprecation.py:119: LangChainDeprecationWarning: The class `DocstoreExplorer` was deprecated in LangChain 0.1.0 and will be removed in 0.3.0
  warn_deprecated(
==============current step===========
Thought 1: I need to determine how many matches were played on hard surfaces. The "Surface" column in the table indicates the type of surface for each match. I should retrieve all entries where the surface is "Hard" or "Hard (i)".
Action 1: Retrieve[retrieve all rows where Surface is "Hard" or "Hard (i)"]
Observation 1: | Outcome | No. | Date | Tournament | Surface | Opponent | Score |
| Runner-up | 5.0 | 14 January 2007 | Heineken Open, Auckland, New Zealand | Hard | David Ferrer | 4–6, 2–6 |
| Runner-up | 6.0 | 16 September 2007 | China Open, Beijing, China | Hard (i) | Fernando González | 1–6, 6–3, 1–6 |
| Winner | 6.0 | 7 October 2007 | Open de Moselle, Metz, France | Hard (i) | Andy Murray | 0–6, 6–2, 6–3 |

==============current step===========
Thought 1: I need to determine how many matches were played on hard surfaces. The "Surface" column in the table indicates the type of surface for each match. I should retrieve all entries where the surface is "Hard" or "Hard (i)".
Action 1: Retrieve[retrieve all rows where Surface is "Hard" or "Hard (i)"]
Observation 1: | Outcome | No. | Date | Tournament | Surface | Opponent | Score |
| Runner-up | 5.0 | 14 January 2007 | Heineken Open, Auckland, New Zealand | Hard | David Ferrer | 4–6, 2–6 |
| Runner-up | 6.0 | 16 September 2007 | China Open, Beijing, China | Hard (i) | Fernando González | 1–6, 6–3, 1–6 |
| Winner | 6.0 | 7 October 2007 | Open de Moselle, Metz, France | Hard (i) | Andy Murray | 0–6, 6–2, 6–3 |
Thought 2: I need to count the number of matches retrieved in observation 1, which represents the number of hard surface matches.  
Action 2: Calculate[count the number of rows in the table of observation 1]  
Observation 2: 19

==============current step===========
Thought 1: I need to determine how many matches were played on hard surfaces. The "Surface" column in the table indicates the type of surface for each match. I should retrieve all entries where the surface is "Hard" or "Hard (i)".
Action 1: Retrieve[retrieve all rows where Surface is "Hard" or "Hard (i)"]
Observation 1: | Outcome | No. | Date | Tournament | Surface | Opponent | Score |
| Runner-up | 5.0 | 14 January 2007 | Heineken Open, Auckland, New Zealand | Hard | David Ferrer | 4–6, 2–6 |
| Runner-up | 6.0 | 16 September 2007 | China Open, Beijing, China | Hard (i) | Fernando González | 1–6, 6–3, 1–6 |
| Winner | 6.0 | 7 October 2007 | Open de Moselle, Metz, France | Hard (i) | Andy Murray | 0–6, 6–2, 6–3 |
Thought 2: I need to count the number of matches retrieved in observation 1, which represents the number of hard surface matches.  
Action 2: Calculate[count the number of rows in the table of observation 1]  
Observation 2: 19
Thought 3: The question asks for the number of hard surface matches. The count from observation 1 is 3.  
Action 3: Finish[3]

Finished Trial 1, Correct: 1, Incorrect: 0, Halted: 0

=== sample 110 id=nu-110 start ===
=== sample 110 returncode=0 end ===
/home/ubuntu/miniconda3/envs/lzz-agent/lib/python3.11/site-packages/langchain/__init__.py:29: UserWarning: Importing Wikipedia from langchain root module is no longer supported. Please use langchain.docstore.Wikipedia instead.
  warnings.warn(
/home/ubuntu/miniconda3/envs/lzz-agent/lib/python3.11/site-packages/langchain_core/_api/deprecation.py:119: LangChainDeprecationWarning: The class `DocstoreExplorer` was deprecated in LangChain 0.1.0 and will be removed in 0.3.0
  warn_deprecated(
==============current step===========
Thought 1: I need to find the season with the least points scored. The "Pts" column contains the points for each season. I should retrieve all "Pts" values and identify the minimum.
Action 1: Retrieve[retrieve all "Pts" values from the table]
Observation 1: | Pts |
| 0 |
| 1 |
| 53 |
| 19 |
| 176 |
| 179.5 |
| 296 |
| 302 |
| 37 |
| 150 |
| 0* |
| 1213.5 |

==============current step===========
Thought 1: I need to find the season with the least points scored. The "Pts" column contains the points for each season. I should retrieve all "Pts" values and identify the minimum.
Action 1: Retrieve[retrieve all "Pts" values from the table]
Observation 1: | Pts |
| 0 |
| 1 |
| 53 |
| 19 |
| 176 |
| 179.5 |
| 296 |
| 302 |
| 37 |
| 150 |
| 0* |
| 1213.5 |
Thought 2: The "Pts" values include 0 (2004) and 0* (2014). The question asks for the least points scored in a season. Both 0 and 0* are numerically 0, but the asterisk in 2014 might indicate a special note (e.g., "did not qualify"). However, since the question focuses on the numerical value of points, the minimum is 0.  
Action 2: Finish[0]

Finished Trial 1, Correct: 1, Incorrect: 0, Halted: 0

=== sample 111 id=nu-111 start ===
=== sample 111 returncode=0 end ===
/home/ubuntu/miniconda3/envs/lzz-agent/lib/python3.11/site-packages/langchain/__init__.py:29: UserWarning: Importing Wikipedia from langchain root module is no longer supported. Please use langchain.docstore.Wikipedia instead.
  warnings.warn(
/home/ubuntu/miniconda3/envs/lzz-agent/lib/python3.11/site-packages/langchain_core/_api/deprecation.py:119: LangChainDeprecationWarning: The class `DocstoreExplorer` was deprecated in LangChain 0.1.0 and will be removed in 0.3.0
  warn_deprecated(
==============current step===========
Thought 1: I need to determine how many specifications (editions) do not have Active Directory Federation Services. This requires checking the "Active Directory Federation Services" row in the table.
Action 1: Retrieve[retrieve the "Active Directory Federation Services" row from the table]
Observation 1: | Specifications | Foundation | Essentials | Standard | Datacenter |
| Active Directory Federation Services | Yes | No | Yes | Yes |

==============current step===========
Thought 1: I need to determine how many specifications (editions) do not have Active Directory Federation Services. This requires checking the "Active Directory Federation Services" row in the table.
Action 1: Retrieve[retrieve the "Active Directory Federation Services" row from the table]
Observation 1: | Specifications | Foundation | Essentials | Standard | Datacenter |
| Active Directory Federation Services | Yes | No | Yes | Yes |
Thought 2: The question asks for the number of specifications without Active Directory Federation Services. From the retrieved row, only the "Essentials" edition has "No" under this feature. Thus, the count is 1.
Action 2: Finish[1]

Finished Trial 1, Correct: 1, Incorrect: 0, Halted: 0

=== sample 112 id=nu-112 start ===
=== sample 112 returncode=0 end ===
/home/ubuntu/miniconda3/envs/lzz-agent/lib/python3.11/site-packages/langchain/__init__.py:29: UserWarning: Importing Wikipedia from langchain root module is no longer supported. Please use langchain.docstore.Wikipedia instead.
  warnings.warn(
/home/ubuntu/miniconda3/envs/lzz-agent/lib/python3.11/site-packages/langchain_core/_api/deprecation.py:119: LangChainDeprecationWarning: The class `DocstoreExplorer` was deprecated in LangChain 0.1.0 and will be removed in 0.3.0
  warn_deprecated(
==============current step===========
Thought 1: I need to find all instances where Melissa Morrison-Howard placed first (1st) in major races. This requires retrieving rows from the table where the "Position" column is "1st".
Action 1: Retrieve[retrieve rows where Position = "1st"]
Observation 1: | Year | Competition | Venue | Position | Event |
| 1997.0 | USA Outdoor Championships | Indianapolis, United States | 1st | 100 m hurdles |
| 1998.0 | USA Indoor Championships |  | 1st | 60 m hurdles |
| 2002.0 | USA Indoor Championships |  | 1st | 60 m hurdles |

==============current step===========
Thought 1: I need to find all instances where Melissa Morrison-Howard placed first (1st) in major races. This requires retrieving rows from the table where the "Position" column is "1st".
Action 1: Retrieve[retrieve rows where Position = "1st"]
Observation 1: | Year | Competition | Venue | Position | Event |
| 1997.0 | USA Outdoor Championships | Indianapolis, United States | 1st | 100 m hurdles |
| 1998.0 | USA Indoor Championships |  | 1st | 60 m hurdles |
| 2002.0 | USA Indoor Championships |  | 1st | 60 m hurdles |
Thought 2: The question asks for the total number of major races where Melissa Morrison-Howard placed first. From Observation 1, there are three instances where her position is "1st". These include the USA Outdoor Championships (1997), USA Indoor Championships (1998), and USA Indoor Championships (2002). Assuming all listed competitions qualify as "major races," the count is 3.  
Action 2: Finish[3]

Finished Trial 1, Correct: 1, Incorrect: 0, Halted: 0

=== sample 113 id=nu-113 start ===
=== sample 113 returncode=0 end ===
/home/ubuntu/miniconda3/envs/lzz-agent/lib/python3.11/site-packages/langchain/__init__.py:29: UserWarning: Importing Wikipedia from langchain root module is no longer supported. Please use langchain.docstore.Wikipedia instead.
  warnings.warn(
/home/ubuntu/miniconda3/envs/lzz-agent/lib/python3.11/site-packages/langchain_core/_api/deprecation.py:119: LangChainDeprecationWarning: The class `DocstoreExplorer` was deprecated in LangChain 0.1.0 and will be removed in 0.3.0
  warn_deprecated(
==============current step===========

==============current step===========

==============current step===========

Finished Trial 1, Correct: 0, Incorrect: 0, Halted: 1

=== sample 114 id=nu-114 start ===
=== sample 114 returncode=0 end ===
/home/ubuntu/miniconda3/envs/lzz-agent/lib/python3.11/site-packages/langchain/__init__.py:29: UserWarning: Importing Wikipedia from langchain root module is no longer supported. Please use langchain.docstore.Wikipedia instead.
  warnings.warn(
/home/ubuntu/miniconda3/envs/lzz-agent/lib/python3.11/site-packages/langchain_core/_api/deprecation.py:119: LangChainDeprecationWarning: The class `DocstoreExplorer` was deprecated in LangChain 0.1.0 and will be removed in 0.3.0
  warn_deprecated(
==============current step===========
Thought 1: I need to identify the player(s) from Westmeath County. I will retrieve all entries where the "County" column is "Westmeath".
Action 1: Retrieve[retrieve rows where County is Westmeath]
Observation 1: | Rank | Player | County | Tally | Total | Opposition |
| 6.0 | Seán McLoughlin | Westmeath | 1–6 | 9.0 | Carlow |

==============current step===========
Thought 1: I need to identify the player(s) from Westmeath County. I will retrieve all entries where the "County" column is "Westmeath".
Action 1: Retrieve[retrieve rows where County is Westmeath]
Observation 1: | Rank | Player | County | Tally | Total | Opposition |
| 6.0 | Seán McLoughlin | Westmeath | 1–6 | 9.0 | Carlow |
Thought 2: The question asks for the only player from Westmeath County. The retrieved data shows that Seán McLoughlin is the sole player listed under Westmeath.  
Action 2: Finish[Seán McLoughlin]

Finished Trial 1, Correct: 1, Incorrect: 0, Halted: 0

=== sample 115 id=nu-115 start ===
=== sample 115 returncode=0 end ===
/home/ubuntu/miniconda3/envs/lzz-agent/lib/python3.11/site-packages/langchain/__init__.py:29: UserWarning: Importing Wikipedia from langchain root module is no longer supported. Please use langchain.docstore.Wikipedia instead.
  warnings.warn(
/home/ubuntu/miniconda3/envs/lzz-agent/lib/python3.11/site-packages/langchain_core/_api/deprecation.py:119: LangChainDeprecationWarning: The class `DocstoreExplorer` was deprecated in LangChain 0.1.0 and will be removed in 0.3.0
  warn_deprecated(
==============current step===========

==============current step===========
Thought 1: I need to retrieve all the dates from the table to check if they are in chronological order. 
Action 1: Retrieve[retrieve all the Date column cells from the table]
Observation 1: | Date |
| September 19, 1986 |
| November 5, 1986 |
| January 17, 1987 |
| September 18, 1987 |
| October 24, 1987 |
| November 25, 1987 |
| February 6, 1988 |
| April 2, 1988 |
| June 25, 1988 |
| August 20, 1988 |
| January 28, 1989 |
| March 1, 1989 |
| June 17, 1989 |
| March 24, 1990 |
| June 17, 1989 |
| March 24, 1990 |
| April 25, 1990 |
| January 26, 1991 |
| March 30, 1991 |
| April 20, 1991 |
| June 1, 1991 |
| October 19, 1991 |
| October 26, 1991 |
| November 23, 1991 |
| December 25, 1991 |
| January 6, 1992 |
| June 18, 1994 |
| 1994 |
| 1995 |
| 1995 |
| 1995 |
| 1995 |
| November 11, 1995 |
| November 26, 1995 |
| January 6, 1996 |
| March 23, 1996 |
| April 20, 1996 |
| May 18, 1996 |
| May 30, 1996 |
| April 2, 1999 |
| August 14, 1999 |
| September 19, 1999 |
| November 13, 1999 |
| January 6, 2000 |
| March 19, 2000 |
| April 21, 2001 |
| July 7, 2001 |
| July 21, 2001 |
| September 8, 2001 |
| October 6, 2001 |
| March 16, 2002 |
| April 6, 2002 |
| April 27, 2002 |
| June 8, 2002 |
| June 15, 2002 |
| July 6, 2002 |
| August 24, 2002 |
| June 6, 2003 |
| July 19, 2003 |
| February 3, 2007 |
| March 17, 2007 |
| April 28, 2007 |
| November 24, 2007 |
| January 6, 2008 |
| March 1, 2008 |
| March 15, 2008 |
| May 10, 2008 |

==============current step===========
Thought 1: I need to retrieve all the dates from the table to check if they are in chronological order. 
Action 1: Retrieve[retrieve all the Date column cells from the table]
Observation 1: | Date |
| September 19, 1986 |
| November 5, 1986 |
| January 17, 1987 |
| September 18, 1987 |
| October 24, 1987 |
| November 25, 1987 |
| February 6, 1988 |
| April 2, 1988 |
| June 25, 1988 |
| August 20, 1988 |
| January 28, 1989 |
| March 1, 1989 |
| June 17, 1989 |
| March 24, 1990 |
| June 17, 1989 |
| March 24, 1990 |
| April 25, 1990 |
| January 26, 1991 |
| March 30, 1991 |
| April 20, 1991 |
| June 1, 1991 |
| October 19, 1991 |
| October 26, 1991 |
| November 23, 1991 |
| December 25, 1991 |
| January 6, 1992 |
| June 18, 1994 |
| 1994 |
| 1995 |
| 1995 |
| 1995 |
| 1995 |
| November 11, 1995 |
| November 26, 1995 |
| January 6, 1996 |
| March 23, 1996 |
| April 20, 1996 |
| May 18, 1996 |
| May 30, 1996 |
| April 2, 1999 |
| August 14, 1999 |
| September 19, 1999 |
| November 13, 1999 |
| January 6, 2000 |
| March 19, 2000 |
| April 21, 2001 |
| July 7, 2001 |
| July 21, 2001 |
| September 8, 2001 |
| October 6, 2001 |
| March 16, 2002 |
| April 6, 2002 |
| April 27, 2002 |
| June 8, 2002 |
| June 15, 2002 |
| July 6, 2002 |
| August 24, 2002 |
| June 6, 2003 |
| July 19, 2003 |
| February 3, 2007 |
| March 17, 2007 |
| April 28, 2007 |
| November 24, 2007 |
| January 6, 2008 |
| March 1, 2008 |
| March 15, 2008 |
| May 10, 2008 |

Finished Trial 1, Correct: 0, Incorrect: 0, Halted: 1

=== sample 116 id=nu-116 start ===
=== sample 116 returncode=0 end ===
/home/ubuntu/miniconda3/envs/lzz-agent/lib/python3.11/site-packages/langchain/__init__.py:29: UserWarning: Importing Wikipedia from langchain root module is no longer supported. Please use langchain.docstore.Wikipedia instead.
  warnings.warn(
/home/ubuntu/miniconda3/envs/lzz-agent/lib/python3.11/site-packages/langchain_core/_api/deprecation.py:119: LangChainDeprecationWarning: The class `DocstoreExplorer` was deprecated in LangChain 0.1.0 and will be removed in 0.3.0
  warn_deprecated(
==============current step===========
Thought 1: The question asks for the first name on the chart. The table lists players with their names in the "Name" column. The first entry in the table (row 0) is Joel Smith.
Action 1: Retrieve[retrieve the first name from the Name column of the first row]
Observation 1: | Name |
| Joel Smith |

==============current step===========
Thought 1: The question asks for the first name on the chart. The table lists players with their names in the "Name" column. The first entry in the table (row 0) is Joel Smith.
Action 1: Retrieve[retrieve the first name from the Name column of the first row]
Observation 1: | Name |
| Joel Smith |
Thought 2: The first name in the chart is Joel, as retrieved from the first row of the Name column. 
Action 2: Finish[Joel]

Finished Trial 1, Correct: 0, Incorrect: 1, Halted: 0

=== sample 117 id=nu-117 start ===
=== sample 117 returncode=0 end ===
/home/ubuntu/miniconda3/envs/lzz-agent/lib/python3.11/site-packages/langchain/__init__.py:29: UserWarning: Importing Wikipedia from langchain root module is no longer supported. Please use langchain.docstore.Wikipedia instead.
  warnings.warn(
/home/ubuntu/miniconda3/envs/lzz-agent/lib/python3.11/site-packages/langchain_core/_api/deprecation.py:119: LangChainDeprecationWarning: The class `DocstoreExplorer` was deprecated in LangChain 0.1.0 and will be removed in 0.3.0
  warn_deprecated(
==============current step===========
Thought 1: I need to find the date with the highest attendance. First, I will retrieve all attendance numbers from the table to compare them.
Action 1: Retrieve[retrieve all "Attendance" values and corresponding "Date" entries from the table]
Observation 1: | Date | Attendance |
| September 12 | 60,160 |
| September 19 | 53,922 |
| September 26 | 60,004 |
| October 3 | 30,113 |
| October 10 | 60,000 |
| October 17 | 105,915 |
| October 24 | 60,000 |
| October 31 | 66,877 |
| November 7 | 60,114 |
| November 14 | 78,731 |
| November 21 | 60,103 |
| January 1 | 105,611 |

==============current step===========
Thought 1: I need to find the date with the highest attendance. First, I will retrieve all attendance numbers from the table to compare them.
Action 1: Retrieve[retrieve all "Attendance" values and corresponding "Date" entries from the table]
Observation 1: | Date | Attendance |
| September 12 | 60,160 |
| September 19 | 53,922 |
| September 26 | 60,004 |
| October 3 | 30,113 |
| October 10 | 60,000 |
| October 17 | 105,915 |
| October 24 | 60,000 |
| October 31 | 66,877 |
| November 7 | 60,114 |
| November 14 | 78,731 |
| November 21 | 60,103 |
| January 1 | 105,611 |
Thought 2: Now I need to identify the maximum attendance value from the retrieved data. The highest attendance values are 105,915 (October 17) and 105,611 (January 1). Comparing these, 105,915 is the highest.  
Action 2: Finish[October 17]

Finished Trial 1, Correct: 1, Incorrect: 0, Halted: 0

=== sample 118 id=nu-118 start ===
=== sample 118 returncode=0 end ===
/home/ubuntu/miniconda3/envs/lzz-agent/lib/python3.11/site-packages/langchain/__init__.py:29: UserWarning: Importing Wikipedia from langchain root module is no longer supported. Please use langchain.docstore.Wikipedia instead.
  warnings.warn(
/home/ubuntu/miniconda3/envs/lzz-agent/lib/python3.11/site-packages/langchain_core/_api/deprecation.py:119: LangChainDeprecationWarning: The class `DocstoreExplorer` was deprecated in LangChain 0.1.0 and will be removed in 0.3.0
  warn_deprecated(
==============current step===========
Thought 1: I need to find the scores of Fulham and Stoke City's matches to determine the points (goal difference) they won with.  
Action 1: Retrieve[retrieve the scores for Fulham and Stoke City matches]  
Observation 1: | Home team | Away team | Score |
| Fulham | Charlton Athletic | 3 – 0 |
| Stoke City | Bournemouth | 3 – 0 |

==============current step===========
Thought 1: I need to find the scores of Fulham and Stoke City's matches to determine the points (goal difference) they won with.  
Action 1: Retrieve[retrieve the scores for Fulham and Stoke City matches]  
Observation 1: | Home team | Away team | Score |
| Fulham | Charlton Athletic | 3 – 0 |
| Stoke City | Bournemouth | 3 – 0 |
Thought 2: Both Fulham and Stoke City won their matches with a score of 3-0. The goal difference (points) for each win is calculated as home goals minus away goals. For both matches, 3 - 0 = 3 points.  
Action 2: Finish[3]

Finished Trial 1, Correct: 1, Incorrect: 0, Halted: 0

=== sample 119 id=nu-119 start ===
=== sample 119 returncode=0 end ===
/home/ubuntu/miniconda3/envs/lzz-agent/lib/python3.11/site-packages/langchain/__init__.py:29: UserWarning: Importing Wikipedia from langchain root module is no longer supported. Please use langchain.docstore.Wikipedia instead.
  warnings.warn(
/home/ubuntu/miniconda3/envs/lzz-agent/lib/python3.11/site-packages/langchain_core/_api/deprecation.py:119: LangChainDeprecationWarning: The class `DocstoreExplorer` was deprecated in LangChain 0.1.0 and will be removed in 0.3.0
  warn_deprecated(
==============current step===========
Thought 1: I need to count the number of times the team did not qualify for the playoffs. The "Playoffs" column contains "Did not qualify" entries for certain years. I should retrieve all rows where the Playoffs field is "Did not qualify".
Action 1: Retrieve[retrieve rows where Playoffs is "Did not qualify"]
Observation 1: | Year | Division | League | Reg. Season | Playoffs |
| 2008.0 | 1.0 | USL W-League | 6th, Western | Did not qualify |
| 2009.0 | 1.0 | USL W-League | 7th, Western | Did not qualify |
| 2010.0 | 1.0 | USL W-League | 6th, Western | Did not qualify |
| 2011.0 | 1.0 | USL W-League | 7th, Western | Did not qualify |
| 2012.0 | 1.0 | USL W-League | 4th, Western | Did not qualify |
| 2013.0 | 1.0 | USL W-League | 4th, Western | Did not qualify |

==============current step===========
Thought 1: I need to count the number of times the team did not qualify for the playoffs. The "Playoffs" column contains "Did not qualify" entries for certain years. I should retrieve all rows where the Playoffs field is "Did not qualify".
Action 1: Retrieve[retrieve rows where Playoffs is "Did not qualify"]
Observation 1: | Year | Division | League | Reg. Season | Playoffs |
| 2008.0 | 1.0 | USL W-League | 6th, Western | Did not qualify |
| 2009.0 | 1.0 | USL W-League | 7th, Western | Did not qualify |
| 2010.0 | 1.0 | USL W-League | 6th, Western | Did not qualify |
| 2011.0 | 1.0 | USL W-League | 7th, Western | Did not qualify |
| 2012.0 | 1.0 | USL W-League | 4th, Western | Did not qualify |
| 2013.0 | 1.0 | USL W-League | 4th, Western | Did not qualify |
Thought 2: The retrieved table in observation 1 shows 6 instances where the team did not qualify for the playoffs. The answer is 6.
Action 2: Finish[6]

Finished Trial 1, Correct: 1, Incorrect: 0, Halted: 0

=== sample 120 id=nu-120 start ===
=== sample 120 returncode=0 end ===
/home/ubuntu/miniconda3/envs/lzz-agent/lib/python3.11/site-packages/langchain/__init__.py:29: UserWarning: Importing Wikipedia from langchain root module is no longer supported. Please use langchain.docstore.Wikipedia instead.
  warnings.warn(
/home/ubuntu/miniconda3/envs/lzz-agent/lib/python3.11/site-packages/langchain_core/_api/deprecation.py:119: LangChainDeprecationWarning: The class `DocstoreExplorer` was deprecated in LangChain 0.1.0 and will be removed in 0.3.0
  warn_deprecated(
==============current step===========
Thought 1: The question asks which country placed first the most. The table shows a single ranking of nations based on their total medals. Since "Rank 1" is assigned to France in this table, and there's no indication of multiple events or repeated rankings, France is the only country with the first position here. The answer is France.  
Action 1: Finish[France]

Finished Trial 1, Correct: 1, Incorrect: 0, Halted: 0

=== sample 121 id=nu-121 start ===
=== sample 121 returncode=0 end ===
/home/ubuntu/miniconda3/envs/lzz-agent/lib/python3.11/site-packages/langchain/__init__.py:29: UserWarning: Importing Wikipedia from langchain root module is no longer supported. Please use langchain.docstore.Wikipedia instead.
  warnings.warn(
/home/ubuntu/miniconda3/envs/lzz-agent/lib/python3.11/site-packages/langchain_core/_api/deprecation.py:119: LangChainDeprecationWarning: The class `DocstoreExplorer` was deprecated in LangChain 0.1.0 and will be removed in 0.3.0
  warn_deprecated(
==============current step===========
Thought 1: I need to determine how many designers in the table do not have an associated publication listed. This requires checking the "Associated publication" column for each entry and counting the rows where this column is empty.
Action 1: Retrieve[retrieve all rows where "Associated publication" is empty]
Observation 1: 
| Year | Designer(s) | Brief description | Selected by: | Associated publication |
| 1963 | Mary Quant Reed Crawford (hat) Anello & Davide (boots) | Grey wool 'Rex Harrison' pinafore dress & cream blouse | Members of The Fashion Writers' Association |  |
| 1964 | Jean Muir for Jane & Jane Charles Jourdan for Dior (shoes) | Dress in printed Liberty silk | Members of The Fashion Writers' Association |  |
| 1965 | John Bates for Jean Varon Anello & Davide (shoes) | Printed linen dress with mesh midriff | Members of The Fashion Writers' Association |  |
| 2006 | Prada | Woman's olive green coat with fur patch pockets | Sarah Mower |  |
| 2007 | Giles Deacon at GILES | Orange 'Troubadour' dress with accompanying orange scarf | Hywel Davies |  |
| 2010 | Vivienne Westwood | Green ribbed shot-silk deconstructed dress | Stephen Jones |  |

==============current step===========
Thought 1: I need to determine how many designers in the table do not have an associated publication listed. This requires checking the "Associated publication" column for each entry and counting the rows where this column is empty.
Action 1: Retrieve[retrieve all rows where "Associated publication" is empty]
Observation 1: 
| Year | Designer(s) | Brief description | Selected by: | Associated publication |
| 1963 | Mary Quant Reed Crawford (hat) Anello & Davide (boots) | Grey wool 'Rex Harrison' pinafore dress & cream blouse | Members of The Fashion Writers' Association |  |
| 1964 | Jean Muir for Jane & Jane Charles Jourdan for Dior (shoes) | Dress in printed Liberty silk | Members of The Fashion Writers' Association |  |
| 1965 | John Bates for Jean Varon Anello & Davide (shoes) | Printed linen dress with mesh midriff | Members of The Fashion Writers' Association |  |
| 2006 | Prada | Woman's olive green coat with fur patch pockets | Sarah Mower |  |
| 2007 | Giles Deacon at GILES | Orange 'Troubadour' dress with accompanying orange scarf | Hywel Davies |  |
| 2010 | Vivienne Westwood | Green ribbed shot-silk deconstructed dress | Stephen Jones |  |
Thought 2: I need to count the number of rows retrieved in observation 1 where the "Associated publication" is empty. The retrieved table has 6 entries, so the answer is 6.
Action 2: Finish[6]

Finished Trial 1, Correct: 1, Incorrect: 0, Halted: 0

=== sample 122 id=nu-122 start ===
=== sample 122 returncode=0 end ===
/home/ubuntu/miniconda3/envs/lzz-agent/lib/python3.11/site-packages/langchain/__init__.py:29: UserWarning: Importing Wikipedia from langchain root module is no longer supported. Please use langchain.docstore.Wikipedia instead.
  warnings.warn(
/home/ubuntu/miniconda3/envs/lzz-agent/lib/python3.11/site-packages/langchain_core/_api/deprecation.py:119: LangChainDeprecationWarning: The class `DocstoreExplorer` was deprecated in LangChain 0.1.0 and will be removed in 0.3.0
  warn_deprecated(
==============current step===========
Thought 1: I need to determine the most frequent label(s) in the table. First, I will retrieve all the labels from the table to count their occurrences.
Action 1: Retrieve[retrieve all values in the Label column]
Observation 1: | Label |
| Becket |
| Becket |
| Jive |
| Power House |
| Spring |
| Spring |
| New Image |

==============current step===========
Thought 1: I need to determine the most frequent label(s) in the table. First, I will retrieve all the labels from the table to count their occurrences.
Action 1: Retrieve[retrieve all values in the Label column]
Observation 1: | Label |
| Becket |
| Becket |
| Jive |
| Power House |
| Spring |
| Spring |
| New Image |
Thought 2: Now I need to count the frequency of each label in the retrieved list. The label(s) with the highest count will be the answer.  
Action 2: Calculate[count frequency of each label and identify the label(s) with the maximum frequency]  
Observation 2: Becket (2), Jive (1), Power House (1), Spring (2), New Image (1)  

==============current step===========
Thought 1: I need to determine the most frequent label(s) in the table. First, I will retrieve all the labels from the table to count their occurrences.
Action 1: Retrieve[retrieve all values in the Label column]
Observation 1: | Label |
| Becket |
| Becket |
| Jive |
| Power House |
| Spring |
| Spring |
| New Image |
Thought 2: Now I need to count the frequency of each label in the retrieved list. The label(s) with the highest count will be the answer.  
Action 2: Calculate[count frequency of each label and identify the label(s) with the maximum frequency]  
Observation 2: Becket (2), Jive (1), Power House (1), Spring (2), New Image (1)  
Thought 3: The labels with the highest frequency are Becket and Spring, each appearing twice. Since the question asks for the "most labels," the answer should include both.  
Action 3: Finish[Becket and Spring]

Finished Trial 1, Correct: 0, Incorrect: 1, Halted: 0

=== sample 123 id=nu-123 start ===
=== sample 123 returncode=0 end ===
/home/ubuntu/miniconda3/envs/lzz-agent/lib/python3.11/site-packages/langchain/__init__.py:29: UserWarning: Importing Wikipedia from langchain root module is no longer supported. Please use langchain.docstore.Wikipedia instead.
  warnings.warn(
/home/ubuntu/miniconda3/envs/lzz-agent/lib/python3.11/site-packages/langchain_core/_api/deprecation.py:119: LangChainDeprecationWarning: The class `DocstoreExplorer` was deprecated in LangChain 0.1.0 and will be removed in 0.3.0
  warn_deprecated(
==============current step===========

==============current step===========
Thought 1: I need to count the number of unique seasons listed in the table. Each row represents a season, but some seasons (like 2009/10) have multiple entries. I should count each unique season once.
Action 1: Retrieve[retrieve all unique seasons from the Season column]
Observation 1: | Season |
| 2002/03 |
| 2003/04 |
| 2004/05 |
| 2005/06 |
| 2006/07 |
| 2007/08 |
| 2008/09 |
| 2009/10 |
| 2010/11 |

==============current step===========
Thought 1: I need to count the number of unique seasons listed in the table. Each row represents a season, but some seasons (like 2009/10) have multiple entries. I should count each unique season once.
Action 1: Retrieve[retrieve all unique seasons from the Season column]
Observation 1: | Season |
| 2002/03 |
| 2003/04 |
| 2004/05 |
| 2005/06 |
| 2006/07 |
| 2007/08 |
| 2008/09 |
| 2009/10 |
| 2010/11 |
Thought 2: The retrieved unique seasons (observation 1) show 9 distinct entries from 2002/03 to 2010/11. The question asks for the number of seasons played, which corresponds to the count of these unique entries.
Action 2: Calculate[count the number of unique seasons in observation 1]
Observation 2: 9

Finished Trial 1, Correct: 0, Incorrect: 0, Halted: 1

=== sample 124 id=nu-124 start ===
=== sample 124 returncode=0 end ===
/home/ubuntu/miniconda3/envs/lzz-agent/lib/python3.11/site-packages/langchain/__init__.py:29: UserWarning: Importing Wikipedia from langchain root module is no longer supported. Please use langchain.docstore.Wikipedia instead.
  warnings.warn(
/home/ubuntu/miniconda3/envs/lzz-agent/lib/python3.11/site-packages/langchain_core/_api/deprecation.py:119: LangChainDeprecationWarning: The class `DocstoreExplorer` was deprecated in LangChain 0.1.0 and will be removed in 0.3.0
  warn_deprecated(
==============current step===========

==============current step===========
Thought 1: To determine which party was in office the most, I need to count the number of entries for each party in the "Party" column. This includes both regular and acting positions since the question does not exclude acting roles.  
Action 1: Retrieve[retrieve all entries in the "Party" column]  
Observation 1: | Party |
| Democratic-Republican |
| Democratic-Republican |
| Democratic-Republican |
| Democratic-Republican |
| Independent |
| Whig |
| Whig |
| Whig |
| Democrat |
| Democrat |
| Democrat |
| Democrat |
| Democrat |
| Republican |
| Republican |
| Democrat |
| Republican |
| Republican |
| Republican |
| Democrat |
| Democrat |
| Republican |
| Democrat |
| Republican |
| Democrat |
| Republican |
| Republican |
| Democrat |
| Republican |
| Republican |
| Republican |
| Democrat |
| Democrat |
| Republican |
| Republican |
| Republican |
| Republican |
| Republican |
| Democrat |
| Democrat |
| Democrat |
| Republican |
| Republican |
| Democrat |
| Republican |
| Republican |
| Republican |
| Democrat |
| Republican |
| Republican |
| Republican |
| Democrat |
| Democrat |
| Democrat |
| Republican |
| Republican |

==============current step===========
Thought 1: To determine which party was in office the most, I need to count the number of entries for each party in the "Party" column. This includes both regular and acting positions since the question does not exclude acting roles.  
Action 1: Retrieve[retrieve all entries in the "Party" column]  
Observation 1: | Party |
| Democratic-Republican |
| Democratic-Republican |
| Democratic-Republican |
| Democratic-Republican |
| Independent |
| Whig |
| Whig |
| Whig |
| Democrat |
| Democrat |
| Democrat |
| Democrat |
| Democrat |
| Republican |
| Republican |
| Democrat |
| Republican |
| Republican |
| Republican |
| Democrat |
| Democrat |
| Republican |
| Democrat |
| Republican |
| Democrat |
| Republican |
| Republican |
| Democrat |
| Republican |
| Republican |
| Republican |
| Democrat |
| Democrat |
| Republican |
| Republican |
| Republican |
| Republican |
| Republican |
| Democrat |
| Democrat |
| Democrat |
| Republican |
| Republican |
| Democrat |
| Republican |
| Republican |
| Republican |
| Democrat |
| Republican |
| Republican |
| Republican |
| Democrat |
| Democrat |
| Democrat |
| Republican |
| Republican |
Thought 2: Now that I have the list of parties, I need to count the occurrences of each party.  
Action 2: Calculate[count the number of occurrences for each party in the retrieved list]  
Observation 2: | Party | count |
| Republican | 27 |
| Democrat | 21 |
| Democratic-Republican | 4 |
| Whig | 3 |
| Independent | 1 |

Finished Trial 1, Correct: 1, Incorrect: 0, Halted: 1

=== sample 125 id=nu-125 start ===
=== sample 125 returncode=0 end ===
/home/ubuntu/miniconda3/envs/lzz-agent/lib/python3.11/site-packages/langchain/__init__.py:29: UserWarning: Importing Wikipedia from langchain root module is no longer supported. Please use langchain.docstore.Wikipedia instead.
  warnings.warn(
/home/ubuntu/miniconda3/envs/lzz-agent/lib/python3.11/site-packages/langchain_core/_api/deprecation.py:119: LangChainDeprecationWarning: The class `DocstoreExplorer` was deprecated in LangChain 0.1.0 and will be removed in 0.3.0
  warn_deprecated(
==============current step===========
Thought 1: The question asks which nation comes first. The table lists nations in order, but the "Rank" column is missing for the first three entries. However, the "Time" column indicates the performance. The fastest time (7:07.33) is for the United States, which is listed first in the table. 
Action 1: Retrieve[retrieve the nation with the fastest time]
Observation 1: | Nation | Time |
| United States | 7:07.33 |

==============current step===========
Thought 1: The question asks which nation comes first. The table lists nations in order, but the "Rank" column is missing for the first three entries. However, the "Time" column indicates the performance. The fastest time (7:07.33) is for the United States, which is listed first in the table. 
Action 1: Retrieve[retrieve the nation with the fastest time]
Observation 1: | Nation | Time |
| United States | 7:07.33 |
Thought 2: The nation with the fastest time (7:07.33) is the United States, which should be ranked first despite the missing "Rank" value.  
Action 2: Finish[United States]

Finished Trial 1, Correct: 1, Incorrect: 0, Halted: 0

=== sample 126 id=nu-126 start ===
=== sample 126 returncode=0 end ===
/home/ubuntu/miniconda3/envs/lzz-agent/lib/python3.11/site-packages/langchain/__init__.py:29: UserWarning: Importing Wikipedia from langchain root module is no longer supported. Please use langchain.docstore.Wikipedia instead.
  warnings.warn(
/home/ubuntu/miniconda3/envs/lzz-agent/lib/python3.11/site-packages/langchain_core/_api/deprecation.py:119: LangChainDeprecationWarning: The class `DocstoreExplorer` was deprecated in LangChain 0.1.0 and will be removed in 0.3.0
  warn_deprecated(
==============current step===========
Thought 1: I need to determine the most recent season where a Midfielder (MF) won. The latest season in the table is 2012-13, but the position there is GK. I'll check earlier seasons for the most recent MF entry.  
Action 1: Retrieve[retrieve all rows where Position is MF, ordered by Season descending]  
Observation 1: | Season | Footballer | Club | Position | Nationality |
| 2010-11 | Thulani Serero | Ajax Cape Town | MF | South Africa |
| 2008-09 | Teko Modise | Orlando Pirates | MF | South Africa |
| 2006-07 | Godfrey Sapula | Mamelodi Sundowns | MF | South Africa |
| 2005-06 | Surprise Moriri | Mamelodi Sundowns | MF | South Africa |
| 2003-04 | Tinashe Nengomasha | Kaizer Chiefs | MF | Zimbabwe |
| 2001-02 | Jabu Pule | Kaizer Chiefs | MF | South Africa |
| 1998-99 | Roger Feutmba | Mamelodi Sundowns | MF | Cameroon |

==============current step===========
Thought 1: I need to determine the most recent season where a Midfielder (MF) won. The latest season in the table is 2012-13, but the position there is GK. I'll check earlier seasons for the most recent MF entry.  
Action 1: Retrieve[retrieve all rows where Position is MF, ordered by Season descending]  
Observation 1: | Season | Footballer | Club | Position | Nationality |
| 2010-11 | Thulani Serero | Ajax Cape Town | MF | South Africa |
| 2008-09 | Teko Modise | Orlando Pirates | MF | South Africa |
| 2006-07 | Godfrey Sapula | Mamelodi Sundowns | MF | South Africa |
| 2005-06 | Surprise Moriri | Mamelodi Sundowns | MF | South Africa |
| 2003-04 | Tinashe Nengomasha | Kaizer Chiefs | MF | Zimbabwe |
| 2001-02 | Jabu Pule | Kaizer Chiefs | MF | South Africa |
| 1998-99 | Roger Feutmba | Mamelodi Sundowns | MF | Cameroon |
Thought 2: The most recent season with an MF winner is 2010-11 (Thulani Serero). No later seasons have an MF position listed.  
Action 2: Finish[2010-11]

Finished Trial 1, Correct: 1, Incorrect: 0, Halted: 0

=== sample 127 id=nu-127 start ===
=== sample 127 returncode=0 end ===
/home/ubuntu/miniconda3/envs/lzz-agent/lib/python3.11/site-packages/langchain/__init__.py:29: UserWarning: Importing Wikipedia from langchain root module is no longer supported. Please use langchain.docstore.Wikipedia instead.
  warnings.warn(
/home/ubuntu/miniconda3/envs/lzz-agent/lib/python3.11/site-packages/langchain_core/_api/deprecation.py:119: LangChainDeprecationWarning: The class `DocstoreExplorer` was deprecated in LangChain 0.1.0 and will be removed in 0.3.0
  warn_deprecated(
==============current step===========
Thought 1: I need to find the date with the least number of attendees. To do this, I should retrieve all attendance numbers from the table and identify the minimum value along with its corresponding date.
Action 1: Retrieve[retrieve all "Date" and "Attendance" columns from the table]
Observation 1: | Date | Attendance |
| 13 August 2005 | 34,446 |
| 20 August 2005 | 44,913 |
| 23 August 2005 | 33,357 |
| 27 August 2005 | 17,223 |
| 10 September 2005 | 41,969 |
| 17 September 2005 | 31,657 |
| 25 September 2005 | 29,583 |
| 1 October 2005 | 31,212 |
| 15 October 2005 | 39,085 |
| 23 October 2005 | 52,302 |
| 29 October 2005 | 34,926 |
| 5 November 2005 | 38,210 |
| 19 November 2005 | 39,707 |
| 26 November 2005 | 32,442 |
| 30 November 2005 | 32,697 |
| 3 December 2005 | 36,244 |
| 10 December 2005 | 26,065 |
| 26 December 2005 | 32,232 |
| 31 December 2005 | 30,567 |
| 2 January 2006 | 19,372 |
| 15 January 2006 | 32,420 |
| 21 January 2006 | 26,464 |
| 31 January 2006 | 31,675 |
| 4 February 2006 | 34,745 |
| 12 February 2006 | 34,700 |
| 15 February 2006 | 18,220 |
| 25 February 2006 | 29,257 |
| 3 March 2006 | 42,200 |
| 11 March 2006 | 31,194 |
| 18 March 2006 | 23,568 |
| 25 March 2006 | 29,593 |
| 1 April 2006 | 38,093 |
| 14 April 2006 | 72,519 |
| 17 April 2006 | 40,032 |
| 22 April 2006 | 20,078 |
| 1 May 2006 | 44,003 |
| 4 May 2006 | 28,226 |
| 7 May 2006 | 33,820 |

==============current step===========
Thought 1: I need to find the date with the least number of attendees. To do this, I should retrieve all attendance numbers from the table and identify the minimum value along with its corresponding date.
Action 1: Retrieve[retrieve all "Date" and "Attendance" columns from the table]
Observation 1: | Date | Attendance |
| 13 August 2005 | 34,446 |
| 20 August 2005 | 44,913 |
| 23 August 2005 | 33,357 |
| 27 August 2005 | 17,223 |
| 10 September 2005 | 41,969 |
| 17 September 2005 | 31,657 |
| 25 September 2005 | 29,583 |
| 1 October 2005 | 31,212 |
| 15 October 2005 | 39,085 |
| 23 October 2005 | 52,302 |
| 29 October 2005 | 34,926 |
| 5 November 2005 | 38,210 |
| 19 November 2005 | 39,707 |
| 26 November 2005 | 32,442 |
| 30 November 2005 | 32,697 |
| 3 December 2005 | 36,244 |
| 10 December 2005 | 26,065 |
| 26 December 2005 | 32,232 |
| 31 December 2005 | 30,567 |
| 2 January 2006 | 19,372 |
| 15 January 2006 | 32,420 |
| 21 January 2006 | 26,464 |
| 31 January 2006 | 31,675 |
| 4 February 2006 | 34,745 |
| 12 February 2006 | 34,700 |
| 15 February 2006 | 18,220 |
| 25 February 2006 | 29,257 |
| 3 March 2006 | 42,200 |
| 11 March 2006 | 31,194 |
| 18 March 2006 | 23,568 |
| 25 March 2006 | 29,593 |
| 1 April 2006 | 38,093 |
| 14 April 2006 | 72,519 |
| 17 April 2006 | 40,032 |
| 22 April 2006 | 20,078 |
| 1 May 2006 | 44,003 |
| 4 May 2006 | 28,226 |
| 7 May 2006 | 33,820 |
Thought 2: The minimum attendance in the table is 17,223, which occurred on 27 August 2005. This is the date with the least attendees.
Action 2: Finish[27 August 2005]

Finished Trial 1, Correct: 1, Incorrect: 0, Halted: 0

=== sample 128 id=nu-128 start ===
=== sample 128 returncode=0 end ===
/home/ubuntu/miniconda3/envs/lzz-agent/lib/python3.11/site-packages/langchain/__init__.py:29: UserWarning: Importing Wikipedia from langchain root module is no longer supported. Please use langchain.docstore.Wikipedia instead.
  warnings.warn(
/home/ubuntu/miniconda3/envs/lzz-agent/lib/python3.11/site-packages/langchain_core/_api/deprecation.py:119: LangChainDeprecationWarning: The class `DocstoreExplorer` was deprecated in LangChain 0.1.0 and will be removed in 0.3.0
  warn_deprecated(
==============current step===========
Thought 1: To determine the number of away games won, I need to identify all games marked as "away" (indicated by "at" in the Opponent column) and check if the Result is a win ("W").  
Action 1: Retrieve[retrieve all rows where Opponent starts with "at" and Result starts with "W"]  
Observation 1:  
| Week | Date | Opponent | Result | Attendance |  
| 1 | September 6, 1981 | at Los Angeles Rams | W 27–20 | 63,198 |  
| 2 | September 13, 1981 | at Cleveland Browns | W 9–3 | 79,483 |  

==============current step===========
Thought 1: To determine the number of away games won, I need to identify all games marked as "away" (indicated by "at" in the Opponent column) and check if the Result is a win ("W").  
Action 1: Retrieve[retrieve all rows where Opponent starts with "at" and Result starts with "W"]  
Observation 1:  
| Week | Date | Opponent | Result | Attendance |  
| 1 | September 6, 1981 | at Los Angeles Rams | W 27–20 | 63,198 |  
| 2 | September 13, 1981 | at Cleveland Browns | W 9–3 | 79,483 |  
Thought 2: The retrieved rows (Observation 1) show two away games with "W" results (Weeks 1 and 2). The answer is 2.  
Action 2: Finish[2]

Finished Trial 1, Correct: 0, Incorrect: 1, Halted: 0

=== sample 129 id=nu-129 start ===
=== sample 129 returncode=0 end ===
/home/ubuntu/miniconda3/envs/lzz-agent/lib/python3.11/site-packages/langchain/__init__.py:29: UserWarning: Importing Wikipedia from langchain root module is no longer supported. Please use langchain.docstore.Wikipedia instead.
  warnings.warn(
/home/ubuntu/miniconda3/envs/lzz-agent/lib/python3.11/site-packages/langchain_core/_api/deprecation.py:119: LangChainDeprecationWarning: The class `DocstoreExplorer` was deprecated in LangChain 0.1.0 and will be removed in 0.3.0
  warn_deprecated(
==============current step===========

==============current step===========
Thought 1: I need to count all the entries in the "Subject" column of the table to determine the total number of subjects listed.
Action 1: Retrieve[retrieve all values in the "Subject" column]
Observation 1: | Subject |
| Solar System |
| Olympics |
| Basketball |
| Nursing |
| Scuba Gear |
| Helicopter |
| Corn Flakes |
| Radium |
| Chewing Gum |
| Painting |
| Phonograph |
| Paper |
| Round Earth |
| Dynamite |
| Microscope |
| Writing |
| Sausage |
| Bicycle |
| Wheel |
| Germs |
| Boomerang |
| Coins |
| Tools |
| Saxophone |
| Toilet |

==============current step===========
Thought 1: I need to count all the entries in the "Subject" column of the table to determine the total number of subjects listed.
Action 1: Retrieve[retrieve all values in the "Subject" column]
Observation 1: | Subject |
| Solar System |
| Olympics |
| Basketball |
| Nursing |
| Scuba Gear |
| Helicopter |
| Corn Flakes |
| Radium |
| Chewing Gum |
| Painting |
| Phonograph |
| Paper |
| Round Earth |
| Dynamite |
| Microscope |
| Writing |
| Sausage |
| Bicycle |
| Wheel |
| Germs |
| Boomerang |
| Coins |
| Tools |
| Saxophone |
| Toilet |
Thought 2: I need to count the number of subjects listed in the retrieved list from observation 1.  
Action 2: Calculate[count the number of entries in the "Subject" column]  
Observation 2: 24  

Finished Trial 1, Correct: 1, Incorrect: 0, Halted: 1

=== sample 130 id=nu-130 start ===
=== sample 130 returncode=0 end ===
/home/ubuntu/miniconda3/envs/lzz-agent/lib/python3.11/site-packages/langchain/__init__.py:29: UserWarning: Importing Wikipedia from langchain root module is no longer supported. Please use langchain.docstore.Wikipedia instead.
  warnings.warn(
/home/ubuntu/miniconda3/envs/lzz-agent/lib/python3.11/site-packages/langchain_core/_api/deprecation.py:119: LangChainDeprecationWarning: The class `DocstoreExplorer` was deprecated in LangChain 0.1.0 and will be removed in 0.3.0
  warn_deprecated(
==============current step===========
Thought 1: The question asks for the manufacturer used by the top racer. The top position in the table is "1" (Loris Capirossi), and the corresponding manufacturer is listed as Honda.  
Action 1: Retrieve[retrieve the manufacturer for the rider in position 1]  
Observation 1: | Manufacturer |  
| Honda |  

==============current step===========
Thought 1: The question asks for the manufacturer used by the top racer. The top position in the table is "1" (Loris Capirossi), and the corresponding manufacturer is listed as Honda.  
Action 1: Retrieve[retrieve the manufacturer for the rider in position 1]  
Observation 1: | Manufacturer |  
| Honda |  
Thought 2: The manufacturer for the top racer (position 1) is Honda.  
Action 2: Finish[Honda]

Finished Trial 1, Correct: 1, Incorrect: 0, Halted: 0

=== sample 131 id=nu-131 start ===
=== sample 131 returncode=0 end ===
/home/ubuntu/miniconda3/envs/lzz-agent/lib/python3.11/site-packages/langchain/__init__.py:29: UserWarning: Importing Wikipedia from langchain root module is no longer supported. Please use langchain.docstore.Wikipedia instead.
  warnings.warn(
/home/ubuntu/miniconda3/envs/lzz-agent/lib/python3.11/site-packages/langchain_core/_api/deprecation.py:119: LangChainDeprecationWarning: The class `DocstoreExplorer` was deprecated in LangChain 0.1.0 and will be removed in 0.3.0
  warn_deprecated(
==============current step===========
Thought 1: I need to count the number of entries in the "Water level cm" column that are less than 240 cm.  
Action 1: Retrieve[retrieve all rows where "Water level cm" < 240]  
Observation 1: | column_1 | Chronological No. | Date (New style) | Water level cm | Peak hour |
| 29.0 | 219.0 | 8 January 1932 | 239.0 | 3:00 |
| 30.0 | 225.0 | 8 October 1935 | 239.0 | 5:50 |
| 31.0 | 18.0 | 12 October 1729 | 237.0 | 10:00 |
| 32.0 | 76.0 | 29 September 1788 | 237.0 | – |
| 33.0 | 145.0 | 26 November 1874 | 237.0 | 4:00 |
| 34.0 | 171.0 | 2 November 1895 | 237.0 | 3:00 |
| 35.0 | 227.0 | 9 September 1937 | 236.0 | 5:30 |
| 36.0 | 37.0 | 17 October 1744 | 234.0 | – |
| 37.0 | 41.0 | 26 October 1752 | 234.0 | 12:00 |
| 38.0 | 43.0 | 11 December 1752 | 234.0 | night |
| 39.0 | 228.0 | 14 September 1938 | 233.0 | 2:25 |
| 40.0 | 269.0 | 7 September 1977 | 231.0 | 16:50 |
| 41.0 | 292.0 | 1 January 1984 | 231.0 | 21:20 |
| 42.0 | 125.0 | 19 January 1866 | 229.0 | 10:00 |
| 43.0 | 208.0 | 24 November 1922 | 228.0 | 19:15 |
| 44.0 | 315.0 | 12 October 1994 | 228.0 | 13:50 |
| 45.0 | 116.0 | 8 October 1863 | 227.0 | 2:00 |
| 46.0 | 211.0 | 3 January 1925 | 225.0 | 21:30 |
| 47.0 | 81.0 | 6 September 1802 | 224.0 | daytime |
| 48.0 | 122.0 | 19 May 1865 | 224.0 | 9:10 |
| 49.0 | 202.0 | 24 August 1918 | 224.0 | 9:10 |
| 50.0 | 242.0 | 14 October 1954 | 222.0 | 21:00 |

==============current step===========
Thought 1: I need to count the number of entries in the "Water level cm" column that are less than 240 cm.  
Action 1: Retrieve[retrieve all rows where "Water level cm" < 240]  
Observation 1: | column_1 | Chronological No. | Date (New style) | Water level cm | Peak hour |
| 29.0 | 219.0 | 8 January 1932 | 239.0 | 3:00 |
| 30.0 | 225.0 | 8 October 1935 | 239.0 | 5:50 |
| 31.0 | 18.0 | 12 October 1729 | 237.0 | 10:00 |
| 32.0 | 76.0 | 29 September 1788 | 237.0 | – |
| 33.0 | 145.0 | 26 November 1874 | 237.0 | 4:00 |
| 34.0 | 171.0 | 2 November 1895 | 237.0 | 3:00 |
| 35.0 | 227.0 | 9 September 1937 | 236.0 | 5:30 |
| 36.0 | 37.0 | 17 October 1744 | 234.0 | – |
| 37.0 | 41.0 | 26 October 1752 | 234.0 | 12:00 |
| 38.0 | 43.0 | 11 December 1752 | 234.0 | night |
| 39.0 | 228.0 | 14 September 1938 | 233.0 | 2:25 |
| 40.0 | 269.0 | 7 September 1977 | 231.0 | 16:50 |
| 41.0 | 292.0 | 1 January 1984 | 231.0 | 21:20 |
| 42.0 | 125.0 | 19 January 1866 | 229.0 | 10:00 |
| 43.0 | 208.0 | 24 November 1922 | 228.0 | 19:15 |
| 44.0 | 315.0 | 12 October 1994 | 228.0 | 13:50 |
| 45.0 | 116.0 | 8 October 1863 | 227.0 | 2:00 |
| 46.0 | 211.0 | 3 January 1925 | 225.0 | 21:30 |
| 47.0 | 81.0 | 6 September 1802 | 224.0 | daytime |
| 48.0 | 122.0 | 19 May 1865 | 224.0 | 9:10 |
| 49.0 | 202.0 | 24 August 1918 | 224.0 | 9:10 |
| 50.0 | 242.0 | 14 October 1954 | 222.0 | 21:00 |
Thought 2: The retrieved table in Observation 1 contains 22 entries where the water level is under 240 cm.  
Action 2: Finish[22]

Finished Trial 1, Correct: 1, Incorrect: 0, Halted: 0

=== sample 132 id=nu-132 start ===
=== sample 132 returncode=0 end ===
/home/ubuntu/miniconda3/envs/lzz-agent/lib/python3.11/site-packages/langchain/__init__.py:29: UserWarning: Importing Wikipedia from langchain root module is no longer supported. Please use langchain.docstore.Wikipedia instead.
  warnings.warn(
/home/ubuntu/miniconda3/envs/lzz-agent/lib/python3.11/site-packages/langchain_core/_api/deprecation.py:119: LangChainDeprecationWarning: The class `DocstoreExplorer` was deprecated in LangChain 0.1.0 and will be removed in 0.3.0
  warn_deprecated(
==============current step===========
Thought 1: I need to identify all venues in the table that are American cities, excluding Seattle. The "Venue" column contains locations, so I will retrieve all entries in this column and filter for U.S. cities.  
Action 1: Retrieve[retrieve all venues from the table]  
Observation 1: | Venue |  
| Dubai |  
| Zhongshan |  
| Zhongshan |  
| Kunming |  
| Seattle |  
| Los Angeles |  
| Kunshan |  
| Muscat |  
| Muscat |  
| Amman |  

==============current step===========
Thought 1: I need to identify all venues in the table that are American cities, excluding Seattle. The "Venue" column contains locations, so I will retrieve all entries in this column and filter for U.S. cities.  
Action 1: Retrieve[retrieve all venues from the table]  
Observation 1: | Venue |  
| Dubai |  
| Zhongshan |  
| Zhongshan |  
| Kunming |  
| Seattle |  
| Los Angeles |  
| Kunshan |  
| Muscat |  
| Muscat |  
| Amman |  
Thought 2: From the retrieved venues, identify which ones are U.S. cities excluding Seattle. Los Angeles is the only other U.S. city listed.  
Action 2: Finish[Los Angeles]

Finished Trial 1, Correct: 1, Incorrect: 0, Halted: 0

=== sample 133 id=nu-133 start ===
=== sample 133 returncode=0 end ===
/home/ubuntu/miniconda3/envs/lzz-agent/lib/python3.11/site-packages/langchain/__init__.py:29: UserWarning: Importing Wikipedia from langchain root module is no longer supported. Please use langchain.docstore.Wikipedia instead.
  warnings.warn(
/home/ubuntu/miniconda3/envs/lzz-agent/lib/python3.11/site-packages/langchain_core/_api/deprecation.py:119: LangChainDeprecationWarning: The class `DocstoreExplorer` was deprecated in LangChain 0.1.0 and will be removed in 0.3.0
  warn_deprecated(
==============current step===========
Thought 1: I need to determine the first reagent for hydroxyalkyl cellulose ethers. The table lists "Hydroxyalkyl" under "Cellulose ethers" with "Epoxides" specified in the "Reagent" column. This suggests the first reagent is an epoxide.  
Action 1: Retrieve[retrieve the "Reagent" for "Hydroxyalkyl" from the table]  
Observation 1: | Reagent |
| Epoxides |

==============current step===========
Thought 1: I need to determine the first reagent for hydroxyalkyl cellulose ethers. The table lists "Hydroxyalkyl" under "Cellulose ethers" with "Epoxides" specified in the "Reagent" column. This suggests the first reagent is an epoxide.  
Action 1: Retrieve[retrieve the "Reagent" for "Hydroxyalkyl" from the table]  
Observation 1: | Reagent |
| Epoxides |
Thought 2: The table explicitly states that for "Hydroxyalkyl" cellulose ethers, the first reagent is "Epoxides." This directly answers the question.  
Action 2: Finish[epoxide]

Finished Trial 1, Correct: 0, Incorrect: 1, Halted: 0

=== sample 134 id=nu-134 start ===
=== sample 134 returncode=0 end ===
/home/ubuntu/miniconda3/envs/lzz-agent/lib/python3.11/site-packages/langchain/__init__.py:29: UserWarning: Importing Wikipedia from langchain root module is no longer supported. Please use langchain.docstore.Wikipedia instead.
  warnings.warn(
/home/ubuntu/miniconda3/envs/lzz-agent/lib/python3.11/site-packages/langchain_core/_api/deprecation.py:119: LangChainDeprecationWarning: The class `DocstoreExplorer` was deprecated in LangChain 0.1.0 and will be removed in 0.3.0
  warn_deprecated(
==============current step===========
Thought 1: I need to count the number of matches where attendance was at least 8,000. I'll retrieve all attendance numbers and filter those ≥8000.
Action 1: Retrieve[retrieve all rows with Attendance ≥ 8000]
Observation 1: | Attendance |
| 10,000 |
| 15,000 |
| 14,000 |
| 8,500 |
| 10,000 |
| 10,000 |

==============current step===========
Thought 1: I need to count the number of matches where attendance was at least 8,000. I'll retrieve all attendance numbers and filter those ≥8000.
Action 1: Retrieve[retrieve all rows with Attendance ≥ 8000]
Observation 1: | Attendance |
| 10,000 |
| 15,000 |
| 14,000 |
| 8,500 |
| 10,000 |
| 10,000 |
Thought 2: The retrieved attendances show 6 matches with 8,000+ attendees. The answer is 6.  
Action 2: Finish[6]

Finished Trial 1, Correct: 1, Incorrect: 0, Halted: 0

=== sample 135 id=nu-135 start ===
=== sample 135 returncode=0 end ===
/home/ubuntu/miniconda3/envs/lzz-agent/lib/python3.11/site-packages/langchain/__init__.py:29: UserWarning: Importing Wikipedia from langchain root module is no longer supported. Please use langchain.docstore.Wikipedia instead.
  warnings.warn(
/home/ubuntu/miniconda3/envs/lzz-agent/lib/python3.11/site-packages/langchain_core/_api/deprecation.py:119: LangChainDeprecationWarning: The class `DocstoreExplorer` was deprecated in LangChain 0.1.0 and will be removed in 0.3.0
  warn_deprecated(
==============current step===========
Thought 1: I need to retrieve the notes for E minor major seventh (EmM7) and A minor major seventh (AmM7) chords from the table.
Action 1: Retrieve[retrieve the notes for EmM7 and AmM7 chords]
Observation 1: | Chord | Root | Minor Third | Perfect Fifth | Major Seventh |
| EmM7 | E | G | B | D♯ |
| AmM7 | A | C | E | G♯ |

==============current step===========
Thought 1: I need to retrieve the notes for E minor major seventh (EmM7) and A minor major seventh (AmM7) chords from the table.
Action 1: Retrieve[retrieve the notes for EmM7 and AmM7 chords]
Observation 1: | Chord | Root | Minor Third | Perfect Fifth | Major Seventh |
| EmM7 | E | G | B | D♯ |
| AmM7 | A | C | E | G♯ |
Thought 2: Now I need to identify the common note between the two chords. The EmM7 chord has notes E, G, B, D♯. The AmM7 chord has notes A, C, E, G♯. The only note present in both is E.
Action 2: Finish[E]

Finished Trial 1, Correct: 1, Incorrect: 0, Halted: 0

=== sample 136 id=nu-136 start ===
=== sample 136 returncode=0 end ===
/home/ubuntu/miniconda3/envs/lzz-agent/lib/python3.11/site-packages/langchain/__init__.py:29: UserWarning: Importing Wikipedia from langchain root module is no longer supported. Please use langchain.docstore.Wikipedia instead.
  warnings.warn(
/home/ubuntu/miniconda3/envs/lzz-agent/lib/python3.11/site-packages/langchain_core/_api/deprecation.py:119: LangChainDeprecationWarning: The class `DocstoreExplorer` was deprecated in LangChain 0.1.0 and will be removed in 0.3.0
  warn_deprecated(
==============current step===========
Thought 1: I need to count the number of individuals with Final Points ≥ 460. First, retrieve all rows where Final Points are 460 or higher.
Action 1: Retrieve[retrieve rows where Final Points ≥ 460]
Observation 1: | Diver | Final Points |
| Sylvie Bernier (CAN) | 530.70 |
| Kelly McCormick (USA) | 527.46 |
| Christina Seufert (USA) | 517.62 |
| Li Yihua (CHN) | 506.52 |
| Li Qiaoxian (CHN) | 487.68 |
| Elsa Tenorio (MEX) | 463.56 |

==============current step===========
Thought 1: I need to count the number of individuals with Final Points ≥ 460. First, retrieve all rows where Final Points are 460 or higher.
Action 1: Retrieve[retrieve rows where Final Points ≥ 460]
Observation 1: | Diver | Final Points |
| Sylvie Bernier (CAN) | 530.70 |
| Kelly McCormick (USA) | 527.46 |
| Christina Seufert (USA) | 517.62 |
| Li Yihua (CHN) | 506.52 |
| Li Qiaoxian (CHN) | 487.68 |
| Elsa Tenorio (MEX) | 463.56 |
Thought 2: The retrieved table in Observation 1 shows 6 individuals with Final Points ≥ 460. The count is 6.
Action 2: Finish[6]

Finished Trial 1, Correct: 1, Incorrect: 0, Halted: 0

=== sample 137 id=nu-137 start ===
=== sample 137 returncode=0 end ===
/home/ubuntu/miniconda3/envs/lzz-agent/lib/python3.11/site-packages/langchain/__init__.py:29: UserWarning: Importing Wikipedia from langchain root module is no longer supported. Please use langchain.docstore.Wikipedia instead.
  warnings.warn(
/home/ubuntu/miniconda3/envs/lzz-agent/lib/python3.11/site-packages/langchain_core/_api/deprecation.py:119: LangChainDeprecationWarning: The class `DocstoreExplorer` was deprecated in LangChain 0.1.0 and will be removed in 0.3.0
  warn_deprecated(
==============current step===========
Thought 1: I need to determine the duration the Great Pyramid of Giza held the record. The "Held record" column shows the time span from 2570 BC to 1311 AD. To calculate the total years, I must compute the difference between these two dates, accounting for BC to AD transition.  
Action 1: Calculate[Calculate the duration from 2570 BC to 1311 AD]  
Observation 1: 2570 (BC) + 1311 (AD) - 1 = 3880 years (subtracting 1 because there is no year 0).  

==============current step===========
Thought 1: I need to determine the duration the Great Pyramid of Giza held the record. The "Held record" column shows the time span from 2570 BC to 1311 AD. To calculate the total years, I must compute the difference between these two dates, accounting for BC to AD transition.  
Action 1: Calculate[Calculate the duration from 2570 BC to 1311 AD]  
Observation 1: 2570 (BC) + 1311 (AD) - 1 = 3880 years (subtracting 1 because there is no year 0).  
Thought 2: The calculation shows the Great Pyramid held the record for 3880 years. This matches the observed result from the calculation step.  
Action 2: Finish[3880 years]

Finished Trial 1, Correct: 0, Incorrect: 1, Halted: 0

=== sample 138 id=nu-138 start ===
=== sample 138 returncode=0 end ===
/home/ubuntu/miniconda3/envs/lzz-agent/lib/python3.11/site-packages/langchain/__init__.py:29: UserWarning: Importing Wikipedia from langchain root module is no longer supported. Please use langchain.docstore.Wikipedia instead.
  warnings.warn(
/home/ubuntu/miniconda3/envs/lzz-agent/lib/python3.11/site-packages/langchain_core/_api/deprecation.py:119: LangChainDeprecationWarning: The class `DocstoreExplorer` was deprecated in LangChain 0.1.0 and will be removed in 0.3.0
  warn_deprecated(
==============current step===========
Thought 1: I need to count the number of websites where the "Advertising" column indicates no advertising. This includes entries marked "None" and possibly "No".
Action 1: Retrieve[retrieve all rows where Advertising is "None" or "No"]
Observation 1: | Name | Topic | Cost | Target age | Advertising |
| Ask A Biologist | Biology | Free | 5+ | None |
| Bitesize by the BBC | Art & Design, Business Studies, Design & Technology, DiDA, Drama, English, English Literature, French, Geography, German, History, ICT, Irish, Maths, Music, Physical Education, Religious Studies, Science, Spanish | Free | 5-16 | None |
| BrainPop | Science, Social studies, English, Maths, Art & Music, Health, Technology | from US$75/year | 4-17 | None |
| HackMath.net | Mathematics | Free | 9-18 | None |
| HyperPhysics | Physics | Free | 15+ | None |
| LearnAlberta.ca | Everything (mainly aimed at teachers) | Free | 5-18 | No |
| Starfall.com | Reading | Free | 2-9 | None |
| Smartygames.com | Math Games, Reading, Art, Word Scramble, Spanish, Puzzles, Kids Sudoku and more | Free | 2-9 | None |
| WatchKnowLearn | All | Free | 2-17 | None |

==============current step===========
Thought 1: I need to count the number of websites where the "Advertising" column indicates no advertising. This includes entries marked "None" and possibly "No".
Action 1: Retrieve[retrieve all rows where Advertising is "None" or "No"]
Observation 1: | Name | Topic | Cost | Target age | Advertising |
| Ask A Biologist | Biology | Free | 5+ | None |
| Bitesize by the BBC | Art & Design, Business Studies, Design & Technology, DiDA, Drama, English, English Literature, French, Geography, German, History, ICT, Irish, Maths, Music, Physical Education, Religious Studies, Science, Spanish | Free | 5-16 | None |
| BrainPop | Science, Social studies, English, Maths, Art & Music, Health, Technology | from US$75/year | 4-17 | None |
| HackMath.net | Mathematics | Free | 9-18 | None |
| HyperPhysics | Physics | Free | 15+ | None |
| LearnAlberta.ca | Everything (mainly aimed at teachers) | Free | 5-18 | No |
| Starfall.com | Reading | Free | 2-9 | None |
| Smartygames.com | Math Games, Reading, Art, Word Scramble, Spanish, Puzzles, Kids Sudoku and more | Free | 2-9 | None |
| WatchKnowLearn | All | Free | 2-17 | None |
Thought 2: The retrieved table in Observation 1 lists 9 websites with "None" or "No" in the Advertising column. These represent websites free of advertising. The answer is 9.
Action 2: Finish[9]

Finished Trial 1, Correct: 1, Incorrect: 0, Halted: 0

=== sample 139 id=nu-139 start ===
=== sample 139 returncode=0 end ===
/home/ubuntu/miniconda3/envs/lzz-agent/lib/python3.11/site-packages/langchain/__init__.py:29: UserWarning: Importing Wikipedia from langchain root module is no longer supported. Please use langchain.docstore.Wikipedia instead.
  warnings.warn(
/home/ubuntu/miniconda3/envs/lzz-agent/lib/python3.11/site-packages/langchain_core/_api/deprecation.py:119: LangChainDeprecationWarning: The class `DocstoreExplorer` was deprecated in LangChain 0.1.0 and will be removed in 0.3.0
  warn_deprecated(
==============current step===========
Thought 1: To determine the country with the most competitors, I need to identify the nationalities of all drivers listed in the table and count how many drivers are from each country.  
Action 1: Retrieve[all drivers' names from the table]  
Observation 1: | Driver |
| Alain Prost |
| Thierry Boutsen |
| Ayrton Senna |
| Éric Bernard |
| Nelson Piquet |
| Aguri Suzuki |
| Alex Caffi |
| Jean Alesi |
| Stefano Modena |
| Nicola Larini |
| Emanuele Pirro |
| Paolo Barilla |
| Philippe Alliot |
| Gerhard Berger |
| Nigel Mansell |
| Ivan Capelli |
| Martin Donnelly |
| Derek Warwick |
| Gabriele Tarquini |
| Michele Alboreto |
| Riccardo Patrese |
| Satoru Nakajima |
| Alessandro Nannini |
| Andrea de Cesaris |
| Pierluigi Martini |
| Maurício Gugelmin |
| Olivier Grouillard |
| David Brabham |
| JJ Lehto |
| Gregor Foitek |
| Roberto Moreno |
| Yannick Dalmas |
| Claudio Langes |
| Bertrand Gachot |
| Bruno Giacomelli |

==============current step===========
Thought 1: To determine the country with the most competitors, I need to identify the nationalities of all drivers listed in the table and count how many drivers are from each country.  
Action 1: Retrieve[all drivers' names from the table]  
Observation 1: | Driver |
| Alain Prost |
| Thierry Boutsen |
| Ayrton Senna |
| Éric Bernard |
| Nelson Piquet |
| Aguri Suzuki |
| Alex Caffi |
| Jean Alesi |
| Stefano Modena |
| Nicola Larini |
| Emanuele Pirro |
| Paolo Barilla |
| Philippe Alliot |
| Gerhard Berger |
| Nigel Mansell |
| Ivan Capelli |
| Martin Donnelly |
| Derek Warwick |
| Gabriele Tarquini |
| Michele Alboreto |
| Riccardo Patrese |
| Satoru Nakajima |
| Alessandro Nannini |
| Andrea de Cesaris |
| Pierluigi Martini |
| Maurício Gugelmin |
| Olivier Grouillard |
| David Brabham |
| JJ Lehto |
| Gregor Foitek |
| Roberto Moreno |
| Yannick Dalmas |
| Claudio Langes |
| Bertrand Gachot |
| Bruno Giacomelli |
Thought 2: Alain Prost is French. Next, I will search for Thierry Boutsen's nationality.  
Action 2: Search[Thierry Boutsen]  
Observation 2: Thierry Boutsen (born 23 April 1957) is a Belgian former racing driver who competed in Formula One from 1984 to 1993...  

==============current step===========
Thought 1: To determine the country with the most competitors, I need to identify the nationalities of all drivers listed in the table and count how many drivers are from each country.  
Action 1: Retrieve[all drivers' names from the table]  
Observation 1: | Driver |
| Alain Prost |
| Thierry Boutsen |
| Ayrton Senna |
| Éric Bernard |
| Nelson Piquet |
| Aguri Suzuki |
| Alex Caffi |
| Jean Alesi |
| Stefano Modena |
| Nicola Larini |
| Emanuele Pirro |
| Paolo Barilla |
| Philippe Alliot |
| Gerhard Berger |
| Nigel Mansell |
| Ivan Capelli |
| Martin Donnelly |
| Derek Warwick |
| Gabriele Tarquini |
| Michele Alboreto |
| Riccardo Patrese |
| Satoru Nakajima |
| Alessandro Nannini |
| Andrea de Cesaris |
| Pierluigi Martini |
| Maurício Gugelmin |
| Olivier Grouillard |
| David Brabham |
| JJ Lehto |
| Gregor Foitek |
| Roberto Moreno |
| Yannick Dalmas |
| Claudio Langes |
| Bertrand Gachot |
| Bruno Giacomelli |
Thought 2: Alain Prost is French. Next, I will search for Thierry Boutsen's nationality.  
Action 2: Search[Thierry Boutsen]  
Observation 2: Thierry Boutsen (born 23 April 1957) is a Belgian former racing driver who competed in Formula One from 1984 to 1993...  

Finished Trial 1, Correct: 0, Incorrect: 0, Halted: 1

=== sample 140 id=nu-140 start ===
=== sample 140 returncode=0 end ===
/home/ubuntu/miniconda3/envs/lzz-agent/lib/python3.11/site-packages/langchain/__init__.py:29: UserWarning: Importing Wikipedia from langchain root module is no longer supported. Please use langchain.docstore.Wikipedia instead.
  warnings.warn(
/home/ubuntu/miniconda3/envs/lzz-agent/lib/python3.11/site-packages/langchain_core/_api/deprecation.py:119: LangChainDeprecationWarning: The class `DocstoreExplorer` was deprecated in LangChain 0.1.0 and will be removed in 0.3.0
  warn_deprecated(
Traceback (most recent call last):
  File "/home/ubuntu/lzz/MACT/code/tqa.py", line 197, in main
    finished_agent = write_to_file(
                     ^^^^^^^^^^^^^^
  File "/home/ubuntu/lzz/MACT/code/tqa.py", line 38, in write_to_file
    agent.run(given_plan)
  File "/home/ubuntu/lzz/MACT/code/agents.py", line 893, in run
    self.step()
  File "/home/ubuntu/lzz/MACT/code/agents.py", line 967, in step
    new_ob = self.retriever_tool(
             ^^^^^^^^^^^^^^^^^^^^
  File "/home/ubuntu/lzz/MACT/code/agents.py", line 376, in retriever_tool
    codes = self._generate_candidates(
            ^^^^^^^^^^^^^^^^^^^^^^^^^^
  File "/home/ubuntu/lzz/MACT/code/agents.py", line 331, in _generate_candidates
    return self.api_backend.generate(
           ^^^^^^^^^^^^^^^^^^^^^^^^^^
  File "/home/ubuntu/lzz/MACT/code/model_backends.py", line 145, in generate
    response = self.client.chat.completions.create(**request)
               ^^^^^^^^^^^^^^^^^^^^^^^^^^^^^^^^^^^^^^^^^^^^^^
  File "/home/ubuntu/miniconda3/envs/lzz-agent/lib/python3.11/site-packages/openai/_utils/_utils.py", line 286, in wrapper
    return func(*args, **kwargs)
           ^^^^^^^^^^^^^^^^^^^^^
  File "/home/ubuntu/miniconda3/envs/lzz-agent/lib/python3.11/site-packages/openai/resources/chat/completions/completions.py", line 1204, in create
    return self._post(
           ^^^^^^^^^^^
  File "/home/ubuntu/miniconda3/envs/lzz-agent/lib/python3.11/site-packages/openai/_base_client.py", line 1297, in post
    return cast(ResponseT, self.request(cast_to, opts, stream=stream, stream_cls=stream_cls))
                           ^^^^^^^^^^^^^^^^^^^^^^^^^^^^^^^^^^^^^^^^^^^^^^^^^^^^^^^^^^^^^^^^^
  File "/home/ubuntu/miniconda3/envs/lzz-agent/lib/python3.11/site-packages/openai/_base_client.py", line 1070, in request
    raise self._make_status_error_from_response(err.response) from None
openai.BadRequestError: Error code: 400 - {'error': {'message': "You passed 6145 input tokens and requested 2048 output tokens. However, the model's context length is only 8192 tokens, resulting in a maximum input length of 6144 tokens. Please reduce the length of the input prompt. (parameter=input_tokens, value=6145)", 'type': 'BadRequestError', 'param': 'input_tokens', 'code': 400}}


=== sample 141 id=nu-141 start ===
=== sample 141 returncode=0 end ===
/home/ubuntu/miniconda3/envs/lzz-agent/lib/python3.11/site-packages/langchain/__init__.py:29: UserWarning: Importing Wikipedia from langchain root module is no longer supported. Please use langchain.docstore.Wikipedia instead.
  warnings.warn(
/home/ubuntu/miniconda3/envs/lzz-agent/lib/python3.11/site-packages/langchain_core/_api/deprecation.py:119: LangChainDeprecationWarning: The class `DocstoreExplorer` was deprecated in LangChain 0.1.0 and will be removed in 0.3.0
  warn_deprecated(
==============current step===========
Thought 1: I need to find the first date when the Class 1 toll exceeded £2.00. I'll examine the "Class 1" column for values greater than £2.00 and identify the earliest corresponding date.
Action 1: Retrieve[retrieve all rows where Class 1 > £2.00, ordered by Date introduced]
Observation 1: | Date introduced | Class 1 (e.g. Motorbike) |
| 14 June 2005 | £2.50 |
| 1 January 2008 | £2.50 |
| 1 January 2009 | £2.70 |
| 1 March 2010 | £2.70 |
| 1 March 2011 | £3.00 |
| 1 March 2012 | £3.00 |

==============current step===========
Thought 1: I need to find the first date when the Class 1 toll exceeded £2.00. I'll examine the "Class 1" column for values greater than £2.00 and identify the earliest corresponding date.
Action 1: Retrieve[retrieve all rows where Class 1 > £2.00, ordered by Date introduced]
Observation 1: | Date introduced | Class 1 (e.g. Motorbike) |
| 14 June 2005 | £2.50 |
| 1 January 2008 | £2.50 |
| 1 January 2009 | £2.70 |
| 1 March 2010 | £2.70 |
| 1 March 2011 | £3.00 |
| 1 March 2012 | £3.00 |
Thought 2: The first occurrence of Class 1 toll exceeding £2.00 is on 14 June 2005. This is the earliest date in the retrieved results.
Action 2: Finish[14 June 2005]

Finished Trial 1, Correct: 1, Incorrect: 0, Halted: 0

=== sample 142 id=nu-142 start ===
=== sample 142 returncode=0 end ===
/home/ubuntu/miniconda3/envs/lzz-agent/lib/python3.11/site-packages/langchain/__init__.py:29: UserWarning: Importing Wikipedia from langchain root module is no longer supported. Please use langchain.docstore.Wikipedia instead.
  warnings.warn(
/home/ubuntu/miniconda3/envs/lzz-agent/lib/python3.11/site-packages/langchain_core/_api/deprecation.py:119: LangChainDeprecationWarning: The class `DocstoreExplorer` was deprecated in LangChain 0.1.0 and will be removed in 0.3.0
  warn_deprecated(
==============current step===========
Thought 1: I need to count the number of conferences that have exactly 2 bids. The "# of Bids" column in the table contains this information. I will retrieve all entries where "# of Bids" is 2.  
Action 1: Retrieve[retrieve conferences where # of Bids = 2]  
Observation 1: | Conference | # of Bids | Record | Win % | Round of 32 | Sweet Sixteen | Elite Eight | Final Four | Championship Game |
| Sun Belt | 2.0 | 6–2 | 0.75 | 2.0 | 1.0 | 1.0 | 1.0 | 1.0 |
| Big East | 2.0 | 5–2 | 0.714 | 2.0 | 2.0 | 1.0 | – | – |
| Metro | 2.0 | 2–2 | 0.5 | 1.0 | 1.0 | – | – | – |
| Missouri Valley | 2.0 | 2–2 | 0.5 | 2.0 | – | – | – | – |
| Big Sky | 2.0 | 1–2 | 0.333 | 1.0 | – | – | – | – |
| Big West | 2.0 | 0–2 | – | – | – | – | – | – |
| Great Midwest | 2.0 | 0–2 | – | – | – | – | – | – |
| Mid-Continent | 2.0 | 0–2 | – | – | – | – | – | – |
| West Coast | 2.0 | 0–2 | – | – | – | – | – | – |

==============current step===========
Thought 1: I need to count the number of conferences that have exactly 2 bids. The "# of Bids" column in the table contains this information. I will retrieve all entries where "# of Bids" is 2.  
Action 1: Retrieve[retrieve conferences where # of Bids = 2]  
Observation 1: | Conference | # of Bids | Record | Win % | Round of 32 | Sweet Sixteen | Elite Eight | Final Four | Championship Game |
| Sun Belt | 2.0 | 6–2 | 0.75 | 2.0 | 1.0 | 1.0 | 1.0 | 1.0 |
| Big East | 2.0 | 5–2 | 0.714 | 2.0 | 2.0 | 1.0 | – | – |
| Metro | 2.0 | 2–2 | 0.5 | 1.0 | 1.0 | – | – | – |
| Missouri Valley | 2.0 | 2–2 | 0.5 | 2.0 | – | – | – | – |
| Big Sky | 2.0 | 1–2 | 0.333 | 1.0 | – | – | – | – |
| Big West | 2.0 | 0–2 | – | – | – | – | – | – |
| Great Midwest | 2.0 | 0–2 | – | – | – | – | – | – |
| Mid-Continent | 2.0 | 0–2 | – | – | – | – | – | – |
| West Coast | 2.0 | 0–2 | – | – | – | – | – | – |
Thought 2: The retrieved table in Observation 1 lists 9 conferences with exactly 2 bids. The question asks for the number of such conferences, so the answer is 9.  
Action 2: Finish[9]

Finished Trial 1, Correct: 1, Incorrect: 0, Halted: 0

=== sample 143 id=nu-143 start ===
=== sample 143 returncode=0 end ===
/home/ubuntu/miniconda3/envs/lzz-agent/lib/python3.11/site-packages/langchain/__init__.py:29: UserWarning: Importing Wikipedia from langchain root module is no longer supported. Please use langchain.docstore.Wikipedia instead.
  warnings.warn(
/home/ubuntu/miniconda3/envs/lzz-agent/lib/python3.11/site-packages/langchain_core/_api/deprecation.py:119: LangChainDeprecationWarning: The class `DocstoreExplorer` was deprecated in LangChain 0.1.0 and will be removed in 0.3.0
  warn_deprecated(
==============current step===========
Thought 1: I need to identify the last listed historical place in Strafford County, New Hampshire. First, I should retrieve all entries in the table where the "City or town" is "Strafford."  
Action 1: Retrieve[retrieve rows where "City or town" is "Strafford"]  
Observation 1: | column_1 | Name on the Register | Date listed | Location | City or town | Summary |
| 32.0 | Strafford Union Academy | September 22, 1983 (#83001155) | NH 126 and NH 202A 43°16′07″N 71°07′23″W﻿ / ﻿43.268611°N 71.123056°W | Strafford |  |

==============current step===========
Thought 1: I need to identify the last listed historical place in Strafford County, New Hampshire. First, I should retrieve all entries in the table where the "City or town" is "Strafford."  
Action 1: Retrieve[retrieve rows where "City or town" is "Strafford"]  
Observation 1: | column_1 | Name on the Register | Date listed | Location | City or town | Summary |
| 32.0 | Strafford Union Academy | September 22, 1983 (#83001155) | NH 126 and NH 202A 43°16′07″N 71°07′23″W﻿ / ﻿43.268611°N 71.123056°W | Strafford |  |
Thought 2: The retrieved entry for Strafford is "Strafford Union Academy" listed on September 22, 1983. Since there are no other entries for Strafford in the table, this is the only and therefore the last listed historical place in Strafford County.  
Action 2: Finish[Strafford Union Academy]

Finished Trial 1, Correct: 0, Incorrect: 1, Halted: 0

=== sample 144 id=nu-144 start ===
=== sample 144 returncode=0 end ===
/home/ubuntu/miniconda3/envs/lzz-agent/lib/python3.11/site-packages/langchain/__init__.py:29: UserWarning: Importing Wikipedia from langchain root module is no longer supported. Please use langchain.docstore.Wikipedia instead.
  warnings.warn(
/home/ubuntu/miniconda3/envs/lzz-agent/lib/python3.11/site-packages/langchain_core/_api/deprecation.py:119: LangChainDeprecationWarning: The class `DocstoreExplorer` was deprecated in LangChain 0.1.0 and will be removed in 0.3.0
  warn_deprecated(
==============current step===========
Thought 1: I need to find Gregory Nelson's league goals and then identify other players with the same number. Gregory Nelson's league goals are 3. Now, I need to retrieve all players who have 3 league goals.
Action 1: Retrieve[retrieve players with League goals equal to 3]
Observation 1: | Player | League |
| Giuseppe Aquaro | 3.0 |
| Gregory Nelson | 3.0 |

==============current step===========
Thought 1: I need to find Gregory Nelson's league goals and then identify other players with the same number. Gregory Nelson's league goals are 3. Now, I need to retrieve all players who have 3 league goals.
Action 1: Retrieve[retrieve players with League goals equal to 3]
Observation 1: | Player | League |
| Giuseppe Aquaro | 3.0 |
| Gregory Nelson | 3.0 |
Thought 2: The question asks for the player(s) who scored the same number of league goals as Gregory Nelson. From observation 1, the only other player with 3 league goals is Giuseppe Aquaro.  
Action 2: Finish[Giuseppe Aquaro]

Finished Trial 1, Correct: 1, Incorrect: 0, Halted: 0

=== sample 145 id=nu-145 start ===
=== sample 145 returncode=0 end ===
/home/ubuntu/miniconda3/envs/lzz-agent/lib/python3.11/site-packages/langchain/__init__.py:29: UserWarning: Importing Wikipedia from langchain root module is no longer supported. Please use langchain.docstore.Wikipedia instead.
  warnings.warn(
/home/ubuntu/miniconda3/envs/lzz-agent/lib/python3.11/site-packages/langchain_core/_api/deprecation.py:119: LangChainDeprecationWarning: The class `DocstoreExplorer` was deprecated in LangChain 0.1.0 and will be removed in 0.3.0
  warn_deprecated(
==============current step===========
Thought 1: I need to find the track titled "Like That" in the table and identify the track that immediately follows it.  
Action 1: Retrieve[retrieve the row(s) where Title is "Like That" and the subsequent row]  
Observation 1: | # | Title |  
| 10 | Like That |  
| 11 | Call It What You Want |  

==============current step===========
Thought 1: I need to find the track titled "Like That" in the table and identify the track that immediately follows it.  
Action 1: Retrieve[retrieve the row(s) where Title is "Like That" and the subsequent row]  
Observation 1: | # | Title |  
| 10 | Like That |  
| 11 | Call It What You Want |  
Thought 2: The track following "Like That" (track #10) is "Call It What You Want" (track #11).  
Action 2: Finish[Call It What You Want]

Finished Trial 1, Correct: 1, Incorrect: 0, Halted: 0

=== sample 146 id=nu-146 start ===
=== sample 146 returncode=0 end ===
/home/ubuntu/miniconda3/envs/lzz-agent/lib/python3.11/site-packages/langchain/__init__.py:29: UserWarning: Importing Wikipedia from langchain root module is no longer supported. Please use langchain.docstore.Wikipedia instead.
  warnings.warn(
/home/ubuntu/miniconda3/envs/lzz-agent/lib/python3.11/site-packages/langchain_core/_api/deprecation.py:119: LangChainDeprecationWarning: The class `DocstoreExplorer` was deprecated in LangChain 0.1.0 and will be removed in 0.3.0
  warn_deprecated(
==============current step===========
Thought 1: I need to retrieve the number of gold medals won by South Korea from the table.
Action 1: Retrieve[retrieve the Gold value for the row where Nation is South Korea]
Observation 1: | Gold |
| 0.0 |

==============current step===========
Thought 1: I need to retrieve the number of gold medals won by South Korea from the table.
Action 1: Retrieve[retrieve the Gold value for the row where Nation is South Korea]
Observation 1: | Gold |
| 0.0 |
Thought 2: The question asks for the number of gold medals South Korea won. From the retrieved data in Observation 1, the value is 0.0, which indicates 0 gold medals.
Action 2: Finish[0]

Finished Trial 1, Correct: 1, Incorrect: 0, Halted: 0

=== sample 147 id=nu-147 start ===
=== sample 147 returncode=0 end ===
/home/ubuntu/miniconda3/envs/lzz-agent/lib/python3.11/site-packages/langchain/__init__.py:29: UserWarning: Importing Wikipedia from langchain root module is no longer supported. Please use langchain.docstore.Wikipedia instead.
  warnings.warn(
/home/ubuntu/miniconda3/envs/lzz-agent/lib/python3.11/site-packages/langchain_core/_api/deprecation.py:119: LangChainDeprecationWarning: The class `DocstoreExplorer` was deprecated in LangChain 0.1.0 and will be removed in 0.3.0
  warn_deprecated(
==============current step===========
Thought 1: I need to find the competitions held in Beijing after the 2006 World Junior Championships. The 2006 event was in Beijing, so I should look for other rows with "Beijing, China" in the Venue column and a Year after 2006.  
Action 1: Retrieve[retrieve rows where Venue is "Beijing, China" and Year > 2006]  
Observation 1: | Year | Competition | Venue | Position | Notes |
| 2008.0 | Olympic Games | Beijing, China | 10th | 5.45 m |

==============current step===========
Thought 1: I need to find the competitions held in Beijing after the 2006 World Junior Championships. The 2006 event was in Beijing, so I should look for other rows with "Beijing, China" in the Venue column and a Year after 2006.  
Action 1: Retrieve[retrieve rows where Venue is "Beijing, China" and Year > 2006]  
Observation 1: | Year | Competition | Venue | Position | Notes |
| 2008.0 | Olympic Games | Beijing, China | 10th | 5.45 m |
Thought 2: The only competition in Beijing after 2006 is the 2008 Olympic Games. This matches the retrieved data in observation 1.  
Action 2: Finish[2008 Olympic Games]

Finished Trial 1, Correct: 0, Incorrect: 1, Halted: 0

=== sample 148 id=nu-148 start ===
=== sample 148 returncode=0 end ===
/home/ubuntu/miniconda3/envs/lzz-agent/lib/python3.11/site-packages/langchain/__init__.py:29: UserWarning: Importing Wikipedia from langchain root module is no longer supported. Please use langchain.docstore.Wikipedia instead.
  warnings.warn(
/home/ubuntu/miniconda3/envs/lzz-agent/lib/python3.11/site-packages/langchain_core/_api/deprecation.py:119: LangChainDeprecationWarning: The class `DocstoreExplorer` was deprecated in LangChain 0.1.0 and will be removed in 0.3.0
  warn_deprecated(
==============current step===========
Thought 1: I need to retrieve the total points for the team "Fram" from the table.
Action 1: Retrieve[retrieve the Points value for the team "Fram"]
Observation 1: | Team | Points |
| Fram | 17.0 |

==============current step===========
Thought 1: I need to retrieve the total points for the team "Fram" from the table.
Action 1: Retrieve[retrieve the Points value for the team "Fram"]
Observation 1: | Team | Points |
| Fram | 17.0 |
Thought 2: The question asks for Fram's total points. The answer is directly retrieved as 17.0.  
Action 2: Finish[17.0]

Finished Trial 1, Correct: 0, Incorrect: 1, Halted: 0

=== sample 149 id=nu-149 start ===
=== sample 149 returncode=0 end ===
/home/ubuntu/miniconda3/envs/lzz-agent/lib/python3.11/site-packages/langchain/__init__.py:29: UserWarning: Importing Wikipedia from langchain root module is no longer supported. Please use langchain.docstore.Wikipedia instead.
  warnings.warn(
/home/ubuntu/miniconda3/envs/lzz-agent/lib/python3.11/site-packages/langchain_core/_api/deprecation.py:119: LangChainDeprecationWarning: The class `DocstoreExplorer` was deprecated in LangChain 0.1.0 and will be removed in 0.3.0
  warn_deprecated(
==============current step===========
Thought 1: To determine who became the oldest living president before John Adams, I need to identify the president immediately preceding John Adams in the "Became Oldest Living President" sequence. 
Action 1: Retrieve[retrieve the row for John Adams and the row for the president immediately before him]
Observation 1: | President | Became Oldest Living President | Ceased to Be Oldest Living President | Age at Start Date | Age at End Date | Duration (Years, Days) | Duration (Days) |
| George Washington | April 30, 1789 | December 14, 1799 | 57 years, 67 days | 67 years, 295 days | 10 years, 228 days | 3,880 days |
| John Adams | December 14, 1799 | July 4, 1826 | 64 years, 45 days | 90 years, 247 days | 26 years, 202 days | 9,698 days |

==============current step===========
Thought 1: To determine who became the oldest living president before John Adams, I need to identify the president immediately preceding John Adams in the "Became Oldest Living President" sequence. 
Action 1: Retrieve[retrieve the row for John Adams and the row for the president immediately before him]
Observation 1: | President | Became Oldest Living President | Ceased to Be Oldest Living President | Age at Start Date | Age at End Date | Duration (Years, Days) | Duration (Days) |
| George Washington | April 30, 1789 | December 14, 1799 | 57 years, 67 days | 67 years, 295 days | 10 years, 228 days | 3,880 days |
| John Adams | December 14, 1799 | July 4, 1826 | 64 years, 45 days | 90 years, 247 days | 26 years, 202 days | 9,698 days |
Thought 2: The president immediately before John Adams in the "Became Oldest Living President" sequence is George Washington, as shown in the retrieved rows. 
Action 2: Finish[George Washington]

Finished Trial 1, Correct: 1, Incorrect: 0, Halted: 0

=== sample 150 id=nu-150 start ===
=== sample 150 returncode=0 end ===
/home/ubuntu/miniconda3/envs/lzz-agent/lib/python3.11/site-packages/langchain/__init__.py:29: UserWarning: Importing Wikipedia from langchain root module is no longer supported. Please use langchain.docstore.Wikipedia instead.
  warnings.warn(
/home/ubuntu/miniconda3/envs/lzz-agent/lib/python3.11/site-packages/langchain_core/_api/deprecation.py:119: LangChainDeprecationWarning: The class `DocstoreExplorer` was deprecated in LangChain 0.1.0 and will be removed in 0.3.0
  warn_deprecated(
==============current step===========
Thought 1: I need to find the years when Levanger Church and Bamberg Church were built. Then calculate the difference between their construction years.
Action 1: Retrieve[retrieve the "Year built" for both Levanger Church and Bamberg Church]
Observation 1: | Church name | Year built |
| Levanger Church | 1902.0 |
| Bamberg Church | 1998.0 |

==============current step===========
Thought 1: I need to find the years when Levanger Church and Bamberg Church were built. Then calculate the difference between their construction years.
Action 1: Retrieve[retrieve the "Year built" for both Levanger Church and Bamberg Church]
Observation 1: | Church name | Year built |
| Levanger Church | 1902.0 |
| Bamberg Church | 1998.0 |
Thought 2: Now that I have the construction years (Levanger Church: 1902, Bamberg Church: 1998), I need to calculate the difference between 1998 and 1902 to determine how many years later Bamberg Church was built.
Action 2: Calculate[1998 - 1902]
Observation 2: (96, '')

==============current step===========
Thought 1: I need to find the years when Levanger Church and Bamberg Church were built. Then calculate the difference between their construction years.
Action 1: Retrieve[retrieve the "Year built" for both Levanger Church and Bamberg Church]
Observation 1: | Church name | Year built |
| Levanger Church | 1902.0 |
| Bamberg Church | 1998.0 |
Thought 2: Now that I have the construction years (Levanger Church: 1902, Bamberg Church: 1998), I need to calculate the difference between 1998 and 1902 to determine how many years later Bamberg Church was built.
Action 2: Calculate[1998 - 1902]
Observation 2: (96, '')
Thought 3: The calculation shows that 1998 minus 1902 equals 96. Therefore, the Bamberg Church was built 96 years after the Levanger Church.
Action 3: Finish[96]

Finished Trial 1, Correct: 1, Incorrect: 0, Halted: 0

=== sample 151 id=nu-151 start ===
=== sample 151 returncode=0 end ===
/home/ubuntu/miniconda3/envs/lzz-agent/lib/python3.11/site-packages/langchain/__init__.py:29: UserWarning: Importing Wikipedia from langchain root module is no longer supported. Please use langchain.docstore.Wikipedia instead.
  warnings.warn(
/home/ubuntu/miniconda3/envs/lzz-agent/lib/python3.11/site-packages/langchain_core/_api/deprecation.py:119: LangChainDeprecationWarning: The class `DocstoreExplorer` was deprecated in LangChain 0.1.0 and will be removed in 0.3.0
  warn_deprecated(
==============current step===========
Thought 1: I need to count the number of players who have at least 1 goal in the "Friendlies" column. This requires retrieving all entries in the "Friendlies" column and checking which players have a value ≥1 (excluding dashes).
Action 1: Retrieve[retrieve all values in the "Friendlies" column]
Observation 1: | Friendlies |
| 1.0 |
| 2.0 |
| 1.0 |
| 1.0 |
| 1.0 |
| - |
| 2.0 |
| - |
| 1.0 |
| - |
| 1.0 |
| 1.0 |
| - |
| 1.0 |

==============current step===========
Thought 1: I need to count the number of players who have at least 1 goal in the "Friendlies" column. This requires retrieving all entries in the "Friendlies" column and checking which players have a value ≥1 (excluding dashes).
Action 1: Retrieve[retrieve all values in the "Friendlies" column]
Observation 1: | Friendlies |
| 1.0 |
| 2.0 |
| 1.0 |
| 1.0 |
| 1.0 |
| - |
| 2.0 |
| - |
| 1.0 |
| - |
| 1.0 |
| 1.0 |
| - |
| 1.0 |
Thought 2: Now I need to count how many entries in the "Friendlies" column are numerical values (≥1) instead of dashes. Each numerical entry represents a player who scored at least 1 friendly goal.  
Action 2: Calculate[count the number of entries in Observation 1 where "Friendlies" is a number ≥1]  
Observation 2: 10  

==============current step===========
Thought 1: I need to count the number of players who have at least 1 goal in the "Friendlies" column. This requires retrieving all entries in the "Friendlies" column and checking which players have a value ≥1 (excluding dashes).
Action 1: Retrieve[retrieve all values in the "Friendlies" column]
Observation 1: | Friendlies |
| 1.0 |
| 2.0 |
| 1.0 |
| 1.0 |
| 1.0 |
| - |
| 2.0 |
| - |
| 1.0 |
| - |
| 1.0 |
| 1.0 |
| - |
| 1.0 |
Thought 2: Now I need to count how many entries in the "Friendlies" column are numerical values (≥1) instead of dashes. Each numerical entry represents a player who scored at least 1 friendly goal.  
Action 2: Calculate[count the number of entries in Observation 1 where "Friendlies" is a number ≥1]  
Observation 2: 10  
Thought 3: The count of players with at least 1 friendly goal is 10, as calculated in Observation 2.  
Action 3: Finish[10]

Finished Trial 1, Correct: 1, Incorrect: 0, Halted: 0

=== sample 152 id=nu-152 start ===
=== sample 152 returncode=0 end ===
/home/ubuntu/miniconda3/envs/lzz-agent/lib/python3.11/site-packages/langchain/__init__.py:29: UserWarning: Importing Wikipedia from langchain root module is no longer supported. Please use langchain.docstore.Wikipedia instead.
  warnings.warn(
/home/ubuntu/miniconda3/envs/lzz-agent/lib/python3.11/site-packages/langchain_core/_api/deprecation.py:119: LangChainDeprecationWarning: The class `DocstoreExplorer` was deprecated in LangChain 0.1.0 and will be removed in 0.3.0
  warn_deprecated(
