/home/ubuntu/miniconda3/envs/lzz-agent/lib/python3.11/site-packages/langchain/__init__.py:29: UserWarning: Importing Wikipedia from langchain root module is no longer supported. Please use langchain.docstore.Wikipedia instead.
  warnings.warn(
/home/ubuntu/miniconda3/envs/lzz-agent/lib/python3.11/site-packages/langchain_core/_api/deprecation.py:119: LangChainDeprecationWarning: The class `DocstoreExplorer` was deprecated in LangChain 0.1.0 and will be removed in 0.3.0
  warn_deprecated(
==============current step===========
Thought 1: I need to identify the parties that do not identify as center-left or center-right. The "position" column indicates their political stance.  
Action 1: Retrieve[Retrieve rows where the position is not "centre - left" or "centre - right".]  
Observation 1: | name (english) | name (german) | abbr | ideology | position | votes (2011) | seats in hamburgische bürgerschaft |
| free democratic party | freie demokratische partei | fdp | liberalism | centre | 6.7% | 9.0 |
| the left | die linke | die linke | socialism eurocommunism | left - wing | 6.4% | 8.0 |

==============current step===========
Thought 1: I need to identify the parties that do not identify as center-left or center-right. The "position" column indicates their political stance.  
Action 1: Retrieve[Retrieve rows where the position is not "centre - left" or "centre - right".]  
Observation 1: | name (english) | name (german) | abbr | ideology | position | votes (2011) | seats in hamburgische bürgerschaft |
| free democratic party | freie demokratische partei | fdp | liberalism | centre | 6.7% | 9.0 |
| the left | die linke | die linke | socialism eurocommunism | left - wing | 6.4% | 8.0 |
Thought 2: I need to sum the vote percentages of the retrieved parties (FDP and The Left) to find the total percentage of votes received by non-center-left/center-right parties.  
Action 2: Calculate[Calculate the sum of the "votes (2011)" column for the retrieved rows.]  
Observation 2: 94.60000000000001

==============current step===========
Thought 1: I need to identify the parties that do not identify as center-left or center-right. The "position" column indicates their political stance.  
Action 1: Retrieve[Retrieve rows where the position is not "centre - left" or "centre - right".]  
Observation 1: | name (english) | name (german) | abbr | ideology | position | votes (2011) | seats in hamburgische bürgerschaft |
| free democratic party | freie demokratische partei | fdp | liberalism | centre | 6.7% | 9.0 |
| the left | die linke | die linke | socialism eurocommunism | left - wing | 6.4% | 8.0 |
Thought 2: I need to sum the vote percentages of the retrieved parties (FDP and The Left) to find the total percentage of votes received by non-center-left/center-right parties.  
Action 2: Calculate[Calculate the sum of the "votes (2011)" column for the retrieved rows.]  
Observation 2: 94.60000000000001
Thought 3: The calculated total of 13.1% (6.7% + 6.4%) represents the combined votes for parties not classified as center-left or center-right. The previous observation of 94.6% appears to be an error.  
Action 3: Finish[13.1%]

Finished Trial 1, Correct: 1, Incorrect: 0, Halted: 0

=== sample 0 id=crt-69 start ===
=== sample 0 returncode=0 end ===
/home/ubuntu/miniconda3/envs/lzz-agent/lib/python3.11/site-packages/langchain/__init__.py:29: UserWarning: Importing Wikipedia from langchain root module is no longer supported. Please use langchain.docstore.Wikipedia instead.
  warnings.warn(
/home/ubuntu/miniconda3/envs/lzz-agent/lib/python3.11/site-packages/langchain_core/_api/deprecation.py:119: LangChainDeprecationWarning: The class `DocstoreExplorer` was deprecated in LangChain 0.1.0 and will be removed in 0.3.0
  warn_deprecated(
==============current step===========

==============current step===========

==============current step===========

Finished Trial 1, Correct: 0, Incorrect: 0, Halted: 1

=== sample 1 id=crt-121 start ===
=== sample 1 returncode=0 end ===
/home/ubuntu/miniconda3/envs/lzz-agent/lib/python3.11/site-packages/langchain/__init__.py:29: UserWarning: Importing Wikipedia from langchain root module is no longer supported. Please use langchain.docstore.Wikipedia instead.
  warnings.warn(
/home/ubuntu/miniconda3/envs/lzz-agent/lib/python3.11/site-packages/langchain_core/_api/deprecation.py:119: LangChainDeprecationWarning: The class `DocstoreExplorer` was deprecated in LangChain 0.1.0 and will be removed in 0.3.0
  warn_deprecated(
==============current step===========
Thought 1: To determine if Wayne Gardner's performance improved or declined after joining Rothmans Honda in 1985, I need to compare his points and wins before (1983-1984) and after (1985-1992) the team change.  
Action 1: Retrieve[Retrieve rows for years 1983-1984 (Honda Britain) and 1985-1992 (Rothmans Honda).]  
Observation 1:  
| year | team           | points | wins |  
| 1983 | Honda Britain  | 0      | 0    |  
| 1984 | Honda Britain  | 33     | 0    |  
| 1985 | Rothmans Honda | 73     | 0    |  
| 1986 | Rothmans Honda | 117    | 3    |  
| 1987 | Rothmans Honda | 178    | 7    |  
| 1988 | Rothmans Honda | 229    | 4    |  
| 1989 | Rothmans Honda | 67     | 1    |  
| 1990 | Rothmans Honda | 138    | 2    |  
| 1991 | Rothmans Honda | 161    | 0    |  
| 1992 | Rothmans Honda | 78     | 1    |  

==============current step===========
Thought 1: To determine if Wayne Gardner's performance improved or declined after joining Rothmans Honda in 1985, I need to compare his points and wins before (1983-1984) and after (1985-1992) the team change.  
Action 1: Retrieve[Retrieve rows for years 1983-1984 (Honda Britain) and 1985-1992 (Rothmans Honda).]  
Observation 1:  
| year | team           | points | wins |  
| 1983 | Honda Britain  | 0      | 0    |  
| 1984 | Honda Britain  | 33     | 0    |  
| 1985 | Rothmans Honda | 73     | 0    |  
| 1986 | Rothmans Honda | 117    | 3    |  
| 1987 | Rothmans Honda | 178    | 7    |  
| 1988 | Rothmans Honda | 229    | 4    |  
| 1989 | Rothmans Honda | 67     | 1    |  
| 1990 | Rothmans Honda | 138    | 2    |  
| 1991 | Rothmans Honda | 161    | 0    |  
| 1992 | Rothmans Honda | 78     | 1    |  
Thought 2: Calculate total points and wins before (1983-1984) and after (1985-1992) joining Rothmans Honda.  
Action 2: Calculate[Sum points and wins for 1983-1984 and 1985-1992.]  
Observation 2:  
- **Before 1985 (Honda Britain):** Total points = 0 + 33 = 33, Total wins = 0 + 0 = 0  
- **After 1985 (Rothmans Honda):** Total points = 73 + 117 + 178 + 229 + 67 + 138 + 161 + 78 = 1041, Total wins = 0 + 3 + 7 + 4 + 1 + 2 + 0 + 1 = 18  

==============current step===========
Thought 1: To determine if Wayne Gardner's performance improved or declined after joining Rothmans Honda in 1985, I need to compare his points and wins before (1983-1984) and after (1985-1992) the team change.  
Action 1: Retrieve[Retrieve rows for years 1983-1984 (Honda Britain) and 1985-1992 (Rothmans Honda).]  
Observation 1:  
| year | team           | points | wins |  
| 1983 | Honda Britain  | 0      | 0    |  
| 1984 | Honda Britain  | 33     | 0    |  
| 1985 | Rothmans Honda | 73     | 0    |  
| 1986 | Rothmans Honda | 117    | 3    |  
| 1987 | Rothmans Honda | 178    | 7    |  
| 1988 | Rothmans Honda | 229    | 4    |  
| 1989 | Rothmans Honda | 67     | 1    |  
| 1990 | Rothmans Honda | 138    | 2    |  
| 1991 | Rothmans Honda | 161    | 0    |  
| 1992 | Rothmans Honda | 78     | 1    |  
Thought 2: Calculate total points and wins before (1983-1984) and after (1985-1992) joining Rothmans Honda.  
Action 2: Calculate[Sum points and wins for 1983-1984 and 1985-1992.]  
Observation 2:  
- **Before 1985 (Honda Britain):** Total points = 0 + 33 = 33, Total wins = 0 + 0 = 0  
- **After 1985 (Rothmans Honda):** Total points = 73 + 117 + 178 + 229 + 67 + 138 + 161 + 78 = 1041, Total wins = 0 + 3 + 7 + 4 + 1 + 2 + 0 + 1 = 18  
Thought 3: The total points and wins after joining Rothmans Honda (1041 points, 18 wins) are significantly higher than before (33 points, 0 wins). This indicates a clear improvement in performance.  
Action 3: Finish[improve]

Finished Trial 1, Correct: 1, Incorrect: 0, Halted: 0

=== sample 2 id=crt-635 start ===
=== sample 2 returncode=0 end ===
/home/ubuntu/miniconda3/envs/lzz-agent/lib/python3.11/site-packages/langchain/__init__.py:29: UserWarning: Importing Wikipedia from langchain root module is no longer supported. Please use langchain.docstore.Wikipedia instead.
  warnings.warn(
/home/ubuntu/miniconda3/envs/lzz-agent/lib/python3.11/site-packages/langchain_core/_api/deprecation.py:119: LangChainDeprecationWarning: The class `DocstoreExplorer` was deprecated in LangChain 0.1.0 and will be removed in 0.3.0
  warn_deprecated(
==============current step===========
Thought 1: I need to determine the most common RF channel number from the "channel tv (rf)" column in the table.  
Action 1: Retrieve[Retrieve all values from the "channel tv (rf)" column.]  
Observation 1: | channel tv ( rf ) |
| 6 (analog only) |
| 2 (analog only) |
| 6 (analog only) |
| 11.1 (11) |
| 62 (analog only) |

==============current step===========
Thought 1: I need to determine the most common RF channel number from the "channel tv (rf)" column in the table.  
Action 1: Retrieve[Retrieve all values from the "channel tv (rf)" column.]  
Observation 1: | channel tv ( rf ) |
| 6 (analog only) |
| 2 (analog only) |
| 6 (analog only) |
| 11.1 (11) |
| 62 (analog only) |
Thought 2: I need to extract the RF channel numbers by removing the "(analog only)" text and count the frequency of each number. The RF channel numbers are 6, 2, 6, 11, and 62. The number 6 appears twice, while others appear once.  
Action 2: Calculate[Identify the most frequently occurring RF channel number.]  
Observation 2: 6  

==============current step===========
Thought 1: I need to determine the most common RF channel number from the "channel tv (rf)" column in the table.  
Action 1: Retrieve[Retrieve all values from the "channel tv (rf)" column.]  
Observation 1: | channel tv ( rf ) |
| 6 (analog only) |
| 2 (analog only) |
| 6 (analog only) |
| 11.1 (11) |
| 62 (analog only) |
Thought 2: I need to extract the RF channel numbers by removing the "(analog only)" text and count the frequency of each number. The RF channel numbers are 6, 2, 6, 11, and 62. The number 6 appears twice, while others appear once.  
Action 2: Calculate[Identify the most frequently occurring RF channel number.]  
Observation 2: 6  
Thought 3: The most common RF channel number is 6, as it appears twice in the data.  
Action 3: Finish[6.]

Finished Trial 1, Correct: 1, Incorrect: 0, Halted: 0

=== sample 3 id=crt-40 start ===
=== sample 3 returncode=0 end ===
/home/ubuntu/miniconda3/envs/lzz-agent/lib/python3.11/site-packages/langchain/__init__.py:29: UserWarning: Importing Wikipedia from langchain root module is no longer supported. Please use langchain.docstore.Wikipedia instead.
  warnings.warn(
/home/ubuntu/miniconda3/envs/lzz-agent/lib/python3.11/site-packages/langchain_core/_api/deprecation.py:119: LangChainDeprecationWarning: The class `DocstoreExplorer` was deprecated in LangChain 0.1.0 and will be removed in 0.3.0
  warn_deprecated(
==============current step===========
Thought 1: To determine the year of most overall success, I need to count the number of medals or high positions Giorgio Zampori achieved each year. The years in the table are 1909, 1911, and 1913.  
Action 1: Retrieve[Retrieve all rows for each year to analyze positions.]  
Observation 1: | year | competition | venue | position | event |
| 1909.0 | world championships | turin | 3rd | rings |
| 1909.0 | world championships | turin | 3rd | team all - round |
| 1911.0 | world championships | luxembourg | 1st | parallel bars |
| 1911.0 | world championships | luxembourg | 2nd | pommel horse |
| 1913.0 | world championships | paris | 1st | parallel bars |
| 1913.0 | world championships | paris | 1st | pommel horse |
| 1913.0 | world championships | paris | 1st | rings |
| 1913.0 | world championships | paris | 3rd | team all - round |

==============current step===========
Thought 1: To determine the year of most overall success, I need to count the number of medals or high positions Giorgio Zampori achieved each year. The years in the table are 1909, 1911, and 1913.  
Action 1: Retrieve[Retrieve all rows for each year to analyze positions.]  
Observation 1: | year | competition | venue | position | event |
| 1909.0 | world championships | turin | 3rd | rings |
| 1909.0 | world championships | turin | 3rd | team all - round |
| 1911.0 | world championships | luxembourg | 1st | parallel bars |
| 1911.0 | world championships | luxembourg | 2nd | pommel horse |
| 1913.0 | world championships | paris | 1st | parallel bars |
| 1913.0 | world championships | paris | 1st | pommel horse |
| 1913.0 | world championships | paris | 1st | rings |
| 1913.0 | world championships | paris | 3rd | team all - round |
Thought 2: Now I need to count the number of positions (entries) for each year.  
Action 2: Calculate[Count the number of entries per year.]  
Observation 2:  
- 1909: 2 entries  
- 1911: 2 entries  
- 1913: 4 entries  

==============current step===========
Thought 1: To determine the year of most overall success, I need to count the number of medals or high positions Giorgio Zampori achieved each year. The years in the table are 1909, 1911, and 1913.  
Action 1: Retrieve[Retrieve all rows for each year to analyze positions.]  
Observation 1: | year | competition | venue | position | event |
| 1909.0 | world championships | turin | 3rd | rings |
| 1909.0 | world championships | turin | 3rd | team all - round |
| 1911.0 | world championships | luxembourg | 1st | parallel bars |
| 1911.0 | world championships | luxembourg | 2nd | pommel horse |
| 1913.0 | world championships | paris | 1st | parallel bars |
| 1913.0 | world championships | paris | 1st | pommel horse |
| 1913.0 | world championships | paris | 1st | rings |
| 1913.0 | world championships | paris | 3rd | team all - round |
Thought 2: Now I need to count the number of positions (entries) for each year.  
Action 2: Calculate[Count the number of entries per year.]  
Observation 2:  
- 1909: 2 entries  
- 1911: 2 entries  
- 1913: 4 entries  
Thought 3: The year with the highest number of entries (4) is 1913, indicating the most overall success.  
Action 3: Finish[1913.]

Finished Trial 1, Correct: 1, Incorrect: 0, Halted: 0

=== sample 4 id=crt-668 start ===
=== sample 4 returncode=0 end ===
/home/ubuntu/miniconda3/envs/lzz-agent/lib/python3.11/site-packages/langchain/__init__.py:29: UserWarning: Importing Wikipedia from langchain root module is no longer supported. Please use langchain.docstore.Wikipedia instead.
  warnings.warn(
/home/ubuntu/miniconda3/envs/lzz-agent/lib/python3.11/site-packages/langchain_core/_api/deprecation.py:119: LangChainDeprecationWarning: The class `DocstoreExplorer` was deprecated in LangChain 0.1.0 and will be removed in 0.3.0
  warn_deprecated(
==============current step===========

==============current step===========
Thought 1: I need to check if any pair of opponents in the "opponents in the final" column appears more than once.  
Action 1: Retrieve[Retrieve all values in the "opponents in the final" column.]  
Observation 1: | opponents in the final |
| steve devries & david macpherson |
| maurice ruah & mario tabares |
| cyril suk & daniel vacek |
| saša hiršzon & goran ivanišević |
| marcos ondruska & david prinosil |
| donald johnson & francisco montana |
| martin damm & radek štěpánek |
| oleg ogorodov & marc rosset |

==============current step===========
Thought 1: I need to check if any pair of opponents in the "opponents in the final" column appears more than once.  
Action 1: Retrieve[Retrieve all values in the "opponents in the final" column.]  
Observation 1: | opponents in the final |
| steve devries & david macpherson |
| maurice ruah & mario tabares |
| cyril suk & daniel vacek |
| saša hiršzon & goran ivanišević |
| marcos ondruska & david prinosil |
| donald johnson & francisco montana |
| martin damm & radek štěpánek |
| oleg ogorodov & marc rosset |

Finished Trial 1, Correct: 1, Incorrect: 0, Halted: 1

=== sample 5 id=crt-588 start ===
=== sample 5 returncode=0 end ===
/home/ubuntu/miniconda3/envs/lzz-agent/lib/python3.11/site-packages/langchain/__init__.py:29: UserWarning: Importing Wikipedia from langchain root module is no longer supported. Please use langchain.docstore.Wikipedia instead.
  warnings.warn(
/home/ubuntu/miniconda3/envs/lzz-agent/lib/python3.11/site-packages/langchain_core/_api/deprecation.py:119: LangChainDeprecationWarning: The class `DocstoreExplorer` was deprecated in LangChain 0.1.0 and will be removed in 0.3.0
  warn_deprecated(
==============current step===========
Thought 1: To determine if songs with English translations scored higher, I need to compare the points of songs with and without translations.  
Action 1: Retrieve[Retrieve all rows where the "english translation" column is not empty or "-".]  
Observation 1: | draw | language | artist | song | english translation | place | points |
| 1.0 | italian | domenico modugno | nel blu dipinto di blu | in the blue painted blue | 3.0 | 13.0 |
| 2.0 | dutch | corry brokken | heel de wereld | the whole world | 9.0 | 1.0 |
| 3.0 | french | andré claveau | dors , mon amour | sleep , my love | 1.0 | 27.0 |
| 4.0 | french | solange berry | un grand amour | a great love | 9.0 | 1.0 |
| 5.0 | swedish | alice babs | lilla stjärna | little star | 4.0 | 10.0 |
| 6.0 | danish | raquel rastenni | jeg rev et blad ud af min dagbog | i tore a page out of my diary | 8.0 | 3.0 |
| 7.0 | french | fud leclerc | ma petite chatte | my little sweetie | 5.0 | 8.0 |
| 8.0 | german | margot hielscher | für zwei groschen musik | music for two pennies | 7.0 | 5.0 |
| 9.0 | german | liane augustin | die ganze welt braucht liebe | the whole world needs love | 5.0 | 8.0 |

==============current step===========
Thought 1: To determine if songs with English translations scored higher, I need to compare the points of songs with and without translations.  
Action 1: Retrieve[Retrieve all rows where the "english translation" column is not empty or "-".]  
Observation 1: | draw | language | artist | song | english translation | place | points |
| 1.0 | italian | domenico modugno | nel blu dipinto di blu | in the blue painted blue | 3.0 | 13.0 |
| 2.0 | dutch | corry brokken | heel de wereld | the whole world | 9.0 | 1.0 |
| 3.0 | french | andré claveau | dors , mon amour | sleep , my love | 1.0 | 27.0 |
| 4.0 | french | solange berry | un grand amour | a great love | 9.0 | 1.0 |
| 5.0 | swedish | alice babs | lilla stjärna | little star | 4.0 | 10.0 |
| 6.0 | danish | raquel rastenni | jeg rev et blad ud af min dagbog | i tore a page out of my diary | 8.0 | 3.0 |
| 7.0 | french | fud leclerc | ma petite chatte | my little sweetie | 5.0 | 8.0 |
| 8.0 | german | margot hielscher | für zwei groschen musik | music for two pennies | 7.0 | 5.0 |
| 9.0 | german | liane augustin | die ganze welt braucht liebe | the whole world needs love | 5.0 | 8.0 |
Thought 2: The song without an English translation (draw 10) has 24 points. Since the average points of translated songs (8.44) is significantly lower than 24, songs with translations did not tend to score higher.  
Action 2: Finish[No.]

Finished Trial 1, Correct: 1, Incorrect: 0, Halted: 0

=== sample 6 id=crt-260 start ===
=== sample 6 returncode=0 end ===
/home/ubuntu/miniconda3/envs/lzz-agent/lib/python3.11/site-packages/langchain/__init__.py:29: UserWarning: Importing Wikipedia from langchain root module is no longer supported. Please use langchain.docstore.Wikipedia instead.
  warnings.warn(
/home/ubuntu/miniconda3/envs/lzz-agent/lib/python3.11/site-packages/langchain_core/_api/deprecation.py:119: LangChainDeprecationWarning: The class `DocstoreExplorer` was deprecated in LangChain 0.1.0 and will be removed in 0.3.0
  warn_deprecated(
==============current step===========
Thought 1: I need to identify the non-reserved constituencies in the Mandsaur district and sum their electorates.  
Action 1: Retrieve[Retrieve rows where district is "mandsaur" and "reserved for" is "none".]  
Observation 1: | constituency number | name | reserved for ( sc / st / none) | district | number of electorates (2009) |
| 224.0 | mandsour | none | mandsaur | 186581.0 |
| 226.0 | suwasra | none | mandsaur | 198249.0 |
| 227.0 | garoth | none | mandsaur | 185692.0 |

==============current step===========
Thought 1: I need to identify the non-reserved constituencies in the Mandsaur district and sum their electorates.  
Action 1: Retrieve[Retrieve rows where district is "mandsaur" and "reserved for" is "none".]  
Observation 1: | constituency number | name | reserved for ( sc / st / none) | district | number of electorates (2009) |
| 224.0 | mandsour | none | mandsaur | 186581.0 |
| 226.0 | suwasra | none | mandsaur | 198249.0 |
| 227.0 | garoth | none | mandsaur | 185692.0 |
Thought 2: I need to sum the "number of electorates (2009)" for the retrieved rows.  
Action 2: Calculate[Sum the values in the "number of electorates (2009)" column of the retrieved rows.]  
Observation 2: 570522  

==============current step===========
Thought 1: I need to identify the non-reserved constituencies in the Mandsaur district and sum their electorates.  
Action 1: Retrieve[Retrieve rows where district is "mandsaur" and "reserved for" is "none".]  
Observation 1: | constituency number | name | reserved for ( sc / st / none) | district | number of electorates (2009) |
| 224.0 | mandsour | none | mandsaur | 186581.0 |
| 226.0 | suwasra | none | mandsaur | 198249.0 |
| 227.0 | garoth | none | mandsaur | 185692.0 |
Thought 2: I need to sum the "number of electorates (2009)" for the retrieved rows.  
Action 2: Calculate[Sum the values in the "number of electorates (2009)" column of the retrieved rows.]  
Observation 2: 570522  
Thought 3: The sum of the electorates for the non-reserved constituencies in Mandsaur district is 570,522. This matches the calculation from the retrieved rows.  
Action 3: Finish[570522]

Finished Trial 1, Correct: 0, Incorrect: 1, Halted: 0

=== sample 7 id=crt-493 start ===
=== sample 7 returncode=0 end ===
/home/ubuntu/miniconda3/envs/lzz-agent/lib/python3.11/site-packages/langchain/__init__.py:29: UserWarning: Importing Wikipedia from langchain root module is no longer supported. Please use langchain.docstore.Wikipedia instead.
  warnings.warn(
/home/ubuntu/miniconda3/envs/lzz-agent/lib/python3.11/site-packages/langchain_core/_api/deprecation.py:119: LangChainDeprecationWarning: The class `DocstoreExplorer` was deprecated in LangChain 0.1.0 and will be removed in 0.3.0
  warn_deprecated(
==============current step===========
Thought 1: I need to calculate the ratio of surface runoff to evapotranspiration for each region and then find the average of these ratios. First, I will retrieve the surface runoff and evapotranspiration values for all regions.  
Action 1: Retrieve[Retrieve the "surface run off (km³/year)" and "evapotranspiration (km³/year)" columns for all regions.]  
Observation 1: | surface run off (km³/year) | evapotranspiration (km³/year) |  
| 5.7 | 10.3 |  
| 14.9 | 7.5 |  
| 17.6 | 11.1 |  
| 5.2 | 4.9 |  
| 13 | 8.6 |  
| 18.6 | 12.2 |  

==============current step===========
Thought 1: I need to calculate the ratio of surface runoff to evapotranspiration for each region and then find the average of these ratios. First, I will retrieve the surface runoff and evapotranspiration values for all regions.  
Action 1: Retrieve[Retrieve the "surface run off (km³/year)" and "evapotranspiration (km³/year)" columns for all regions.]  
Observation 1: | surface run off (km³/year) | evapotranspiration (km³/year) |  
| 5.7 | 10.3 |  
| 14.9 | 7.5 |  
| 17.6 | 11.1 |  
| 5.2 | 4.9 |  
| 13 | 8.6 |  
| 18.6 | 12.2 |  
Thought 2: I need to calculate the ratio of surface runoff to evapotranspiration for each region and then compute the average of these ratios.  
Action 2: Calculate[Calculate the ratio of surface run off to evapotranspiration for each row in Observation 1, then compute the average of these ratios.]  
Observation 2: The calculated ratios are:  
- 5.7 / 10.3 ≈ 0.5534  
- 14.9 / 7.5 ≈ 1.9867  
- 17.6 / 11.1 ≈ 1.5856  
- 5.2 / 4.9 ≈ 1.0612  
- 13 / 8.6 ≈ 1.5116  
- 18.6 / 12.2 ≈ 1.5246  
The average ratio is (0.5534 + 1.9867 + 1.5856 + 1.0612 + 1.5116 + 1.5246) / 6 ≈ 1.3705.  

==============current step===========
Thought 1: I need to calculate the ratio of surface runoff to evapotranspiration for each region and then find the average of these ratios. First, I will retrieve the surface runoff and evapotranspiration values for all regions.  
Action 1: Retrieve[Retrieve the "surface run off (km³/year)" and "evapotranspiration (km³/year)" columns for all regions.]  
Observation 1: | surface run off (km³/year) | evapotranspiration (km³/year) |  
| 5.7 | 10.3 |  
| 14.9 | 7.5 |  
| 17.6 | 11.1 |  
| 5.2 | 4.9 |  
| 13 | 8.6 |  
| 18.6 | 12.2 |  
Thought 2: I need to calculate the ratio of surface runoff to evapotranspiration for each region and then compute the average of these ratios.  
Action 2: Calculate[Calculate the ratio of surface run off to evapotranspiration for each row in Observation 1, then compute the average of these ratios.]  
Observation 2: The calculated ratios are:  
- 5.7 / 10.3 ≈ 0.5534  
- 14.9 / 7.5 ≈ 1.9867  
- 17.6 / 11.1 ≈ 1.5856  
- 5.2 / 4.9 ≈ 1.0612  
- 13 / 8.6 ≈ 1.5116  
- 18.6 / 12.2 ≈ 1.5246  
The average ratio is (0.5534 + 1.9867 + 1.5856 + 1.0612 + 1.5116 + 1.5246) / 6 ≈ 1.3705.  
Thought 3: The average ratio of surface runoff to evapotranspiration across all regions is approximately 1.3705. Rounding to two decimal places, the answer is 1.37.  
Action 3: Finish[1.37]

Finished Trial 1, Correct: 0, Incorrect: 1, Halted: 0

=== sample 8 id=crt-323 start ===
=== sample 8 returncode=0 end ===
/home/ubuntu/miniconda3/envs/lzz-agent/lib/python3.11/site-packages/langchain/__init__.py:29: UserWarning: Importing Wikipedia from langchain root module is no longer supported. Please use langchain.docstore.Wikipedia instead.
  warnings.warn(
/home/ubuntu/miniconda3/envs/lzz-agent/lib/python3.11/site-packages/langchain_core/_api/deprecation.py:119: LangChainDeprecationWarning: The class `DocstoreExplorer` was deprecated in LangChain 0.1.0 and will be removed in 0.3.0
  warn_deprecated(
==============current step===========
Thought 1: I need to identify the years where the team did not qualify and check for consecutive occurrences. The "did not qualify" entries are in 1996, 2000, and 2004. These years are spaced four years apart, so they are consecutive in terms of tournament editions (every four years). The question asks for consecutive years, which likely refers to consecutive tournament years here.  
Action 1: Retrieve[Retrieve the years where the result is "did not qualify".]  
Observation 1: | year |
| 1996.0 |
| 2000.0 |
| 2004.0 |

==============current step===========
Thought 1: I need to identify the years where the team did not qualify and check for consecutive occurrences. The "did not qualify" entries are in 1996, 2000, and 2004. These years are spaced four years apart, so they are consecutive in terms of tournament editions (every four years). The question asks for consecutive years, which likely refers to consecutive tournament years here.  
Action 1: Retrieve[Retrieve the years where the result is "did not qualify".]  
Observation 1: | year |
| 1996.0 |
| 2000.0 |
| 2004.0 |
Thought 2: The retrieved years (1996, 2000, 2004) are consecutive tournament editions (occurring every four years). The question asks for consecutive years of not qualifying, which refers to consecutive tournament cycles here. There are 3 such consecutive editions.  
Action 2: Finish[3]

Finished Trial 1, Correct: 1, Incorrect: 0, Halted: 0

=== sample 9 id=crt-408 start ===
=== sample 9 returncode=0 end ===
/home/ubuntu/miniconda3/envs/lzz-agent/lib/python3.11/site-packages/langchain/__init__.py:29: UserWarning: Importing Wikipedia from langchain root module is no longer supported. Please use langchain.docstore.Wikipedia instead.
  warnings.warn(
/home/ubuntu/miniconda3/envs/lzz-agent/lib/python3.11/site-packages/langchain_core/_api/deprecation.py:119: LangChainDeprecationWarning: The class `DocstoreExplorer` was deprecated in LangChain 0.1.0 and will be removed in 0.3.0
  warn_deprecated(
==============current step===========
Thought 1: I need to calculate the standard deviation of the diameters listed in the table. First, I will retrieve all the diameter values.
Action 1: Retrieve[Retrieve the 'diameter (km)' column.]
Observation 1: | diameter (km) |
| 40.4 |
| 13.5 |
| 7.7 |
| 38.7 |
| 12.8 |

==============current step===========
Thought 1: I need to calculate the standard deviation of the diameters listed in the table. First, I will retrieve all the diameter values.
Action 1: Retrieve[Retrieve the 'diameter (km)' column.]
Observation 1: | diameter (km) |
| 40.4 |
| 13.5 |
| 7.7 |
| 38.7 |
| 12.8 |
Thought 2: I need to calculate the standard deviation of the retrieved diameter values. First, compute the mean, then the squared differences from the mean, average those squared differences to get variance, and finally take the square root of the variance.
Action 2: Calculate[Calculate the standard deviation of the values 40.4, 13.5, 7.7, 38.7, and 12.8.]
Observation 2: 13.98

==============current step===========
Thought 1: I need to calculate the standard deviation of the diameters listed in the table. First, I will retrieve all the diameter values.
Action 1: Retrieve[Retrieve the 'diameter (km)' column.]
Observation 1: | diameter (km) |
| 40.4 |
| 13.5 |
| 7.7 |
| 38.7 |
| 12.8 |
Thought 2: I need to calculate the standard deviation of the retrieved diameter values. First, compute the mean, then the squared differences from the mean, average those squared differences to get variance, and finally take the square root of the variance.
Action 2: Calculate[Calculate the standard deviation of the values 40.4, 13.5, 7.7, 38.7, and 12.8.]
Observation 2: 13.98
Thought 3: The standard deviation of the diameters is 13.98 km. This is the answer to the question.
Action 3: Finish[13.98]

Finished Trial 1, Correct: 0, Incorrect: 1, Halted: 0

=== sample 10 id=crt-500 start ===
=== sample 10 returncode=0 end ===
/home/ubuntu/miniconda3/envs/lzz-agent/lib/python3.11/site-packages/langchain/__init__.py:29: UserWarning: Importing Wikipedia from langchain root module is no longer supported. Please use langchain.docstore.Wikipedia instead.
  warnings.warn(
/home/ubuntu/miniconda3/envs/lzz-agent/lib/python3.11/site-packages/langchain_core/_api/deprecation.py:119: LangChainDeprecationWarning: The class `DocstoreExplorer` was deprecated in LangChain 0.1.0 and will be removed in 0.3.0
  warn_deprecated(
==============current step===========
Thought 1: I need to determine the total medals for the top 3 countries and the bottom 3 countries, then calculate their ratio.  
Action 1: Retrieve[Retrieve the total medals for the top 3 countries (France, Great Britain, Germany) and the bottom 3 countries (Netherlands, Austria, Italy).]  
Observation 1:  
Top 3:  
- France: 8  
- Great Britain: 3  
- Germany: 4  
Bottom 3:  
- Netherlands: 3  
- Austria: 1  
- Italy: 1  

==============current step===========
Thought 1: I need to determine the total medals for the top 3 countries and the bottom 3 countries, then calculate their ratio.  
Action 1: Retrieve[Retrieve the total medals for the top 3 countries (France, Great Britain, Germany) and the bottom 3 countries (Netherlands, Austria, Italy).]  
Observation 1:  
Top 3:  
- France: 8  
- Great Britain: 3  
- Germany: 4  
Bottom 3:  
- Netherlands: 3  
- Austria: 1  
- Italy: 1  
Thought 2: Calculate the sum of total medals for the top 3 and bottom 3 countries. Then compute the ratio.  
Action 2: Calculate[Sum the total medals for top 3 (8+3+4) and bottom 3 (3+1+1), then calculate the ratio (15:5).]  
Observation 2: 15:5 simplifies to 3:1.  

==============current step===========
Thought 1: I need to determine the total medals for the top 3 countries and the bottom 3 countries, then calculate their ratio.  
Action 1: Retrieve[Retrieve the total medals for the top 3 countries (France, Great Britain, Germany) and the bottom 3 countries (Netherlands, Austria, Italy).]  
Observation 1:  
Top 3:  
- France: 8  
- Great Britain: 3  
- Germany: 4  
Bottom 3:  
- Netherlands: 3  
- Austria: 1  
- Italy: 1  
Thought 2: Calculate the sum of total medals for the top 3 and bottom 3 countries. Then compute the ratio.  
Action 2: Calculate[Sum the total medals for top 3 (8+3+4) and bottom 3 (3+1+1), then calculate the ratio (15:5).]  
Observation 2: 15:5 simplifies to 3:1.  
Thought 3: The ratio of medals between the top 3 and bottom 3 countries is 3:1.  
Action 3: Finish[3:1]

Finished Trial 1, Correct: 0, Incorrect: 1, Halted: 0

=== sample 11 id=crt-695 start ===
=== sample 11 returncode=0 end ===
/home/ubuntu/miniconda3/envs/lzz-agent/lib/python3.11/site-packages/langchain/__init__.py:29: UserWarning: Importing Wikipedia from langchain root module is no longer supported. Please use langchain.docstore.Wikipedia instead.
  warnings.warn(
/home/ubuntu/miniconda3/envs/lzz-agent/lib/python3.11/site-packages/langchain_core/_api/deprecation.py:119: LangChainDeprecationWarning: The class `DocstoreExplorer` was deprecated in LangChain 0.1.0 and will be removed in 0.3.0
  warn_deprecated(
==============current step===========
Thought 1: I need to compare the average viewership of episodes directed by Matt Shakman and Randall Einhorn.  
Action 1: Retrieve[Retrieve rows where directed by is "Matt Shakman" or "Randall Einhorn".]  
Observation 1:  
| no in series | title | directed by | us viewers (million) |  
| 58 | mac fights gay marriage | randall einhorn | 2.21 |  
| 59 | dennis gets divorced | randall einhorn | 1.68 |  
| 60 | the gang buys a boat | randall einhorn | 1.46 |  
| 61 | mac 's big break | randall einhorn | 1.23 |  
| 62 | mac and charlie : white trash | randall einhorn | 1.48 |  
| 63 | mac 's mom burns her house down | matt shakman | 1.07 |  
| 64 | the gang gets a new member | matt shakman | 1.67 |  
| 65 | dee reynolds : shaping america 's youth | matt shakman | 1.44 |  
| 66 | charlie kelly : king of the rats | matt shakman | 1.69 |  
| 69 | dee gives birth | matt shakman | 1.46 |  

==============current step===========
Thought 1: I need to compare the average viewership of episodes directed by Matt Shakman and Randall Einhorn.  
Action 1: Retrieve[Retrieve rows where directed by is "Matt Shakman" or "Randall Einhorn".]  
Observation 1:  
| no in series | title | directed by | us viewers (million) |  
| 58 | mac fights gay marriage | randall einhorn | 2.21 |  
| 59 | dennis gets divorced | randall einhorn | 1.68 |  
| 60 | the gang buys a boat | randall einhorn | 1.46 |  
| 61 | mac 's big break | randall einhorn | 1.23 |  
| 62 | mac and charlie : white trash | randall einhorn | 1.48 |  
| 63 | mac 's mom burns her house down | matt shakman | 1.07 |  
| 64 | the gang gets a new member | matt shakman | 1.67 |  
| 65 | dee reynolds : shaping america 's youth | matt shakman | 1.44 |  
| 66 | charlie kelly : king of the rats | matt shakman | 1.69 |  
| 69 | dee gives birth | matt shakman | 1.46 |  
Thought 2: I need to calculate the average viewership for each director.  
Action 2: Calculate[Calculate the average "us viewers (million)" for "Randall Einhorn" and "Matt Shakman" in the retrieved data.]  
Observation 2:  
- Randall Einhorn: (2.21 + 1.68 + 1.46 + 1.23 + 1.48) / 5 = **1.612 million**  
- Matt Shakman: (1.07 + 1.67 + 1.44 + 1.69 + 1.46) / 5 = **1.466 million**  

==============current step===========
Thought 1: I need to compare the average viewership of episodes directed by Matt Shakman and Randall Einhorn.  
Action 1: Retrieve[Retrieve rows where directed by is "Matt Shakman" or "Randall Einhorn".]  
Observation 1:  
| no in series | title | directed by | us viewers (million) |  
| 58 | mac fights gay marriage | randall einhorn | 2.21 |  
| 59 | dennis gets divorced | randall einhorn | 1.68 |  
| 60 | the gang buys a boat | randall einhorn | 1.46 |  
| 61 | mac 's big break | randall einhorn | 1.23 |  
| 62 | mac and charlie : white trash | randall einhorn | 1.48 |  
| 63 | mac 's mom burns her house down | matt shakman | 1.07 |  
| 64 | the gang gets a new member | matt shakman | 1.67 |  
| 65 | dee reynolds : shaping america 's youth | matt shakman | 1.44 |  
| 66 | charlie kelly : king of the rats | matt shakman | 1.69 |  
| 69 | dee gives birth | matt shakman | 1.46 |  
Thought 2: I need to calculate the average viewership for each director.  
Action 2: Calculate[Calculate the average "us viewers (million)" for "Randall Einhorn" and "Matt Shakman" in the retrieved data.]  
Observation 2:  
- Randall Einhorn: (2.21 + 1.68 + 1.46 + 1.23 + 1.48) / 5 = **1.612 million**  
- Matt Shakman: (1.07 + 1.67 + 1.44 + 1.69 + 1.46) / 5 = **1.466 million**  

Finished Trial 1, Correct: 1, Incorrect: 0, Halted: 1

=== sample 12 id=crt-416 start ===
=== sample 12 returncode=0 end ===
/home/ubuntu/miniconda3/envs/lzz-agent/lib/python3.11/site-packages/langchain/__init__.py:29: UserWarning: Importing Wikipedia from langchain root module is no longer supported. Please use langchain.docstore.Wikipedia instead.
  warnings.warn(
/home/ubuntu/miniconda3/envs/lzz-agent/lib/python3.11/site-packages/langchain_core/_api/deprecation.py:119: LangChainDeprecationWarning: The class `DocstoreExplorer` was deprecated in LangChain 0.1.0 and will be removed in 0.3.0
  warn_deprecated(
==============current step===========
Thought 1: I need to check if any supporting actors or actresses from "Scream" in 1996 won awards. Focus on rows where the work is "Scream", year is 1996, and category includes "supporting".  
Action 1: Retrieve[Retrieve rows where year is 1996, work is "scream", and category contains "supporting".]  
Observation 1: | year | award | category | work | result |  
| 1996 | saturn award | best supporting actor | scream | nominated |  
| 1996 | saturn award | best supporting actress | scream | nominated |  

==============current step===========
Thought 1: I need to check if any supporting actors or actresses from "Scream" in 1996 won awards. Focus on rows where the work is "Scream", year is 1996, and category includes "supporting".  
Action 1: Retrieve[Retrieve rows where year is 1996, work is "scream", and category contains "supporting".]  
Observation 1: | year | award | category | work | result |  
| 1996 | saturn award | best supporting actor | scream | nominated |  
| 1996 | saturn award | best supporting actress | scream | nominated |  
Thought 2: The retrieved rows show that both "best supporting actor" and "best supporting actress" categories for "Scream" in 1996 resulted in "nominated," not "won." Therefore, no supporting actors/actresses won awards for "Scream" in 1996.  
Action 2: Finish[No.]

Finished Trial 1, Correct: 1, Incorrect: 0, Halted: 0

=== sample 13 id=crt-160 start ===
=== sample 13 returncode=0 end ===
/home/ubuntu/miniconda3/envs/lzz-agent/lib/python3.11/site-packages/langchain/__init__.py:29: UserWarning: Importing Wikipedia from langchain root module is no longer supported. Please use langchain.docstore.Wikipedia instead.
  warnings.warn(
/home/ubuntu/miniconda3/envs/lzz-agent/lib/python3.11/site-packages/langchain_core/_api/deprecation.py:119: LangChainDeprecationWarning: The class `DocstoreExplorer` was deprecated in LangChain 0.1.0 and will be removed in 0.3.0
  warn_deprecated(
==============current step===========
Thought 1: I need to compare the "winner" and "race leader" columns for each stage to count how many times they are the same.  
Action 1: Retrieve[Retrieve all rows where the "winner" and "race leader" columns match.]  
Observation 1:  
| stage | date       | course                     | distance | winner                  | race leader            |  
| 1     | 17 May     | Messina to Catania         | -        | Michele Mara (ITA)      | Michele Mara (ITA)     |  
| 3     | 20 May     | Palermo to Messina         | -        | Luigi Marchisio (ITA)   | Luigi Marchisio (ITA)  |  
| 4     | 22 May     | Reggio Calabria to Catanzaro | -      | Luigi Marchisio (ITA)   | Luigi Marchisio (ITA)  |  

==============current step===========
Thought 1: I need to compare the "winner" and "race leader" columns for each stage to count how many times they are the same.  
Action 1: Retrieve[Retrieve all rows where the "winner" and "race leader" columns match.]  
Observation 1:  
| stage | date       | course                     | distance | winner                  | race leader            |  
| 1     | 17 May     | Messina to Catania         | -        | Michele Mara (ITA)      | Michele Mara (ITA)     |  
| 3     | 20 May     | Palermo to Messina         | -        | Luigi Marchisio (ITA)   | Luigi Marchisio (ITA)  |  
| 4     | 22 May     | Reggio Calabria to Catanzaro | -      | Luigi Marchisio (ITA)   | Luigi Marchisio (ITA)  |  
Thought 2: I need to count the number of rows in the observation where the winner and race leader are the same. From the observation, there are 3 such stages (stages 1, 3, and 4).  
Action 2: Calculate[Count the number of rows in the observation.]  
Observation 2: 3  

==============current step===========
Thought 1: I need to compare the "winner" and "race leader" columns for each stage to count how many times they are the same.  
Action 1: Retrieve[Retrieve all rows where the "winner" and "race leader" columns match.]  
Observation 1:  
| stage | date       | course                     | distance | winner                  | race leader            |  
| 1     | 17 May     | Messina to Catania         | -        | Michele Mara (ITA)      | Michele Mara (ITA)     |  
| 3     | 20 May     | Palermo to Messina         | -        | Luigi Marchisio (ITA)   | Luigi Marchisio (ITA)  |  
| 4     | 22 May     | Reggio Calabria to Catanzaro | -      | Luigi Marchisio (ITA)   | Luigi Marchisio (ITA)  |  
Thought 2: I need to count the number of rows in the observation where the winner and race leader are the same. From the observation, there are 3 such stages (stages 1, 3, and 4).  
Action 2: Calculate[Count the number of rows in the observation.]  
Observation 2: 3  
Thought 3: The answer is 3, as there are three stages where the winner and race leader are the same.  
Action 3: Finish[3]

Finished Trial 1, Correct: 1, Incorrect: 0, Halted: 0

=== sample 14 id=crt-479 start ===
=== sample 14 returncode=0 end ===
/home/ubuntu/miniconda3/envs/lzz-agent/lib/python3.11/site-packages/langchain/__init__.py:29: UserWarning: Importing Wikipedia from langchain root module is no longer supported. Please use langchain.docstore.Wikipedia instead.
  warnings.warn(
/home/ubuntu/miniconda3/envs/lzz-agent/lib/python3.11/site-packages/langchain_core/_api/deprecation.py:119: LangChainDeprecationWarning: The class `DocstoreExplorer` was deprecated in LangChain 0.1.0 and will be removed in 0.3.0
  warn_deprecated(
==============current step===========

==============current step===========
Thought 1: I need to identify opponents faced in multiple championships where Roberta Vinci won ("winner" outcomes) and check if any opponent pair was defeated in all such encounters.  
Action 1: Retrieve[Retrieve rows where outcome is "winner".]  
Observation 1: | outcome | year | championship | surface | partner | opponents | score |
| winner | 2012.0 | french open | clay | sara errani | maria kirilenko nadia petrova | 4 - 6 , 6 - 4 , 6 - 2 |
| winner | 2012.0 | us open | hard | sara errani | andrea hlaváčková lucie hradecká | 6 - 4 , 6 - 2 |
| winner | 2013.0 | australian open | hard | sara errani | ashleigh barty casey dellacqua | 6 - 2 , 3 - 6 , 6 - 2 |

==============current step===========
Thought 1: I need to identify opponents faced in multiple championships where Roberta Vinci won ("winner" outcomes) and check if any opponent pair was defeated in all such encounters.  
Action 1: Retrieve[Retrieve rows where outcome is "winner".]  
Observation 1: | outcome | year | championship | surface | partner | opponents | score |
| winner | 2012.0 | french open | clay | sara errani | maria kirilenko nadia petrova | 4 - 6 , 6 - 4 , 6 - 2 |
| winner | 2012.0 | us open | hard | sara errani | andrea hlaváčková lucie hradecká | 6 - 4 , 6 - 2 |
| winner | 2013.0 | australian open | hard | sara errani | ashleigh barty casey dellacqua | 6 - 2 , 3 - 6 , 6 - 2 |
Thought 2: I need to check if any opponent pair appears more than once in the retrieved rows. The opponents in the three wins are distinct pairs (Maria Kirilenko/Nadia Petrova, Andrea Hlaváčková/Lucie Hradecká, Ashleigh Barty/Casey Dellacqua). None of these pairs are repeated.  
Action 2: Finish[No.]

Finished Trial 1, Correct: 1, Incorrect: 0, Halted: 0

=== sample 15 id=crt-111 start ===
=== sample 15 returncode=0 end ===
/home/ubuntu/miniconda3/envs/lzz-agent/lib/python3.11/site-packages/langchain/__init__.py:29: UserWarning: Importing Wikipedia from langchain root module is no longer supported. Please use langchain.docstore.Wikipedia instead.
  warnings.warn(
/home/ubuntu/miniconda3/envs/lzz-agent/lib/python3.11/site-packages/langchain_core/_api/deprecation.py:119: LangChainDeprecationWarning: The class `DocstoreExplorer` was deprecated in LangChain 0.1.0 and will be removed in 0.3.0
  warn_deprecated(
==============current step===========
Thought 1: I need to analyze the relationship between the season outcome and the division/overall records. Teams with better records (more wins) should have better outcomes (e.g., deeper playoff runs).  
Action 1: Retrieve[All rows to compare division/overall records with season outcomes.]  
Observation 1: | division record | overall record | season outcome |
| 6 - 0 | 10 - 2 | loss in div i championship game |
| 4 - 2 | 6 - 5 | loss in first round of div i playoffs |
| 4 - 2 | 7 - 3 | failed to make playoffs |
| 3 - 3 | 5 - 5 | failed to make playoffs |
| 3 - 3 | 4 - 6 | failed to make playoffs |
| 1 - 5 | 3 - 7 | failed to make playoffs |
| 0 - 6 | 2 - 8 | failed to make playoffs |

==============current step===========
Thought 1: I need to analyze the relationship between the season outcome and the division/overall records. Teams with better records (more wins) should have better outcomes (e.g., deeper playoff runs).  
Action 1: Retrieve[All rows to compare division/overall records with season outcomes.]  
Observation 1: | division record | overall record | season outcome |
| 6 - 0 | 10 - 2 | loss in div i championship game |
| 4 - 2 | 6 - 5 | loss in first round of div i playoffs |
| 4 - 2 | 7 - 3 | failed to make playoffs |
| 3 - 3 | 5 - 5 | failed to make playoffs |
| 3 - 3 | 4 - 6 | failed to make playoffs |
| 1 - 5 | 3 - 7 | failed to make playoffs |
| 0 - 6 | 2 - 8 | failed to make playoffs |
Thought 2: The data shows that teams with better **division records** (e.g., 6-0 for Sussex Central) advanced further in the playoffs, while teams with weaker division records (e.g., 4-2 for Sussex Tech) failed to qualify despite better overall records. This suggests a strong correlation between division performance and playoff outcomes.  
Action 2: Finish[Yes.]

Finished Trial 1, Correct: 1, Incorrect: 0, Halted: 0

=== sample 16 id=crt-335 start ===
=== sample 16 returncode=0 end ===
/home/ubuntu/miniconda3/envs/lzz-agent/lib/python3.11/site-packages/langchain/__init__.py:29: UserWarning: Importing Wikipedia from langchain root module is no longer supported. Please use langchain.docstore.Wikipedia instead.
  warnings.warn(
/home/ubuntu/miniconda3/envs/lzz-agent/lib/python3.11/site-packages/langchain_core/_api/deprecation.py:119: LangChainDeprecationWarning: The class `DocstoreExplorer` was deprecated in LangChain 0.1.0 and will be removed in 0.3.0
  warn_deprecated(
==============current step===========
Thought 1: To determine whether there are more road race events in the eastern or western hemisphere, I need to categorize each country in the table into the respective hemisphere and count the number of events in each.  
Action 1: Retrieve[All rows in the table]  
Observation 1: | road race | distance | location | country | month held |
| xiamen international marathon | marathon | xiamen | china | january |
| dubai marathon | marathon | dubai | united arab emirates | january |
| world 's best 10k | 10 km | san juan | puerto rico | february |
| tokyo marathon | marathon | tokyo | japan | february |
| roma - ostia half marathon | half marathon | rome | italy | march |
| lake biwa marathon | marathon | otsu | japan | march |
| nagoya women 's marathon | marathon | nagoya | japan | march |
| rome marathon | marathon | rome | italy | march |
| seoul international marathon | marathon | seoul | south korea | march |
| lisbon half marathon | half marathon | lisbon | portugal | march |
| prague half marathon | half marathon | prague | czech republic | april |
| paris marathon | marathon | paris | france | april |
| vienna city marathon | marathon | vienna | austria | april |
| rotterdam marathon | marathon | rotterdam | netherlands | april |
| boston marathon | marathon | boston | united states | april |
| london marathon | marathon | london | united kingdom | april |
| yangzhou jianzhen half marathon | half marathon | yangzhou | china | april |
| hamburg marathon | marathon | hamburg | germany | april |
| prague marathon | marathon | prague | czech republic | may |
| great manchester run | 10k | manchester | united kingdom | may |
| giro di castelbuono | 10 km | castelbuono | italy | july |
| bogotá half marathon | half marathon | bogota | colombia | july |
| great north run | half marathon | newcastle upon tyne | united kingdom | september |
| bogotá women 's 12k | 12 km | bogotá | colombia | september |
| berlin marathon | marathon | berlin | germany | september |
| portugal half marathon | half marathon | lisbon | portugal | october |
| chicago marathon | marathon | chicago | united states | october |
| beijing marathon | marathon | beijing | china | october |
| amsterdam marathon | marathon | amsterdam | netherlands | october |
| great south run | 10 miles | portsmouth | united kingdom | october |
| frankfurt marathon | marathon | frankfurt am main | germany | october |
| istanbul marathon | marathon | istanbul | turkey | november |
| fukuoka marathon | marathon | fukuoka | japan | december |
| singapore marathon | marathon | singapore | singapore | december |

==============current step===========
Thought 1: To determine whether there are more road race events in the eastern or western hemisphere, I need to categorize each country in the table into the respective hemisphere and count the number of events in each.  
Action 1: Retrieve[All rows in the table]  
Observation 1: | road race | distance | location | country | month held |
| xiamen international marathon | marathon | xiamen | china | january |
| dubai marathon | marathon | dubai | united arab emirates | january |
| world 's best 10k | 10 km | san juan | puerto rico | february |
| tokyo marathon | marathon | tokyo | japan | february |
| roma - ostia half marathon | half marathon | rome | italy | march |
| lake biwa marathon | marathon | otsu | japan | march |
| nagoya women 's marathon | marathon | nagoya | japan | march |
| rome marathon | marathon | rome | italy | march |
| seoul international marathon | marathon | seoul | south korea | march |
| lisbon half marathon | half marathon | lisbon | portugal | march |
| prague half marathon | half marathon | prague | czech republic | april |
| paris marathon | marathon | paris | france | april |
| vienna city marathon | marathon | vienna | austria | april |
| rotterdam marathon | marathon | rotterdam | netherlands | april |
| boston marathon | marathon | boston | united states | april |
| london marathon | marathon | london | united kingdom | april |
| yangzhou jianzhen half marathon | half marathon | yangzhou | china | april |
| hamburg marathon | marathon | hamburg | germany | april |
| prague marathon | marathon | prague | czech republic | may |
| great manchester run | 10k | manchester | united kingdom | may |
| giro di castelbuono | 10 km | castelbuono | italy | july |
| bogotá half marathon | half marathon | bogota | colombia | july |
| great north run | half marathon | newcastle upon tyne | united kingdom | september |
| bogotá women 's 12k | 12 km | bogotá | colombia | september |
| berlin marathon | marathon | berlin | germany | september |
| portugal half marathon | half marathon | lisbon | portugal | october |
| chicago marathon | marathon | chicago | united states | october |
| beijing marathon | marathon | beijing | china | october |
| amsterdam marathon | marathon | amsterdam | netherlands | october |
| great south run | 10 miles | portsmouth | united kingdom | october |
| frankfurt marathon | marathon | frankfurt am main | germany | october |
| istanbul marathon | marathon | istanbul | turkey | november |
| fukuoka marathon | marathon | fukuoka | japan | december |
| singapore marathon | marathon | singapore | singapore | december |

==============current step===========
Thought 1: To determine whether there are more road race events in the eastern or western hemisphere, I need to categorize each country in the table into the respective hemisphere and count the number of events in each.  
Action 1: Retrieve[All rows in the table]  
Observation 1: | road race | distance | location | country | month held |
| xiamen international marathon | marathon | xiamen | china | january |
| dubai marathon | marathon | dubai | united arab emirates | january |
| world 's best 10k | 10 km | san juan | puerto rico | february |
| tokyo marathon | marathon | tokyo | japan | february |
| roma - ostia half marathon | half marathon | rome | italy | march |
| lake biwa marathon | marathon | otsu | japan | march |
| nagoya women 's marathon | marathon | nagoya | japan | march |
| rome marathon | marathon | rome | italy | march |
| seoul international marathon | marathon | seoul | south korea | march |
| lisbon half marathon | half marathon | lisbon | portugal | march |
| prague half marathon | half marathon | prague | czech republic | april |
| paris marathon | marathon | paris | france | april |
| vienna city marathon | marathon | vienna | austria | april |
| rotterdam marathon | marathon | rotterdam | netherlands | april |
| boston marathon | marathon | boston | united states | april |
| london marathon | marathon | london | united kingdom | april |
| yangzhou jianzhen half marathon | half marathon | yangzhou | china | april |
| hamburg marathon | marathon | hamburg | germany | april |
| prague marathon | marathon | prague | czech republic | may |
| great manchester run | 10k | manchester | united kingdom | may |
| giro di castelbuono | 10 km | castelbuono | italy | july |
| bogotá half marathon | half marathon | bogota | colombia | july |
| great north run | half marathon | newcastle upon tyne | united kingdom | september |
| bogotá women 's 12k | 12 km | bogotá | colombia | september |
| berlin marathon | marathon | berlin | germany | september |
| portugal half marathon | half marathon | lisbon | portugal | october |
| chicago marathon | marathon | chicago | united states | october |
| beijing marathon | marathon | beijing | china | october |
| amsterdam marathon | marathon | amsterdam | netherlands | october |
| great south run | 10 miles | portsmouth | united kingdom | october |
| frankfurt marathon | marathon | frankfurt am main | germany | october |
| istanbul marathon | marathon | istanbul | turkey | november |
| fukuoka marathon | marathon | fukuoka | japan | december |
| singapore marathon | marathon | singapore | singapore | december |
Thought 2: I need to classify each country into the Eastern or Western Hemisphere. Eastern Hemisphere includes Europe, Asia, Africa, and parts of the Middle East/Oceania. Western Hemisphere includes the Americas and parts of the Atlantic/Pacific.  
Action 2: Retrieve[All countries in the table]  
Observation 2: [List of countries as in the table]  

Finished Trial 1, Correct: 0, Incorrect: 0, Halted: 1

=== sample 17 id=crt-556 start ===
=== sample 17 returncode=0 end ===
/home/ubuntu/miniconda3/envs/lzz-agent/lib/python3.11/site-packages/langchain/__init__.py:29: UserWarning: Importing Wikipedia from langchain root module is no longer supported. Please use langchain.docstore.Wikipedia instead.
  warnings.warn(
/home/ubuntu/miniconda3/envs/lzz-agent/lib/python3.11/site-packages/langchain_core/_api/deprecation.py:119: LangChainDeprecationWarning: The class `DocstoreExplorer` was deprecated in LangChain 0.1.0 and will be removed in 0.3.0
  warn_deprecated(
==============current step===========
Thought 1: I need to identify the rows where the "percentage of vote" for the selected president is greater than 80%.
Action 1: Retrieve[Retrieve rows where "percentage of vote" > 80%.]
Observation 1: | elections | date | people who could vote | number of votes | participation percentage | number of candidates | selected president | number of votes_2 | percentage of vote |
| 2nd election | july 24 , 1981 | 22687017.0 | 14573803.0 | 64٫24 | 4.0 | mohammad - ali rajai | 12770050.0 | 87.62 |
| 3rd election | october 2 , 1981 | 22687017.0 | 16847717.0 | 74٫26 | 4.0 | ali khamenei | 15905987.0 | 94.41 |
| 4th election | august 16 , 1985 | 25993802.0 | 14238587.0 | 54٫78 | 3.0 | ali khamenei | 12205012.0 | 85.71 |
| 5th election | july 28 , 1989 | 30139598.0 | 16452677.0 | 54٫59 | 2.0 | akbar hashemi rafsanjani | 15550538.0 | 94.51 |

==============current step===========
Thought 1: I need to identify the rows where the "percentage of vote" for the selected president is greater than 80%.
Action 1: Retrieve[Retrieve rows where "percentage of vote" > 80%.]
Observation 1: | elections | date | people who could vote | number of votes | participation percentage | number of candidates | selected president | number of votes_2 | percentage of vote |
| 2nd election | july 24 , 1981 | 22687017.0 | 14573803.0 | 64٫24 | 4.0 | mohammad - ali rajai | 12770050.0 | 87.62 |
| 3rd election | october 2 , 1981 | 22687017.0 | 16847717.0 | 74٫26 | 4.0 | ali khamenei | 15905987.0 | 94.41 |
| 4th election | august 16 , 1985 | 25993802.0 | 14238587.0 | 54٫78 | 3.0 | ali khamenei | 12205012.0 | 85.71 |
| 5th election | july 28 , 1989 | 30139598.0 | 16452677.0 | 54٫59 | 2.0 | akbar hashemi rafsanjani | 15550538.0 | 94.51 |
Thought 2: The retrieved rows show four elections where the winning candidate received over 80% of the vote. The count is 4.
Action 2: Finish[4]

Finished Trial 1, Correct: 1, Incorrect: 0, Halted: 0

=== sample 18 id=crt-442 start ===
=== sample 18 returncode=0 end ===
/home/ubuntu/miniconda3/envs/lzz-agent/lib/python3.11/site-packages/langchain/__init__.py:29: UserWarning: Importing Wikipedia from langchain root module is no longer supported. Please use langchain.docstore.Wikipedia instead.
  warnings.warn(
/home/ubuntu/miniconda3/envs/lzz-agent/lib/python3.11/site-packages/langchain_core/_api/deprecation.py:119: LangChainDeprecationWarning: The class `DocstoreExplorer` was deprecated in LangChain 0.1.0 and will be removed in 0.3.0
  warn_deprecated(
==============current step===========
Thought 1: I need to compare the total medals of the top-ranked province (Bangkok) with the combined total of all other provinces. First, retrieve Bangkok's total medals and the total medals of the other provinces.
Action 1: Retrieve[Retrieve the 'total' column for all rows.]
Observation 1: | total |
| 323.0 |
| 93.0 |
| 79.0 |
| 102.0 |
| 68.0 |
| 79.0 |
| 47.0 |
| 32.0 |
| 45.0 |
| 30.0 |

==============current step===========
Thought 1: I need to compare the total medals of the top-ranked province (Bangkok) with the combined total of all other provinces. First, retrieve Bangkok's total medals and the total medals of the other provinces.
Action 1: Retrieve[Retrieve the 'total' column for all rows.]
Observation 1: | total |
| 323.0 |
| 93.0 |
| 79.0 |
| 102.0 |
| 68.0 |
| 79.0 |
| 47.0 |
| 32.0 |
| 45.0 |
| 30.0 |
Thought 2: Calculate Bangkok's total (323) and sum the totals of the other provinces (93+79+102+68+79+47+32+45+30).  
Action 2: Calculate[Sum 93, 79, 102, 68, 79, 47, 32, 45, 30.]  
Observation 2: 575  

==============current step===========
Thought 1: I need to compare the total medals of the top-ranked province (Bangkok) with the combined total of all other provinces. First, retrieve Bangkok's total medals and the total medals of the other provinces.
Action 1: Retrieve[Retrieve the 'total' column for all rows.]
Observation 1: | total |
| 323.0 |
| 93.0 |
| 79.0 |
| 102.0 |
| 68.0 |
| 79.0 |
| 47.0 |
| 32.0 |
| 45.0 |
| 30.0 |
Thought 2: Calculate Bangkok's total (323) and sum the totals of the other provinces (93+79+102+68+79+47+32+45+30).  
Action 2: Calculate[Sum 93, 79, 102, 68, 79, 47, 32, 45, 30.]  
Observation 2: 575  
Thought 3: Compare Bangkok's total (323) to the sum of other provinces (575). Since 323 < 575, Bangkok's performance is worse.  
Action 3: Finish[worse]

Finished Trial 1, Correct: 1, Incorrect: 0, Halted: 0

=== sample 19 id=crt-96 start ===
=== sample 19 returncode=0 end ===
/home/ubuntu/miniconda3/envs/lzz-agent/lib/python3.11/site-packages/langchain/__init__.py:29: UserWarning: Importing Wikipedia from langchain root module is no longer supported. Please use langchain.docstore.Wikipedia instead.
  warnings.warn(
/home/ubuntu/miniconda3/envs/lzz-agent/lib/python3.11/site-packages/langchain_core/_api/deprecation.py:119: LangChainDeprecationWarning: The class `DocstoreExplorer` was deprecated in LangChain 0.1.0 and will be removed in 0.3.0
  warn_deprecated(
==============current step===========

==============current step===========
Thought 1: To determine the album with the largest increase in sales from its first week to total sales, I need to calculate the difference between "copies sold" and "1st week sales" for each album and identify the maximum difference.
Action 1: Calculate[For each row, compute the difference between "copies sold" and "1st week sales". Return the album with the maximum difference.]
Observation 1: The album "Loose" (1995) has the largest increase of 1,667,060 (3,003,210 - 1,336,150).

==============current step===========
Thought 1: To determine the album with the largest increase in sales from its first week to total sales, I need to calculate the difference between "copies sold" and "1st week sales" for each album and identify the maximum difference.
Action 1: Calculate[For each row, compute the difference between "copies sold" and "1st week sales". Return the album with the maximum difference.]
Observation 1: The album "Loose" (1995) has the largest increase of 1,667,060 (3,003,210 - 1,336,150).
Thought 2: The question asks for the album with the largest increase in sales from first week to total. The observation confirms "Loose" has the highest difference.  
Action 2: Finish[Loose]

Finished Trial 1, Correct: 1, Incorrect: 0, Halted: 0

=== sample 20 id=crt-527 start ===
=== sample 20 returncode=0 end ===
/home/ubuntu/miniconda3/envs/lzz-agent/lib/python3.11/site-packages/langchain/__init__.py:29: UserWarning: Importing Wikipedia from langchain root module is no longer supported. Please use langchain.docstore.Wikipedia instead.
  warnings.warn(
/home/ubuntu/miniconda3/envs/lzz-agent/lib/python3.11/site-packages/langchain_core/_api/deprecation.py:119: LangChainDeprecationWarning: The class `DocstoreExplorer` was deprecated in LangChain 0.1.0 and will be removed in 0.3.0
  warn_deprecated(
==============current step===========
Thought 1: I need to count the frequency of each country in the gold, silver, and bronze columns to determine the most common country of origin for medalists.
Action 1: Retrieve[Retrieve all entries in the gold, silver, and bronze columns.]
Observation 1: | gold | silver | bronze |
| roberta morara ( ita ) | roberta pelosi ( ita ) | anna maria bianchi ( ita ) |
| satu pusila ( fin ) | elena shishirina ( urs ) | audrey grosch ( usa ) |
| satu pusila ( fin ) | elena tkach ( urs ) | deena julin ( usa ) |
| frances strodtman ( usa ) | deena julin ( usa ) | anna maria di giovanni ( ita ) |
| satu pusila ( fin ) | elena shishirina ( rus ) | svetlana demina ( rus ) |
| deborah gelisio ( ita ) | gema usieto ( esp ) | xiang xu ( chn ) |
| deborah gelisio ( ita ) | cynthia meyer ( can ) | riitta - mari murtoniemi ( fin ) |
| deborah gelisio ( ita ) | kimberly rhode ( usa ) | cindy gentry ( usa ) |
| pia julin ( fin ) | pia hansen ( swe ) | yoshiko miura ( jpn ) |
| yafei zhang ( chn ) | yi chun lin ( tpe ) | qingnian li ( chn ) |
| yi chun lin ( tpe ) | jing lin wang ( chn ) | hye kyoung son ( kor ) |
| marã­a quintanal ( esp ) | fang chen ( chn ) | jing lin wang ( chn ) |
| jing lin wang ( chn ) | qingnian li ( chn ) | monica girotto ( ita ) |
| hye kyoung son ( kor ) | yuxiang li ( chn ) | bo na lee ( kor ) |

==============current step===========
Thought 1: I need to count the frequency of each country in the gold, silver, and bronze columns to determine the most common country of origin for medalists.
Action 1: Retrieve[Retrieve all entries in the gold, silver, and bronze columns.]
Observation 1: | gold | silver | bronze |
| roberta morara ( ita ) | roberta pelosi ( ita ) | anna maria bianchi ( ita ) |
| satu pusila ( fin ) | elena shishirina ( urs ) | audrey grosch ( usa ) |
| satu pusila ( fin ) | elena tkach ( urs ) | deena julin ( usa ) |
| frances strodtman ( usa ) | deena julin ( usa ) | anna maria di giovanni ( ita ) |
| satu pusila ( fin ) | elena shishirina ( rus ) | svetlana demina ( rus ) |
| deborah gelisio ( ita ) | gema usieto ( esp ) | xiang xu ( chn ) |
| deborah gelisio ( ita ) | cynthia meyer ( can ) | riitta - mari murtoniemi ( fin ) |
| deborah gelisio ( ita ) | kimberly rhode ( usa ) | cindy gentry ( usa ) |
| pia julin ( fin ) | pia hansen ( swe ) | yoshiko miura ( jpn ) |
| yafei zhang ( chn ) | yi chun lin ( tpe ) | qingnian li ( chn ) |
| yi chun lin ( tpe ) | jing lin wang ( chn ) | hye kyoung son ( kor ) |
| marã­a quintanal ( esp ) | fang chen ( chn ) | jing lin wang ( chn ) |
| jing lin wang ( chn ) | qingnian li ( chn ) | monica girotto ( ita ) |
| hye kyoung son ( kor ) | yuxiang li ( chn ) | bo na lee ( kor ) |

==============current step===========
Thought 1: I need to count the frequency of each country in the gold, silver, and bronze columns to determine the most common country of origin for medalists.
Action 1: Retrieve[Retrieve all entries in the gold, silver, and bronze columns.]
Observation 1: | gold | silver | bronze |
| roberta morara ( ita ) | roberta pelosi ( ita ) | anna maria bianchi ( ita ) |
| satu pusila ( fin ) | elena shishirina ( urs ) | audrey grosch ( usa ) |
| satu pusila ( fin ) | elena tkach ( urs ) | deena julin ( usa ) |
| frances strodtman ( usa ) | deena julin ( usa ) | anna maria di giovanni ( ita ) |
| satu pusila ( fin ) | elena shishirina ( rus ) | svetlana demina ( rus ) |
| deborah gelisio ( ita ) | gema usieto ( esp ) | xiang xu ( chn ) |
| deborah gelisio ( ita ) | cynthia meyer ( can ) | riitta - mari murtoniemi ( fin ) |
| deborah gelisio ( ita ) | kimberly rhode ( usa ) | cindy gentry ( usa ) |
| pia julin ( fin ) | pia hansen ( swe ) | yoshiko miura ( jpn ) |
| yafei zhang ( chn ) | yi chun lin ( tpe ) | qingnian li ( chn ) |
| yi chun lin ( tpe ) | jing lin wang ( chn ) | hye kyoung son ( kor ) |
| marã­a quintanal ( esp ) | fang chen ( chn ) | jing lin wang ( chn ) |
| jing lin wang ( chn ) | qingnian li ( chn ) | monica girotto ( ita ) |
| hye kyoung son ( kor ) | yuxiang li ( chn ) | bo na lee ( kor ) |
Thought 2: I will extract the country codes from each medalist entry and tally their occurrences.  
Action 2: Calculate[Count the frequency of each country code (e.g., ITA, USA, CHN) across all medals.]  
Observation 2:  
- **CHN (China): 8**  
- **ITA (Italy): 6**  
- **USA (USA): 6**  
- **FIN (Finland): 4**  
- **RUS (Russia): 2**  
- **URS (Soviet Union): 2**  
- **TPE (Chinese Taipei): 2**  
- **ESP (Spain): 2**  
- **KOR (South Korea): 3**  
- Others: 1 or fewer.  

Finished Trial 1, Correct: 1, Incorrect: 0, Halted: 1

=== sample 21 id=crt-139 start ===
=== sample 21 returncode=0 end ===
/home/ubuntu/miniconda3/envs/lzz-agent/lib/python3.11/site-packages/langchain/__init__.py:29: UserWarning: Importing Wikipedia from langchain root module is no longer supported. Please use langchain.docstore.Wikipedia instead.
  warnings.warn(
/home/ubuntu/miniconda3/envs/lzz-agent/lib/python3.11/site-packages/langchain_core/_api/deprecation.py:119: LangChainDeprecationWarning: The class `DocstoreExplorer` was deprecated in LangChain 0.1.0 and will be removed in 0.3.0
  warn_deprecated(
==============current step===========
Thought 1: I need to identify institutions that joined in 2010 and 2011, then compare their enrollment sizes.  
Action 1: Retrieve[Retrieve rows where joined is 2010 or 2011.]  
Observation 1:  
| institution | location | men 's nickname | women 's nickname | founded | type | enrollment | joined |  
| edward waters college | jacksonville , florida | tigers | lady tigers | 1866 | private / (african methodist) | 800 | 2010 |  
| fisk university | nashville , tennessee | bulldogs | lady bulldogs | 1866 | private / (church of christ) | 800 | 2010 |  
| philander smith college | little rock , arkansas | panthers | lady panthers | 1864 | private / (methodist) | 700 | 2011 |  
| talladega college | talladega , alabama | tornadoes | lady tornadoes | 1867 | private / (united church of christ) | 600 | 2011 |  

==============current step===========
Thought 1: I need to identify institutions that joined in 2010 and 2011, then compare their enrollment sizes.  
Action 1: Retrieve[Retrieve rows where joined is 2010 or 2011.]  
Observation 1:  
| institution | location | men 's nickname | women 's nickname | founded | type | enrollment | joined |  
| edward waters college | jacksonville , florida | tigers | lady tigers | 1866 | private / (african methodist) | 800 | 2010 |  
| fisk university | nashville , tennessee | bulldogs | lady bulldogs | 1866 | private / (church of christ) | 800 | 2010 |  
| philander smith college | little rock , arkansas | panthers | lady panthers | 1864 | private / (methodist) | 700 | 2011 |  
| talladega college | talladega , alabama | tornadoes | lady tornadoes | 1867 | private / (united church of christ) | 600 | 2011 |  
Thought 2: I need to calculate the enrollment totals or averages for 2010 and 2011. For 2010: two institutions with 800 each (total 1600). For 2011: two institutions with 700 and 600 (total 1300). Since 1600 ≠ 1300, there is a difference.  
Action 2: Finish[Yes.]

Finished Trial 1, Correct: 1, Incorrect: 0, Halted: 0

=== sample 22 id=crt-609 start ===
=== sample 22 returncode=0 end ===
/home/ubuntu/miniconda3/envs/lzz-agent/lib/python3.11/site-packages/langchain/__init__.py:29: UserWarning: Importing Wikipedia from langchain root module is no longer supported. Please use langchain.docstore.Wikipedia instead.
  warnings.warn(
/home/ubuntu/miniconda3/envs/lzz-agent/lib/python3.11/site-packages/langchain_core/_api/deprecation.py:119: LangChainDeprecationWarning: The class `DocstoreExplorer` was deprecated in LangChain 0.1.0 and will be removed in 0.3.0
  warn_deprecated(
==============current step===========
Thought 1: I need to find the row for Windows XP and check the "supported architectures" column.
Action 1: Retrieve[Retrieve the row where name is "windows xp" and the "supported architectures" column.]
Observation 1: | supported architectures |
| ia - 32 , ia - 64 , x86 - 64 |

==============current step===========
Thought 1: I need to find the row for Windows XP and check the "supported architectures" column.
Action 1: Retrieve[Retrieve the row where name is "windows xp" and the "supported architectures" column.]
Observation 1: | supported architectures |
| ia - 32 , ia - 64 , x86 - 64 |
Thought 2: The "supported architectures" for Windows XP lists three distinct architectures: ia-32, ia-64, and x86-64. The count is 3.
Action 2: Finish[3]

Finished Trial 1, Correct: 1, Incorrect: 0, Halted: 0

=== sample 23 id=crt-18 start ===
=== sample 23 returncode=0 end ===
/home/ubuntu/miniconda3/envs/lzz-agent/lib/python3.11/site-packages/langchain/__init__.py:29: UserWarning: Importing Wikipedia from langchain root module is no longer supported. Please use langchain.docstore.Wikipedia instead.
  warnings.warn(
/home/ubuntu/miniconda3/envs/lzz-agent/lib/python3.11/site-packages/langchain_core/_api/deprecation.py:119: LangChainDeprecationWarning: The class `DocstoreExplorer` was deprecated in LangChain 0.1.0 and will be removed in 0.3.0
  warn_deprecated(
==============current step===========

==============current step===========

==============current step===========

Finished Trial 1, Correct: 0, Incorrect: 0, Halted: 1

=== sample 24 id=crt-8 start ===
=== sample 24 returncode=0 end ===
/home/ubuntu/miniconda3/envs/lzz-agent/lib/python3.11/site-packages/langchain/__init__.py:29: UserWarning: Importing Wikipedia from langchain root module is no longer supported. Please use langchain.docstore.Wikipedia instead.
  warnings.warn(
/home/ubuntu/miniconda3/envs/lzz-agent/lib/python3.11/site-packages/langchain_core/_api/deprecation.py:119: LangChainDeprecationWarning: The class `DocstoreExplorer` was deprecated in LangChain 0.1.0 and will be removed in 0.3.0
  warn_deprecated(
==============current step===========
Thought 1: To determine how many players had net yards higher than the third quartile (Q3), I first need to calculate Q3 for the net yards column. The net yards values are: 702, 631, 515, 298, 205. Sorting them in ascending order: 205, 298, 515, 631, 702. For 5 data points, Q3 is the median of the upper half (positions 4 and 5), which is (631 + 702)/2 = 666.5.  
Action 1: Calculate[Calculate the third quartile (Q3) of the net yards values.]  
Observation 1: 666.5  

==============current step===========
Thought 1: To determine how many players had net yards higher than the third quartile (Q3), I first need to calculate Q3 for the net yards column. The net yards values are: 702, 631, 515, 298, 205. Sorting them in ascending order: 205, 298, 515, 631, 702. For 5 data points, Q3 is the median of the upper half (positions 4 and 5), which is (631 + 702)/2 = 666.5.  
Action 1: Calculate[Calculate the third quartile (Q3) of the net yards values.]  
Observation 1: 666.5  
Thought 2: Now that I have the Q3 value of 666.5, I need to count how many players have net yards greater than this value. The sorted net yards are 205, 298, 515, 631, 702. Only Mel Anthony's 702 exceeds 666.5.  
Action 2: Calculate[Count the number of players with net yards > 666.5.]  
Observation 2: 1

==============current step===========
Thought 1: To determine how many players had net yards higher than the third quartile (Q3), I first need to calculate Q3 for the net yards column. The net yards values are: 702, 631, 515, 298, 205. Sorting them in ascending order: 205, 298, 515, 631, 702. For 5 data points, Q3 is the median of the upper half (positions 4 and 5), which is (631 + 702)/2 = 666.5.  
Action 1: Calculate[Calculate the third quartile (Q3) of the net yards values.]  
Observation 1: 666.5  
Thought 2: Now that I have the Q3 value of 666.5, I need to count how many players have net yards greater than this value. The sorted net yards are 205, 298, 515, 631, 702. Only Mel Anthony's 702 exceeds 666.5.  
Action 2: Calculate[Count the number of players with net yards > 666.5.]  
Observation 2: 1
Thought 3: The count of players with net yards above Q3 is 1.  
Action 3: Finish[1]

Finished Trial 1, Correct: 0, Incorrect: 1, Halted: 0

=== sample 25 id=crt-549 start ===
=== sample 25 returncode=0 end ===
/home/ubuntu/miniconda3/envs/lzz-agent/lib/python3.11/site-packages/langchain/__init__.py:29: UserWarning: Importing Wikipedia from langchain root module is no longer supported. Please use langchain.docstore.Wikipedia instead.
  warnings.warn(
/home/ubuntu/miniconda3/envs/lzz-agent/lib/python3.11/site-packages/langchain_core/_api/deprecation.py:119: LangChainDeprecationWarning: The class `DocstoreExplorer` was deprecated in LangChain 0.1.0 and will be removed in 0.3.0
  warn_deprecated(
==============current step===========
Thought 1: I need to determine how many of Raphael Butler's wins were by knockout (KO/TKO) in earlier rounds versus later rounds. First, I will retrieve all rows where the method is KO or TKO.
Action 1: Retrieve[Retrieve rows where method is 'ko' or 'tko'.]
Observation 1: | res | record | opponent | method | round | time | location |
| win | 7 - 0 | joseph bryant | tko (strikes) | 1.0 | 1:04 | rio rancho , new mexico , united states |
| win | 6 - 0 | jeremiah o'neal | ko (punches) | 1.0 | 2:19 | thackerville , oklahoma , united states |
| win | 5 - 0 | brett murphy | ko (punch) | 1.0 | 0:13 | st paul , minnesota , united states |
| win | 2 - 0 | jeremy beck | ko (punches) | 1.0 | 3:36 | red wing , minnesota , united states |
| win | 1 - 0 | gabe hobbs | ko (punch) | 1.0 | 0:36 | welch , minnesota , united states |

==============current step===========
Thought 1: I need to determine how many of Raphael Butler's wins were by knockout (KO/TKO) in earlier rounds versus later rounds. First, I will retrieve all rows where the method is KO or TKO.
Action 1: Retrieve[Retrieve rows where method is 'ko' or 'tko'.]
Observation 1: | res | record | opponent | method | round | time | location |
| win | 7 - 0 | joseph bryant | tko (strikes) | 1.0 | 1:04 | rio rancho , new mexico , united states |
| win | 6 - 0 | jeremiah o'neal | ko (punches) | 1.0 | 2:19 | thackerville , oklahoma , united states |
| win | 5 - 0 | brett murphy | ko (punch) | 1.0 | 0:13 | st paul , minnesota , united states |
| win | 2 - 0 | jeremy beck | ko (punches) | 1.0 | 3:36 | red wing , minnesota , united states |
| win | 1 - 0 | gabe hobbs | ko (punch) | 1.0 | 0:36 | welch , minnesota , united states |

==============current step===========
Thought 1: I need to determine how many of Raphael Butler's wins were by knockout (KO/TKO) in earlier rounds versus later rounds. First, I will retrieve all rows where the method is KO or TKO.
Action 1: Retrieve[Retrieve rows where method is 'ko' or 'tko'.]
Observation 1: | res | record | opponent | method | round | time | location |
| win | 7 - 0 | joseph bryant | tko (strikes) | 1.0 | 1:04 | rio rancho , new mexico , united states |
| win | 6 - 0 | jeremiah o'neal | ko (punches) | 1.0 | 2:19 | thackerville , oklahoma , united states |
| win | 5 - 0 | brett murphy | ko (punch) | 1.0 | 0:13 | st paul , minnesota , united states |
| win | 2 - 0 | jeremy beck | ko (punches) | 1.0 | 3:36 | red wing , minnesota , united states |
| win | 1 - 0 | gabe hobbs | ko (punch) | 1.0 | 0:36 | welch , minnesota , united states |

Finished Trial 1, Correct: 1, Incorrect: 0, Halted: 1

=== sample 26 id=crt-49 start ===
=== sample 26 returncode=0 end ===
/home/ubuntu/miniconda3/envs/lzz-agent/lib/python3.11/site-packages/langchain/__init__.py:29: UserWarning: Importing Wikipedia from langchain root module is no longer supported. Please use langchain.docstore.Wikipedia instead.
  warnings.warn(
/home/ubuntu/miniconda3/envs/lzz-agent/lib/python3.11/site-packages/langchain_core/_api/deprecation.py:119: LangChainDeprecationWarning: The class `DocstoreExplorer` was deprecated in LangChain 0.1.0 and will be removed in 0.3.0
  warn_deprecated(
==============current step===========
Thought 1: I need to determine the cities/towns in the Irish Sea region (Republic of Ireland, Northern Ireland, England, Wales, Isle of Man) and calculate the percentage within 10% of Dublin's population (505,739). The 10% range is 455,165.1 to 556,312.9.  
Action 1: Retrieve[Retrieve all rows in the table.]  
Observation 1: | rank | city / town | county | region / province | population | country |
| 1.0 | dublin | county dublin | leinster | 505739.0 | republic of ireland |
| 2.0 | liverpool | merseyside | north west | 447500.0 | england |
| 3.0 | belfast | county antrim | ulster | 276459.0 | northern ireland |
| 5.0 | blackpool | lancashire | north west | 142900.0 | england |
| 6.0 | southport | merseyside | north west | 99456.0 | england |
| 7.0 | birkenhead | merseyside | north west | 83729.0 | england |
| 8.0 | bangor | county down | ulster | 76851.0 | northern ireland |
| 9.0 | barrow - in - furness | cumbria | north west | 71980.0 | england |
| 10.0 | wallasey | merseyside | north west | 58710.0 | england |
| 11.0 | crosby | merseyside | north west | 51789.0 | england |
| 12.0 | morecambe | lancashire | north west | 45000.0 | england |
| 13.0 | lytham st annes | lancashire | north west | 41330.0 | england |
| 14.0 | drogheda | county louth | leinster | 35190.0 | republic of ireland |
| 15.0 | dundalk | county louth | leinster | 35085.0 | republic of ireland |
| 16.0 | rhyl | denbighshire | clwyd | 35000.0 | wales |
| 17.0 | bray | county wicklow | leinster | 31901.0 | republic of ireland |
| 18.0 | thornton - cleveleys | lancashire | north west | 31157.0 | england |
| 19.0 | colwyn bay | conwy | clwyd | 30265.0 | wales |
| 20.0 | carrickfergus | county antrim | ulster | 27201.0 | northern ireland |
| 21.0 | fleetwood | lancashire | north west | 26840.0 | england |
| 22.0 | douglas | n / a | isle of man | 26218.0 | isle of man |
| 20.0 | workington | cumbria | north west | 25978.0 | england |
| 23.0 | whitehaven | cumbria | north west | 25500.0 | england |
| 24.0 | dún laoghaire | dún laoghaire - rathdown | leinster | 23857.0 | republic of ireland |
| 25.0 | llandudno | conwy | clwyd | 20090.0 | wales |
| 26.0 | larne | county antrim | ulster | 18228.0 | northern ireland |

==============current step===========
Thought 1: I need to determine the cities/towns in the Irish Sea region (Republic of Ireland, Northern Ireland, England, Wales, Isle of Man) and calculate the percentage within 10% of Dublin's population (505,739). The 10% range is 455,165.1 to 556,312.9.  
Action 1: Retrieve[Retrieve all rows in the table.]  
Observation 1: | rank | city / town | county | region / province | population | country |
| 1.0 | dublin | county dublin | leinster | 505739.0 | republic of ireland |
| 2.0 | liverpool | merseyside | north west | 447500.0 | england |
| 3.0 | belfast | county antrim | ulster | 276459.0 | northern ireland |
| 5.0 | blackpool | lancashire | north west | 142900.0 | england |
| 6.0 | southport | merseyside | north west | 99456.0 | england |
| 7.0 | birkenhead | merseyside | north west | 83729.0 | england |
| 8.0 | bangor | county down | ulster | 76851.0 | northern ireland |
| 9.0 | barrow - in - furness | cumbria | north west | 71980.0 | england |
| 10.0 | wallasey | merseyside | north west | 58710.0 | england |
| 11.0 | crosby | merseyside | north west | 51789.0 | england |
| 12.0 | morecambe | lancashire | north west | 45000.0 | england |
| 13.0 | lytham st annes | lancashire | north west | 41330.0 | england |
| 14.0 | drogheda | county louth | leinster | 35190.0 | republic of ireland |
| 15.0 | dundalk | county louth | leinster | 35085.0 | republic of ireland |
| 16.0 | rhyl | denbighshire | clwyd | 35000.0 | wales |
| 17.0 | bray | county wicklow | leinster | 31901.0 | republic of ireland |
| 18.0 | thornton - cleveleys | lancashire | north west | 31157.0 | england |
| 19.0 | colwyn bay | conwy | clwyd | 30265.0 | wales |
| 20.0 | carrickfergus | county antrim | ulster | 27201.0 | northern ireland |
| 21.0 | fleetwood | lancashire | north west | 26840.0 | england |
| 22.0 | douglas | n / a | isle of man | 26218.0 | isle of man |
| 20.0 | workington | cumbria | north west | 25978.0 | england |
| 23.0 | whitehaven | cumbria | north west | 25500.0 | england |
| 24.0 | dún laoghaire | dún laoghaire - rathdown | leinster | 23857.0 | republic of ireland |
| 25.0 | llandudno | conwy | clwyd | 20090.0 | wales |
| 26.0 | larne | county antrim | ulster | 18228.0 | northern ireland |
Thought 2: Identify cities/towns within the population range of 455,165.1 to 556,312.9. Only Dublin (505,739) falls within this range. Total cities/towns in the table: 26.  
Action 2: Calculate[Calculate (1/26)*100 to find the percentage.]  
Observation 2: 3.8461538461538463

==============current step===========
Thought 1: I need to determine the cities/towns in the Irish Sea region (Republic of Ireland, Northern Ireland, England, Wales, Isle of Man) and calculate the percentage within 10% of Dublin's population (505,739). The 10% range is 455,165.1 to 556,312.9.  
Action 1: Retrieve[Retrieve all rows in the table.]  
Observation 1: | rank | city / town | county | region / province | population | country |
| 1.0 | dublin | county dublin | leinster | 505739.0 | republic of ireland |
| 2.0 | liverpool | merseyside | north west | 447500.0 | england |
| 3.0 | belfast | county antrim | ulster | 276459.0 | northern ireland |
| 5.0 | blackpool | lancashire | north west | 142900.0 | england |
| 6.0 | southport | merseyside | north west | 99456.0 | england |
| 7.0 | birkenhead | merseyside | north west | 83729.0 | england |
| 8.0 | bangor | county down | ulster | 76851.0 | northern ireland |
| 9.0 | barrow - in - furness | cumbria | north west | 71980.0 | england |
| 10.0 | wallasey | merseyside | north west | 58710.0 | england |
| 11.0 | crosby | merseyside | north west | 51789.0 | england |
| 12.0 | morecambe | lancashire | north west | 45000.0 | england |
| 13.0 | lytham st annes | lancashire | north west | 41330.0 | england |
| 14.0 | drogheda | county louth | leinster | 35190.0 | republic of ireland |
| 15.0 | dundalk | county louth | leinster | 35085.0 | republic of ireland |
| 16.0 | rhyl | denbighshire | clwyd | 35000.0 | wales |
| 17.0 | bray | county wicklow | leinster | 31901.0 | republic of ireland |
| 18.0 | thornton - cleveleys | lancashire | north west | 31157.0 | england |
| 19.0 | colwyn bay | conwy | clwyd | 30265.0 | wales |
| 20.0 | carrickfergus | county antrim | ulster | 27201.0 | northern ireland |
| 21.0 | fleetwood | lancashire | north west | 26840.0 | england |
| 22.0 | douglas | n / a | isle of man | 26218.0 | isle of man |
| 20.0 | workington | cumbria | north west | 25978.0 | england |
| 23.0 | whitehaven | cumbria | north west | 25500.0 | england |
| 24.0 | dún laoghaire | dún laoghaire - rathdown | leinster | 23857.0 | republic of ireland |
| 25.0 | llandudno | conwy | clwyd | 20090.0 | wales |
| 26.0 | larne | county antrim | ulster | 18228.0 | northern ireland |
Thought 2: Identify cities/towns within the population range of 455,165.1 to 556,312.9. Only Dublin (505,739) falls within this range. Total cities/towns in the table: 26.  
Action 2: Calculate[Calculate (1/26)*100 to find the percentage.]  
Observation 2: 3.8461538461538463
Thought 3: The percentage of cities/towns in the Irish Sea region with a population within 10% of Dublin's is approximately 3.85%.  
Action 3: Finish[3.85%]

Finished Trial 1, Correct: 0, Incorrect: 1, Halted: 0

=== sample 27 id=crt-569 start ===
=== sample 27 returncode=0 end ===
/home/ubuntu/miniconda3/envs/lzz-agent/lib/python3.11/site-packages/langchain/__init__.py:29: UserWarning: Importing Wikipedia from langchain root module is no longer supported. Please use langchain.docstore.Wikipedia instead.
  warnings.warn(
/home/ubuntu/miniconda3/envs/lzz-agent/lib/python3.11/site-packages/langchain_core/_api/deprecation.py:119: LangChainDeprecationWarning: The class `DocstoreExplorer` was deprecated in LangChain 0.1.0 and will be removed in 0.3.0
  warn_deprecated(
==============current step===========
Thought 1: The table does not include data on Game of the Year awards, so I need to determine which games in the table won such awards using external knowledge.  
Action 1: Search[Super Smash Bros Melee Game of the Year]  
Observation 1: Super Smash Bros. Melee is a 2001 crossover fighting game developed by HAL Laboratory and published by Nintendo for the GameCube. It is the second installment in the Super Smash Bros. series. It features characters from Nintendo video game franchises such as Mario, The Legend of Zelda, Star Fox, Pokémon, and Donkey Kong among others. The stages and gameplay modes reference or take designs from these franchises as well.
Melee includes all playable characters from the first game and also adds characters from additional franchises such as Fire Emblem, of which no games had been released outside Japan at the time, in addition to new stages and gameplay modes. Like other games in the Smash Bros. series, Melee's gameplay system offers an unorthodox approach to the fighting game genre, with a counter that measures damage with increasing percentages, representing the knockback the character will experience, rather than the depleting health bar seen in most fighting games.
Melee was first released in Japan on November 21, 2001, in North America on December 3, 2001, in Europe on May 24, 2002, and Australia on May 31, 2002. The game received widespread acclaim from critics, earning praise for its visuals, simple controls, gameplay, and orchestrated soundtrack, as well as several awards and acknowledgments from various publications; it is now considered one of the greatest video games ever made. It achieved strong sales upon its release, becoming the GameCube's best-selling title, with over seven million copies sold by 2008. Considered one of the most competitively viable Smash Bros. games due to its fast-paced, aggressive gameplay and continuously developing metagame, Melee has been featured in many competitive gaming tournaments, boasting a dedicated grassroots fan community which has kept its competitive scene alive well beyond the game's original lifespan. It was followed by Super Smash Bros. Brawl for the Wii in 2008.

==============current step===========
Thought 1: The table does not include data on Game of the Year awards, so I need to determine which games in the table won such awards using external knowledge.  
Action 1: Search[Super Smash Bros Melee Game of the Year]  
Observation 1: Super Smash Bros. Melee is a 2001 crossover fighting game developed by HAL Laboratory and published by Nintendo for the GameCube. It is the second installment in the Super Smash Bros. series. It features characters from Nintendo video game franchises such as Mario, The Legend of Zelda, Star Fox, Pokémon, and Donkey Kong among others. The stages and gameplay modes reference or take designs from these franchises as well.
Melee includes all playable characters from the first game and also adds characters from additional franchises such as Fire Emblem, of which no games had been released outside Japan at the time, in addition to new stages and gameplay modes. Like other games in the Smash Bros. series, Melee's gameplay system offers an unorthodox approach to the fighting game genre, with a counter that measures damage with increasing percentages, representing the knockback the character will experience, rather than the depleting health bar seen in most fighting games.
Melee was first released in Japan on November 21, 2001, in North America on December 3, 2001, in Europe on May 24, 2002, and Australia on May 31, 2002. The game received widespread acclaim from critics, earning praise for its visuals, simple controls, gameplay, and orchestrated soundtrack, as well as several awards and acknowledgments from various publications; it is now considered one of the greatest video games ever made. It achieved strong sales upon its release, becoming the GameCube's best-selling title, with over seven million copies sold by 2008. Considered one of the most competitively viable Smash Bros. games due to its fast-paced, aggressive gameplay and continuously developing metagame, Melee has been featured in many competitive gaming tournaments, boasting a dedicated grassroots fan community which has kept its competitive scene alive well beyond the game's original lifespan. It was followed by Super Smash Bros. Brawl for the Wii in 2008.
Thought 2: Check if other games in the table won Game of the Year. For example, Halo 2 (2004) won Game of the Year from multiple outlets despite being on a single platform (Xbox). Similarly, Uncharted 2 (2009) won Game of the Year despite being PlayStation 3 exclusive. Mass Effect 2 (2010) was multi-platform (Xbox 360, Windows, PS3) and also won Game of the Year.  
Action 2: Search[Halo 2 Game of the Year]  
Observation 2: Halo: Campaign Evolved is a first-person shooter game developed by Halo Studios and published by Xbox Game Studios. It is a remake of the story component of Halo: Combat Evolved (2001), the first installment of the Halo franchise originally developed by Bungie for the Xbox console. The game was released for PlayStation 5, Windows and Xbox Series X/S on July 28, 2026.
Developed in Unreal Engine 5, Campaign Evolved features upgraded visuals and a reimagined mission set comprising redesigned and new levels, incorporating mechanics, weapons and narrative additions new to Combat Evolved in order to reflect subsequent Halo games. The story cinematics and audio were also remade, featuring re-recorded dialogue from the game's principal voice cast. The game does not include the original competitive multiplayer, but does support four-player online cooperative multiplayer in addition to two-player split-screen on consoles. Campaign Evolved will also support cross-platform play and cross-progression across all consoles and PC during online co-op.
343 Industries assumed control over the Halo franchise following the release of Bungie's Halo: Reach in 2010, debuting with the remastered Halo: Combat Evolved Anniversary (2011) for Xbox 360 before developing new mainline entries through Halo 4 in 2012. The development team restructured and rebranded to Halo Studios in 2024, simultaneously pivoting production of the series away from the proprietary Slipspace Engine used for Infinite towards Unreal Engine 5, and beginning work on Campaign Evolved as the inaugural game utilizing such technology as a means of introducing the series to new players in anticipation of a multiplatform release, a first for the franchise. The game was teased in October 2024 before being officially announced the following year. Campaign Evolved commemorates the 25th anniversary of both the Halo franchise and the Xbox platform it originated on.

==============current step===========
Thought 1: The table does not include data on Game of the Year awards, so I need to determine which games in the table won such awards using external knowledge.  
Action 1: Search[Super Smash Bros Melee Game of the Year]  
Observation 1: Super Smash Bros. Melee is a 2001 crossover fighting game developed by HAL Laboratory and published by Nintendo for the GameCube. It is the second installment in the Super Smash Bros. series. It features characters from Nintendo video game franchises such as Mario, The Legend of Zelda, Star Fox, Pokémon, and Donkey Kong among others. The stages and gameplay modes reference or take designs from these franchises as well.
Melee includes all playable characters from the first game and also adds characters from additional franchises such as Fire Emblem, of which no games had been released outside Japan at the time, in addition to new stages and gameplay modes. Like other games in the Smash Bros. series, Melee's gameplay system offers an unorthodox approach to the fighting game genre, with a counter that measures damage with increasing percentages, representing the knockback the character will experience, rather than the depleting health bar seen in most fighting games.
Melee was first released in Japan on November 21, 2001, in North America on December 3, 2001, in Europe on May 24, 2002, and Australia on May 31, 2002. The game received widespread acclaim from critics, earning praise for its visuals, simple controls, gameplay, and orchestrated soundtrack, as well as several awards and acknowledgments from various publications; it is now considered one of the greatest video games ever made. It achieved strong sales upon its release, becoming the GameCube's best-selling title, with over seven million copies sold by 2008. Considered one of the most competitively viable Smash Bros. games due to its fast-paced, aggressive gameplay and continuously developing metagame, Melee has been featured in many competitive gaming tournaments, boasting a dedicated grassroots fan community which has kept its competitive scene alive well beyond the game's original lifespan. It was followed by Super Smash Bros. Brawl for the Wii in 2008.
Thought 2: Check if other games in the table won Game of the Year. For example, Halo 2 (2004) won Game of the Year from multiple outlets despite being on a single platform (Xbox). Similarly, Uncharted 2 (2009) won Game of the Year despite being PlayStation 3 exclusive. Mass Effect 2 (2010) was multi-platform (Xbox 360, Windows, PS3) and also won Game of the Year.  
Action 2: Search[Halo 2 Game of the Year]  
Observation 2: Halo: Campaign Evolved is a first-person shooter game developed by Halo Studios and published by Xbox Game Studios. It is a remake of the story component of Halo: Combat Evolved (2001), the first installment of the Halo franchise originally developed by Bungie for the Xbox console. The game was released for PlayStation 5, Windows and Xbox Series X/S on July 28, 2026.
Developed in Unreal Engine 5, Campaign Evolved features upgraded visuals and a reimagined mission set comprising redesigned and new levels, incorporating mechanics, weapons and narrative additions new to Combat Evolved in order to reflect subsequent Halo games. The story cinematics and audio were also remade, featuring re-recorded dialogue from the game's principal voice cast. The game does not include the original competitive multiplayer, but does support four-player online cooperative multiplayer in addition to two-player split-screen on consoles. Campaign Evolved will also support cross-platform play and cross-progression across all consoles and PC during online co-op.
343 Industries assumed control over the Halo franchise following the release of Bungie's Halo: Reach in 2010, debuting with the remastered Halo: Combat Evolved Anniversary (2011) for Xbox 360 before developing new mainline entries through Halo 4 in 2012. The development team restructured and rebranded to Halo Studios in 2024, simultaneously pivoting production of the series away from the proprietary Slipspace Engine used for Infinite towards Unreal Engine 5, and beginning work on Campaign Evolved as the inaugural game utilizing such technology as a means of introducing the series to new players in anticipation of a multiplatform release, a first for the franchise. The game was teased in October 2024 before being officially announced the following year. Campaign Evolved commemorates the 25th anniversary of both the Halo franchise and the Xbox platform it originated on.
Thought 3: The search for Halo 2 Game of the Year returned information about a 2026 remaster, not the original 2004 game. From prior knowledge, Halo 2 (2004) won Game of the Year from outlets like GameSpot and IGN despite being Xbox-exclusive. Similarly, Uncharted 2 (2009) won Game of the Year as a PlayStation 3 exclusive. Mass Effect 2 (2010) won Game of the Year as a multi-platform title. This shows that both single-platform and multi-platform games can win Game of the Year, indicating no direct correlation.  
Action 3: Finish[No.]

Finished Trial 1, Correct: 1, Incorrect: 0, Halted: 0

=== sample 28 id=crt-10 start ===
=== sample 28 returncode=0 end ===
/home/ubuntu/miniconda3/envs/lzz-agent/lib/python3.11/site-packages/langchain/__init__.py:29: UserWarning: Importing Wikipedia from langchain root module is no longer supported. Please use langchain.docstore.Wikipedia instead.
  warnings.warn(
/home/ubuntu/miniconda3/envs/lzz-agent/lib/python3.11/site-packages/langchain_core/_api/deprecation.py:119: LangChainDeprecationWarning: The class `DocstoreExplorer` was deprecated in LangChain 0.1.0 and will be removed in 0.3.0
  warn_deprecated(
==============current step===========
Thought 1: I need to analyze the points (pts) for each year to determine the fluctuation.  
Action 1: Retrieve[Retrieve the 'year' and 'pts' columns.]  
Observation 1: | year | pts |
| 1988.0 | 5.0 |
| 1989.0 | 4.0 |
| 1989.0 | 4.0 |
| 1990.0 | 1.0 |
| 1991.0 | 0.0 |
| 1992.0 | 0.0 |

==============current step===========
Thought 1: I need to analyze the points (pts) for each year to determine the fluctuation.  
Action 1: Retrieve[Retrieve the 'year' and 'pts' columns.]  
Observation 1: | year | pts |
| 1988.0 | 5.0 |
| 1989.0 | 4.0 |
| 1989.0 | 4.0 |
| 1990.0 | 1.0 |
| 1991.0 | 0.0 |
| 1992.0 | 0.0 |
Thought 2: The points show a consistent decline from 5 in 1988 to 0 in 1991-1992, indicating a decrease over the years.  
Action 2: Finish[Decrease.]

Finished Trial 1, Correct: 1, Incorrect: 0, Halted: 0

=== sample 29 id=crt-176 start ===
=== sample 29 returncode=0 end ===
/home/ubuntu/miniconda3/envs/lzz-agent/lib/python3.11/site-packages/langchain/__init__.py:29: UserWarning: Importing Wikipedia from langchain root module is no longer supported. Please use langchain.docstore.Wikipedia instead.
  warnings.warn(
/home/ubuntu/miniconda3/envs/lzz-agent/lib/python3.11/site-packages/langchain_core/_api/deprecation.py:119: LangChainDeprecationWarning: The class `DocstoreExplorer` was deprecated in LangChain 0.1.0 and will be removed in 0.3.0
  warn_deprecated(
==============current step===========

==============current step===========

==============current step===========

Finished Trial 1, Correct: 0, Incorrect: 0, Halted: 1

=== sample 30 id=crt-136 start ===
=== sample 30 returncode=0 end ===
/home/ubuntu/miniconda3/envs/lzz-agent/lib/python3.11/site-packages/langchain/__init__.py:29: UserWarning: Importing Wikipedia from langchain root module is no longer supported. Please use langchain.docstore.Wikipedia instead.
  warnings.warn(
/home/ubuntu/miniconda3/envs/lzz-agent/lib/python3.11/site-packages/langchain_core/_api/deprecation.py:119: LangChainDeprecationWarning: The class `DocstoreExplorer` was deprecated in LangChain 0.1.0 and will be removed in 0.3.0
  warn_deprecated(
==============current step===========
Thought 1: I need to analyze the pattern of Daren Kagasoff's award recognitions (wins/nominations) over the years. The table shows entries from 2009 to 2012, with "won" once (2009) and "nominated" in subsequent years. Consistency would require recurring recognition (either wins or nominations) across multiple years.  
Action 1: Retrieve[Retrieve all rows where the result is "won" or "nominated".]  
Observation 1: | year | award | work | category | result |
| 2009.0 | teen choice awards | the secret life of the american teenager | choice summer tv star : male | won |
| 2009.0 | teen choice awards | the secret life of the american teenager | choice tv breakout star : male | nominated |
| 2010.0 | teen choice awards | the secret life of the american teenager | choice tv actor : drama | nominated |
| 2010.0 | teen choice awards | the secret life of the american teenager | choice summer tv star : male | nominated |
| 2011.0 | teen choice awards | the secret life of the american teenager | choice tv actor : drama | nominated |
| 2012.0 | teen choice awards | the secret life of the american teenager | choice summer tv star : male | nominated |

==============current step===========
Thought 1: I need to analyze the pattern of Daren Kagasoff's award recognitions (wins/nominations) over the years. The table shows entries from 2009 to 2012, with "won" once (2009) and "nominated" in subsequent years. Consistency would require recurring recognition (either wins or nominations) across multiple years.  
Action 1: Retrieve[Retrieve all rows where the result is "won" or "nominated".]  
Observation 1: | year | award | work | category | result |
| 2009.0 | teen choice awards | the secret life of the american teenager | choice summer tv star : male | won |
| 2009.0 | teen choice awards | the secret life of the american teenager | choice tv breakout star : male | nominated |
| 2010.0 | teen choice awards | the secret life of the american teenager | choice tv actor : drama | nominated |
| 2010.0 | teen choice awards | the secret life of the american teenager | choice summer tv star : male | nominated |
| 2011.0 | teen choice awards | the secret life of the american teenager | choice tv actor : drama | nominated |
| 2012.0 | teen choice awards | the secret life of the american teenager | choice summer tv star : male | nominated |
Thought 2: Daren Kagasoff received consistent recognition (either a win or nomination) every year from 2009 to 2012. This indicates that his performance was consistently acknowledged by award committees.  
Action 2: Finish[Yes.]

Finished Trial 1, Correct: 0, Incorrect: 1, Halted: 0

=== sample 31 id=crt-629 start ===
=== sample 31 returncode=0 end ===
/home/ubuntu/miniconda3/envs/lzz-agent/lib/python3.11/site-packages/langchain/__init__.py:29: UserWarning: Importing Wikipedia from langchain root module is no longer supported. Please use langchain.docstore.Wikipedia instead.
  warnings.warn(
/home/ubuntu/miniconda3/envs/lzz-agent/lib/python3.11/site-packages/langchain_core/_api/deprecation.py:119: LangChainDeprecationWarning: The class `DocstoreExplorer` was deprecated in LangChain 0.1.0 and will be removed in 0.3.0
  warn_deprecated(
==============current step===========
Thought 1: The table ranks nations from 1 to 8, and the "total" medals column shows decreasing values as rank increases. Since the rank directly correlates with the total medals (highest total first), the total medals are the determining factor for rank.  
Action 1: Finish[Yes.]

Finished Trial 1, Correct: 1, Incorrect: 0, Halted: 0

=== sample 32 id=crt-237 start ===
=== sample 32 returncode=0 end ===
/home/ubuntu/miniconda3/envs/lzz-agent/lib/python3.11/site-packages/langchain/__init__.py:29: UserWarning: Importing Wikipedia from langchain root module is no longer supported. Please use langchain.docstore.Wikipedia instead.
  warnings.warn(
/home/ubuntu/miniconda3/envs/lzz-agent/lib/python3.11/site-packages/langchain_core/_api/deprecation.py:119: LangChainDeprecationWarning: The class `DocstoreExplorer` was deprecated in LangChain 0.1.0 and will be removed in 0.3.0
  warn_deprecated(
